SNP,SNP_marker,chr,pos,start,end
6,chr1:1491,1,1491,1491,1491
22,chr1:29787,1,29787,29752,29787
51,chr1:68621,1,68621,62308,69417
82,chr1:106800,1,106800,106011,116283
254,chr2:74739,2,74739,72389,74739
260,chr2:83845,2,83845,79931,83845
264,chr2:87391,2,87391,84447,87878
265,chr2:87562,2,87562,84447,87878
268,chr2:88125,2,88125,88125,88125
274,chr2:95085,2,95085,89785,95085
277,chr2:111645,2,111645,103188,116024
280,chr2:111999,2,111999,103188,116024
282,chr2:116024,2,116024,103188,116024
344,chr2:166404,2,166404,166404,166404
369,chr2:191124,2,191124,191124,191128
370,chr2:191128,2,191128,191124,191128
527,chr2:393340,2,393340,393340,395042
537,chr2:400847,2,400847,395228,405100
551,chr2:409016,2,409016,406181,418057
556,chr2:422349,2,422349,419803,425467
575,chr2:455029,2,455029,429095,455247
598,chr2:476732,2,476732,464424,477508
648,chr2:538868,2,538868,530047,538990
649,chr2:538990,2,538990,530047,538990
653,chr2:542505,2,542505,542505,552681
654,chr2:544518,2,544518,542505,552681
657,chr2:544962,2,544962,542505,552681
658,chr2:552681,2,552681,542505,552681
660,chr2:553949,2,553949,553949,558703
667,chr2:562919,2,562919,562919,564751
779,chr2:707848,2,707848,705106,712761
789,chr2:717833,2,717833,712877,717833
792,chr2:718598,2,718598,718552,720641
793,chr2:718839,2,718839,718552,720641
797,chr2:722169,2,722169,722169,723281
798,chr2:723281,2,723281,722169,723281
819,chr2:744466,2,744466,725477,747212
905,chr3:1933,3,1933,1886,1933
910,chr3:3277,3,3277,3249,3277
911,chr3:3939,3,3939,3939,3939
915,chr3:6078,3,6078,6078,6190
917,chr3:7958,3,7958,7958,7958
920,chr3:9047,3,9047,8528,9047
924,chr3:16356,3,16356,14069,21337
925,chr3:21337,3,21337,14069,21337
928,chr3:25563,3,25563,25563,27063
968,chr3:64656,3,64656,59518,64656
977,chr3:75503,3,75503,67277,76147
981,chr3:78480,3,78480,78480,78480
1088,chr3:197297,3,197297,156729,198615
1093,chr3:198615,3,198615,156729,198615
1095,chr3:203261,3,203261,203261,204903
1096,chr3:204854,3,204854,203261,204903
1097,chr3:204897,3,204897,203261,204903
1099,chr3:207966,3,207966,207966,208702
1103,chr3:208234,3,208234,207966,208702
1142,chr3:247158,3,247158,242578,247158
1147,chr3:251255,3,251255,248454,259458
1210,chr3:292662,3,292662,292662,292662
1211,chr3:292718,3,292718,292718,292718
1505,chr4:232306,4,232306,232306,232306
1784,chr4:520430,4,520430,520430,520430
1850,chr4:551365,4,551365,544372,551365
1920,chr4:605918,4,605918,593358,605918
2015,chr4:698339,4,698339,689337,713555
2180,chr4:877779,4,877779,871622,877784
2274,chr4:956734,4,956734,956734,969630
2275,chr4:957589,4,957589,956734,969630
2312,chr4:979983,4,979983,973283,1045331
2523,chr4:1305853,4,1305853,1291435,1307383
2525,chr4:1306509,4,1306509,1291435,1307383
2528,chr4:1311626,4,1311626,1311626,1330149
2530,chr4:1316036,4,1316036,1311626,1330149
2752,chr4:1521818,4,1521818,1521818,1521818
2847,chr5:33720,5,33720,32038,38677
2858,chr5:38200,5,38200,32038,38677
2862,chr5:39894,5,39894,39894,39894
2866,chr5:44304,5,44304,41075,59261
2926,chr5:90716,5,90716,87323,93878
2936,chr5:98040,5,98040,97629,99489
3045,chr5:216840,5,216840,214406,217319
3064,chr5:223004,5,223004,218253,223127
3066,chr5:225231,5,225231,225231,225280
3070,chr5:225569,5,225569,225400,225569
3071,chr5:225774,5,225774,225774,225774
3072,chr5:227110,5,227110,227110,241225
3099,chr5:249350,5,249350,245951,249350
3100,chr5:249522,5,249522,249522,249522
3104,chr5:251602,5,251602,251602,258078
3105,chr5:251756,5,251756,251602,258078
3126,chr5:268236,5,268236,266246,268374
3129,chr5:271971,5,271971,269900,274156
3134,chr5:274156,5,274156,269900,274156
3136,chr5:274280,5,274280,274280,285154
3137,chr5:274601,5,274601,274280,285154
3139,chr5:279640,5,279640,274280,285154
3140,chr5:279872,5,279872,274280,285154
3141,chr5:283807,5,283807,274280,285154
3142,chr5:284696,5,284696,274280,285154
3143,chr5:285154,5,285154,274280,285154
3144,chr5:290040,5,290040,290040,290040
3147,chr5:290932,5,290932,290243,310175
3148,chr5:293310,5,293310,290243,310175
3251,chr5:465043,5,465043,463004,469404
3357,chr5:561193,5,561193,555454,561227
3363,chr5:561292,5,561292,561259,561510
3369,chr5:561379,5,561379,561259,561510
3445,chr5:563565,5,563565,563452,563580
3563,chr5:565800,5,565800,565722,565808
3745,chr6:167610,6,167610,166074,167705
3755,chr6:175273,6,175273,168572,179311
3757,chr6:179311,6,179311,168572,179311
3759,chr6:180643,6,180643,180643,191665
3815,chr6:245506,6,245506,229335,245636
3817,chr6:245636,6,245636,229335,245636
3847,chr6:268613,6,268613,264000,270091
3871,chr7:17702,7,17702,17702,17702
3910,chr7:45353,7,45353,45353,45353
3951,chr7:92844,7,92844,90591,102167
4097,chr7:307209,7,307209,307209,307221
4098,chr7:307221,7,307221,307209,307221
4116,chr7:326269,7,326269,326269,326269
4198,chr7:408316,7,408316,407454,409806
4206,chr7:412555,7,412555,409847,412555
4209,chr7:412717,7,412717,412717,414263
4223,chr7:417241,7,417241,414290,433131
4275,chr7:458896,7,458896,454664,458995
4282,chr7:462915,7,462915,460296,467497
4285,chr7:467332,7,467332,460296,467497
4286,chr7:467497,7,467497,460296,467497
4290,chr7:469647,7,469647,469647,508787
4291,chr7:469734,7,469734,469647,508787
4528,chr7:739112,7,739112,738918,739354
4529,chr7:739245,7,739245,738918,739354
4530,chr7:739354,7,739354,738918,739354
4532,chr7:753356,7,753356,751217,762575
4533,chr7:754860,7,754860,751217,762575
4545,chr7:779852,7,779852,776465,784494
4551,chr7:785665,7,785665,785343,789160
4571,chr7:798650,7,798650,796731,806826
4647,chr7:876941,7,876941,876941,876941
4657,chr7:885849,7,885849,885849,885849
4732,chr7:951285,7,951285,951285,951285
4852,chr8:24772,8,24772,13662,35378
4891,chr8:56351,8,56351,50901,56351
4893,chr8:56424,8,56424,56423,56424
4900,chr8:62723,8,62723,59614,63915
4901,chr8:63915,8,63915,59614,63915
4904,chr8:65889,8,65889,64505,65889
4909,chr8:71740,8,71740,68955,71830
4913,chr8:72021,8,72021,72011,72021
4914,chr8:74739,8,74739,74739,74975
4972,chr8:120385,8,120385,110021,122655
4976,chr8:122347,8,122347,110021,122655
4978,chr8:122655,8,122655,110021,122655
5311,chr8:452328,8,452328,452309,452328
5317,chr8:455783,8,455783,455745,461438
5415,chr8:531108,8,531108,531108,531108
5618,chr9:144955,9,144955,128717,144955
5668,chr9:198256,9,198256,197752,198256
5671,chr9:198850,9,198850,198339,204151
5678,chr9:204151,9,204151,198339,204151
5693,chr9:226182,9,226182,210740,240673
5704,chr9:242937,9,242937,242937,243866
5713,chr9:243786,9,243786,242937,243866
5716,chr9:243951,9,243951,243951,243951
5721,chr9:244863,9,244863,244149,245890
5732,chr9:249625,9,249625,249562,254003
5734,chr9:250484,9,250484,249562,254003
5735,chr9:250581,9,250581,249562,254003
5736,chr9:251030,9,251030,249562,254003
5741,chr9:254003,9,254003,249562,254003
5745,chr9:254108,9,254108,254025,257350
5747,chr9:254311,9,254311,254025,257350
5750,chr9:254355,9,254355,254025,257350
5766,chr9:257575,9,257575,257480,258900
5776,chr9:260947,9,260947,260947,260947
5779,chr9:261156,9,261156,260986,267785
5780,chr9:264604,9,264604,260986,267785
5792,chr9:270121,9,270121,270121,270121
5793,chr9:270686,9,270686,270686,270686
6039,chr10:114907,10,114907,114907,114907
6174,chr10:314882,10,314882,302826,340762
6201,chr10:359824,10,359824,359824,359824
6430,chr10:618031,10,618031,611690,619631
6437,chr10:620344,10,620344,620344,620344
6983,chr11:191520,11,191520,146291,195507
6985,chr11:195507,11,195507,146291,195507
6987,chr11:196560,11,196560,196560,201652
6988,chr11:196565,11,196565,196560,201652
6989,chr11:196914,11,196914,196560,201652
7033,chr11:234262,11,234262,234262,234262
7076,chr11:285782,11,285782,285019,303479
7077,chr11:286321,11,286321,285019,303479
7078,chr11:294571,11,294571,285019,303479
7084,chr11:307267,11,307267,307267,307267
7115,chr11:350701,11,350701,338730,350701
7123,chr11:355187,11,355187,352832,358455
7128,chr11:360267,11,360267,360267,369257
7226,chr11:463846,11,463846,460484,464832
7430,chr12:19930,12,19930,19930,19933
7455,chr12:37884,12,37884,20883,65441
7481,chr12:82740,12,82740,82740,84341
7484,chr12:87080,12,87080,87080,87275
7936,chr12:547680,12,547680,547680,547680
7983,chr12:570923,12,570923,568225,599143
8187,chr12:837460,12,837460,829553,843963
8218,chr12:873682,12,873682,873682,873682
8367,chr12:1019132,12,1019132,1019116,1019132
8471,chr13:69500,13,69500,66821,97472
8515,chr13:92384,13,92384,66821,97472
8520,chr13:97628,13,97628,97628,98766
8522,chr13:99275,13,99275,99275,99275
8616,chr13:248552,13,248552,234266,254919
8623,chr13:261178,13,261178,256853,263341
8629,chr13:268101,13,268101,268101,268108
8633,chr13:268402,13,268402,268336,302918
8638,chr13:278674,13,278674,268336,302918
8689,chr13:353678,13,353678,353678,353678
8774,chr13:459157,13,459157,426996,489572
8778,chr13:463519,13,463519,426996,489572
8792,chr13:489572,13,489572,426996,489572
8794,chr13:489756,13,489756,489756,489758
8795,chr13:489758,13,489758,489756,489758
8797,chr13:491360,13,491360,491360,503363
8799,chr13:495175,13,495175,491360,503363
8802,chr13:500062,13,500062,491360,503363
8804,chr13:500701,13,500701,491360,503363
8805,chr13:501075,13,501075,491360,503363
8807,chr13:503363,13,503363,491360,503363
8810,chr13:505070,13,505070,503653,535737
8815,chr13:509480,13,509480,503653,535737
8816,chr13:509524,13,509524,503653,535737
8894,chr13:573670,13,573670,559009,587156
8898,chr13:577143,13,577143,559009,587156
8905,chr13:588567,13,588567,588567,588570
9090,chr13:738123,13,738123,723430,751466
9266,chr14:7114,14,7114,7114,7114
9283,chr14:37934,14,37934,33990,49825
9427,chr14:220803,14,220803,198392,250690
9430,chr14:228904,14,228904,198392,250690
9431,chr14:233872,14,233872,198392,250690
9433,chr14:237449,14,237449,198392,250690
9438,chr14:241965,14,241965,198392,250690
9441,chr14:250138,14,250138,198392,250690
9446,chr14:257173,14,257173,256840,257173
9465,chr14:303906,14,303906,301186,332647
9541,chr14:394591,14,394591,394591,410127
9553,chr14:408355,14,408355,394591,410127
9554,chr14:409447,14,409447,394591,410127
9574,chr14:441268,14,441268,441268,441268
9717,chr14:599354,14,599354,599354,599392
9718,chr14:599392,14,599392,599354,599392
9793,chr14:642445,14,642445,634460,650841
9955,chr14:752737,14,752737,752591,752737
9956,chr14:753367,14,753367,753367,763982
9960,chr14:754226,14,754226,753367,763982
9968,chr14:754592,14,754592,753367,763982
9995,chr14:774450,14,774450,774450,774450
10002,chr14:781379,14,781379,781379,781379
10023,chr15:24671,15,24671,24667,28873
10024,chr15:24674,15,24674,24667,28873
10040,chr15:31211,15,31211,31211,31211
10104,chr15:93845,15,93845,93845,93845
10182,chr15:168558,15,168558,165912,185252
10190,chr15:171150,15,171150,165912,185252
10204,chr15:185793,15,185793,185793,185793
10207,chr15:188149,15,188149,187949,188149
10208,chr15:194895,15,194895,194895,195381
10210,chr15:195072,15,195072,194895,195381
10211,chr15:195091,15,195091,194895,195381
10212,chr15:195381,15,195381,194895,195381
10213,chr15:197493,15,197493,197493,203284
10214,chr15:202330,15,202330,197493,203284
10216,chr15:203091,15,203091,197493,203284
10220,chr15:204722,15,204722,204722,204722
10222,chr15:206850,15,206850,206850,216217
10224,chr15:211986,15,211986,206850,216217
10227,chr15:216217,15,216217,206850,216217
10228,chr15:216270,15,216270,216270,216270
10229,chr15:216273,15,216273,216273,216273
10233,chr15:217434,15,217434,217434,218248
10234,chr15:217612,15,217612,217434,218248
10262,chr15:238354,15,238354,238354,238354
10389,chr15:385213,15,385213,385213,385213
10415,chr15:422808,15,422808,421830,425338
10417,chr15:425338,15,425338,421830,425338
10419,chr15:426624,15,426624,426624,426624
10420,chr15:427668,15,427668,427668,427668
10429,chr15:442681,15,442681,430047,447362
10430,chr15:443566,15,443566,430047,447362
10438,chr15:448815,15,448815,448815,448831
10456,chr15:462740,15,462740,462740,462740
10479,chr15:483470,15,483470,483470,486874
10480,chr15:484698,15,484698,483470,486874
10482,chr15:487554,15,487554,487554,488538
10508,chr15:525000,15,525000,491013,535075
10842,chr15:859618,15,859618,841040,860696
10848,chr15:863468,15,863468,861655,876366
10853,chr15:867290,15,867290,861655,876366
10855,chr15:870871,15,870871,861655,876366
10861,chr15:877112,15,877112,877112,877112
10862,chr15:880049,15,880049,880049,888555
10865,chr15:887134,15,887134,880049,888555
10866,chr15:887279,15,887279,880049,888555
11141,chr16:56655,16,56655,56451,56655
11273,chr16:156560,16,156560,143053,163842
11373,chr16:225111,16,225111,214724,244227
11377,chr16:228836,16,228836,214724,244227
11395,chr16:246835,16,246835,246835,246835
11540,chr16:385700,16,385700,385700,404629
11542,chr16:388383,16,388383,385700,404629
11694,chr16:585943,16,585943,572464,593213
11699,chr16:586993,16,586993,572464,593213
11701,chr16:587395,16,587395,572464,593213
11704,chr16:587778,16,587778,572464,593213
11711,chr16:591786,16,591786,572464,593213
11744,chr16:622910,16,622910,622910,631047
11873,chr16:786427,16,786427,786427,786427
11897,chr16:823324,16,823324,787485,836372
11898,chr16:823418,16,823418,787485,836372
11899,chr16:825433,16,825433,787485,836372
11900,chr16:827031,16,827031,787485,836372
11901,chr16:828223,16,828223,787485,836372
11903,chr16:831753,16,831753,787485,836372
11904,chr16:833135,16,833135,787485,836372
11905,chr16:834908,16,834908,787485,836372
11908,chr16:835149,16,835149,787485,836372
11909,chr16:835414,16,835414,787485,836372
11910,chr16:836372,16,836372,787485,836372
11912,chr16:839159,16,839159,839159,840560
11915,chr16:840461,16,840461,839159,840560
11917,chr16:840628,16,840628,840628,840653
11918,chr16:840653,16,840653,840628,840653
11920,chr16:841684,16,841684,841449,850422
11921,chr16:842949,16,842949,841449,850422
11922,chr16:843618,16,843618,841449,850422
11924,chr16:850422,16,850422,841449,850422
11926,chr16:857866,16,857866,857866,859953
11927,chr16:858788,16,858788,857866,859953
11928,chr16:858824,16,858824,857866,859953
11929,chr16:859747,16,859747,857866,859953
11931,chr16:860239,16,860239,860239,860239
11932,chr16:862181,16,862181,862181,867326
11934,chr16:863372,16,863372,862181,867326
11935,chr16:863978,16,863978,862181,867326
11938,chr16:864283,16,864283,862181,867326
11940,chr16:867326,16,867326,862181,867326
11942,chr16:869725,16,869725,869725,873367
11943,chr16:870388,16,870388,869725,873367
11944,chr16:873212,16,873212,869725,873367
11945,chr16:873246,16,873246,869725,873367
11946,chr16:873367,16,873367,869725,873367
11948,chr16:879475,16,879475,879475,884119
