SNP_marker,chr,pos,start,end
chr1:1074,1,1074,1074,1074
chr1:1470,1,1470,1470,1470
chr1:27561,1,27561,27561,27561
chr1:27816,1,27816,27816,31435
chr1:27822,1,27822,27816,31435
chr1:27823,1,27823,27816,31435
chr1:27825,1,27825,27816,31435
chr1:29283,1,29283,29283,29283
chr1:30479,1,30479,30479,30479
chr1:36146,1,36146,28495,41499
chr1:37255,1,37255,36146,37478
chr1:45634,1,45634,45634,45634
chr1:69821,1,69821,69821,69821
chr1:70906,1,70906,70906,70906
chr1:84701,1,84701,83284,89616
chr1:87445,1,87445,83284,93789
chr1:112742,1,112742,112549,114628
chr1:113050,1,113050,112549,114628
chr1:113135,1,113135,112549,114628
chr1:128911,1,128911,127853,128911
chr1:185469,1,185469,183802,186896
chr1:185954,1,185954,183802,186896
chr1:186896,1,186896,183802,186896
chr1:187697,1,187697,187697,187697
chr1:190148,1,190148,190132,190169
chr1:197325,1,197325,194187,197392
chr1:206666,1,206666,206666,206675
chr2:9418,2,9418,9418,9418
chr2:9812,2,9812,8250,28209
chr2:10135,2,10135,8250,28209
chr2:24341,2,24341,8250,28695
chr2:59755,2,59755,59755,59755
chr2:61071,2,61071,50915,67976
chr2:61675,2,61675,50915,67976
chr2:79931,2,79931,79931,87849
chr2:84412,2,84412,84412,84412
chr2:93952,2,93952,80873,103188
chr2:119246,2,119246,119244,123100
chr2:119247,2,119247,119244,123100
chr2:128935,2,128935,123100,136173
chr2:133943,2,133943,133355,136173
chr2:135925,2,135925,127887,141545
chr2:140863,2,140863,133355,147946
chr2:145823,2,145823,138209,147946
chr2:145980,2,145980,138318,150394
chr2:161229,2,161229,159870,165675
chr2:161451,2,161451,161451,161451
chr2:164166,2,164166,161229,169651
chr2:165270,2,165270,161229,171254
chr2:165675,2,165675,161229,171254
chr2:168012,2,168012,164166,171254
chr2:184146,2,184146,182758,192390
chr2:191599,2,191599,182758,192390
chr2:195759,2,195759,195759,204179
chr2:197598,2,197598,197598,197598
chr2:205965,2,205965,196912,215016
chr2:207561,2,207561,196912,215016
chr2:210102,2,210102,198110,215016
chr2:218876,2,218876,215016,252305
chr2:258311,2,258311,252305,268086
chr2:279910,2,279910,274614,287187
chr2:283431,2,283431,274614,287187
chr2:283573,2,283573,274614,288379
chr2:286762,2,286762,274614,288379
chr2:296073,2,296073,294941,301710
chr2:296082,2,296082,294941,301710
chr2:296198,2,296198,296198,296198
chr2:299680,2,299680,294941,304691
chr2:309402,2,309402,308097,312659
chr2:340466,2,340466,333006,340466
chr2:342440,2,342440,342440,342440
chr2:344347,2,344347,344347,350086
chr2:369788,2,369788,369788,369788
chr2:372919,2,372919,363190,384955
chr2:373518,2,373518,363190,387301
chr2:376172,2,376172,363190,390138
chr2:389428,2,389428,389425,389428
chr2:395853,2,395853,395228,410647
chr2:419803,2,419803,406688,429095
chr2:432524,2,432524,425467,441927
chr2:441927,2,441927,429095,446471
chr2:446471,2,446471,434090,450017
chr2:451784,2,451784,449325,457298
chr2:455029,2,455029,451779,465824
chr2:474141,2,474141,464424,484021
chr2:477272,2,477272,470145,486033
chr2:483628,2,483628,472403,488757
chr2:486970,2,486970,486970,486970
chr2:488757,2,488757,479414,491316
chr2:498324,2,498324,495558,510140
chr2:500276,2,500276,495558,510140
chr2:501746,2,501746,495558,510140
chr2:507491,2,507491,498324,524731
chr2:510017,2,510017,498324,524731
chr2:510140,2,510140,498324,524731
chr2:517548,2,517548,505207,530047
chr2:517869,2,517869,505207,530047
chr2:518106,2,518106,505207,530047
chr2:518133,2,518133,505207,530047
chr2:518385,2,518385,505207,530047
chr2:518844,2,518844,505207,530047
chr2:523217,2,523217,505207,530047
chr2:524731,2,524731,507274,530047
chr2:528468,2,528468,517548,538868
chr2:528729,2,528729,528729,528729
chr2:530047,2,530047,517548,538990
chr2:533672,2,533672,528468,538990
chr2:538990,2,538990,530047,542505
chr2:541028,2,541028,541028,541028
chr2:541047,2,541047,541047,541047
chr2:541054,2,541054,541054,541054
chr2:542505,2,542505,538868,544962
chr2:544518,2,544518,538868,544962
chr2:552681,2,552681,552681,558703
chr2:553512,2,553512,553512,553512
chr2:553949,2,553949,552681,558703
chr2:555633,2,555633,552681,558703
chr2:556553,2,556553,552681,567339
chr2:571328,2,571328,571328,571328
chr2:571362,2,571362,567265,579042
chr2:573624,2,573624,567265,594044
chr2:583485,2,583485,583485,583485
chr2:599004,2,599004,591631,619593
chr2:618987,2,618987,592643,630554
chr2:630554,2,630554,618987,633859
chr2:643488,2,643488,643488,643488
chr2:662669,2,662669,657722,662669
chr2:679565,2,679565,671051,682239
chr2:690583,2,690583,680493,701195
chr2:694474,2,694474,680493,701195
chr2:698030,2,698030,682076,701195
chr2:699889,2,699889,682239,701195
chr2:712783,2,712783,712783,712783
chr2:718839,2,718839,707207,725577
chr2:723281,2,723281,717833,734586
chr2:723663,2,723663,723663,723663
chr2:725577,2,725577,717833,734586
chr2:757162,2,757162,757162,757162
chr2:773703,2,773703,773703,773703
chr2:780187,2,780187,772699,791790
chr2:780425,2,780425,780425,780425
chr2:782605,2,782605,772699,791790
chr2:786434,2,786434,777253,792233
chr2:801665,2,801665,801661,801665
chr2:801689,2,801689,801689,801690
chr3:658,3,658,658,658
chr3:757,3,757,757,757
chr3:780,3,780,780,780
chr3:2644,3,2644,1349,5784
chr3:4582,3,4582,2644,5784
chr3:4794,3,4794,2644,4794
chr3:7958,3,7958,6078,21337
chr3:25563,3,25563,16356,31109
chr3:56833,3,56833,56833,56833
chr3:63929,3,63929,61460,67277
chr3:75863,3,75863,72402,76147
chr3:76147,3,76147,72402,76147
chr3:79867,3,79867,79867,92716
chr3:80341,3,80341,79867,92716
chr3:80444,3,80444,79867,92716
chr3:82706,3,82706,82706,82706
chr3:84195,3,84195,84195,92671
chr3:84421,3,84421,84421,84421
chr3:84735,3,84735,84735,92716
chr3:84766,3,84766,84766,84766
chr3:84800,3,84800,84800,84800
chr3:84802,3,84802,84802,84803
chr3:84803,3,84803,84802,84803
chr3:84937,3,84937,84937,84937
chr3:90723,3,90723,90723,90727
chr3:90725,3,90725,90723,90727
chr3:92556,3,92556,79867,96560
chr3:92716,3,92716,79867,95493
chr3:92744,3,92744,92744,92744
chr3:95493,3,95493,92556,101814
chr3:96560,3,96560,92556,101814
chr3:101685,3,101685,95493,105429
chr3:114371,3,114371,111179,126954
chr3:136656,3,136656,126125,158006
chr3:143428,3,143428,131971,158006
chr3:151544,3,151544,151520,151549
chr3:151550,3,151550,151550,151550
chr3:152080,3,152080,131971,158006
chr3:168031,3,168031,163856,189158
chr3:186935,3,186935,165283,197297
chr3:188979,3,188979,168031,198615
chr3:189025,3,189025,168031,198615
chr3:189052,3,189052,168031,198615
chr3:190765,3,190765,177081,198615
chr3:195779,3,195779,186935,204903
chr3:196680,3,196680,186935,204903
chr3:196733,3,196733,186935,204903
chr3:197297,3,197297,186935,204903
chr3:198615,3,198615,188758,204903
chr3:201026,3,201026,198615,201026
chr3:203261,3,203261,195779,204903
chr3:204854,3,204854,195779,204903
chr3:204897,3,204897,195779,204903
chr3:212095,3,212095,211348,212095
chr3:214156,3,214156,214156,214156
chr3:237105,3,237105,233663,241126
chr3:242447,3,242447,242447,242447
chr3:242578,3,242578,238714,248454
chr3:245238,3,245238,238714,248454
chr3:247158,3,247158,241126,249928
chr3:251255,3,251255,248454,259020
chr3:251274,3,251274,248454,259020
chr3:252801,3,252801,249928,259458
chr3:256593,3,256593,251255,261281
chr3:257462,3,257462,251255,261281
chr3:258343,3,258343,251255,262631
chr3:258579,3,258579,251255,262631
chr3:260010,3,260010,260010,260010
chr3:272925,3,272925,265059,285299
chr3:278791,3,278791,265059,290417
chr3:282537,3,282537,267625,297295
chr3:284743,3,284743,267625,297295
chr3:285299,3,285299,267625,297295
chr3:285659,3,285659,267625,297295
chr3:286180,3,286180,273446,297295
chr3:286440,3,286440,273446,297295
chr3:286652,3,286652,273631,297295
chr3:290527,3,290527,282537,302380
chr3:292662,3,292662,292662,292662
chr3:292718,3,292718,292718,292718
chr3:293855,3,293855,293842,293855
chr3:299460,3,299460,289803,307046
chr3:306783,3,306783,306783,306783
chr3:307149,3,307149,307149,307149
chr4:2228,4,2228,2228,2230
chr4:16673,4,16673,16673,16673
chr4:21871,4,21871,20302,29835
chr4:27059,4,27059,21871,29835
chr4:32140,4,32140,29835,32140
chr4:38160,4,38160,34142,49675
chr4:43687,4,43687,37106,52141
chr4:43708,4,43708,37106,52141
chr4:43823,4,43823,37106,51859
chr4:48267,4,48267,37106,56089
chr4:48617,4,48617,37106,60023
chr4:48723,4,48723,37106,60023
chr4:49408,4,49408,37106,60460
chr4:49675,4,49675,38160,60460
chr4:51735,4,51735,43687,60460
chr4:51859,4,51859,43687,60460
chr4:52093,4,52093,43687,60460
chr4:52141,4,52141,43687,60460
chr4:53342,4,53342,46065,61772
chr4:55290,4,55290,48267,62324
chr4:56089,4,56089,48267,62324
chr4:57719,4,57719,48617,62324
chr4:61772,4,61772,53342,62324
chr4:62324,4,62324,55290,66159
chr4:68911,4,68911,65329,85322
chr4:70129,4,70129,65329,85322
chr4:70552,4,70552,65329,85322
chr4:71282,4,71282,65329,85322
chr4:72324,4,72324,65329,85322
chr4:77245,4,77245,65329,86904
chr4:82080,4,82080,68860,86904
chr4:84004,4,84004,68860,90424
chr4:84897,4,84897,68860,90554
chr4:86424,4,86424,74160,92317
chr4:86904,4,86904,76499,92317
chr4:90193,4,90193,83947,102509
chr4:96325,4,96325,90193,103991
chr4:98990,4,98990,90193,103991
chr4:102705,4,102705,90554,106371
chr4:105908,4,105908,102509,123976
chr4:108510,4,108510,105908,127323
chr4:132281,4,132281,108791,143484
chr4:135298,4,135298,123976,148075
chr4:136069,4,136069,123193,149678
chr4:143484,4,143484,132281,156963
chr4:147035,4,147035,135298,156963
chr4:149162,4,149162,149162,149162
chr4:149678,4,149678,135873,158426
chr4:160842,4,160842,160842,168256
chr4:167204,4,167204,160842,180121
chr4:178032,4,178032,167204,196790
chr4:211612,4,211612,203027,228580
chr4:212428,4,212428,204037,213950
chr4:217566,4,217566,204037,234536
chr4:218148,4,218148,217566,228580
chr4:223356,4,223356,204037,238194
chr4:228580,4,228580,211612,238194
chr4:234153,4,234153,217566,243657
chr4:234536,4,234536,217566,243657
chr4:257828,4,257828,243657,264432
chr4:267372,4,267372,259994,271787
chr4:268855,4,268855,259994,271787
chr4:270158,4,270158,264432,271787
chr4:271035,4,271035,264432,275191
chr4:271787,4,271787,265022,279037
chr4:274059,4,274059,271035,283830
chr4:274870,4,274870,274059,283830
chr4:275715,4,275715,271787,283830
chr4:276820,4,276820,271787,283830
chr4:280703,4,280703,274059,285568
chr4:280859,4,280859,274059,285568
chr4:293190,4,293190,283830,303011
chr4:307387,4,307387,302611,314015
chr4:351322,4,351322,351322,356541
chr4:355411,4,355411,353020,356853
chr4:368457,4,368457,368078,372110
chr4:369403,4,369403,368078,372110
chr4:382176,4,382176,375648,390909
chr4:383443,4,383443,376511,390909
chr4:383485,4,383485,382176,384607
chr4:383923,4,383923,383923,383923
chr4:384094,4,384094,375688,390909
chr4:384607,4,384607,375648,390909
chr4:390909,4,390909,380252,397927
chr4:397927,4,397927,390909,405368
chr4:405368,4,405368,397927,408981
chr4:411785,4,411785,411785,411785
chr4:428805,4,428805,428805,428805
chr4:452907,4,452907,452907,452907
chr4:471707,4,471707,454913,482653
chr4:476181,4,476181,445208,501469
chr4:476291,4,476291,462685,487957
chr4:480076,4,480076,450801,504419
chr4:481074,4,481074,450801,504419
chr4:482653,4,482653,466223,501469
chr4:485454,4,485454,466223,504419
chr4:487957,4,487957,472918,504419
chr4:498734,4,498734,472918,512749
chr4:504047,4,504047,481074,521148
chr4:512749,4,512749,487562,521148
chr4:520430,4,520430,520430,520430
chr4:520560,4,520560,512749,521148
chr4:520568,4,520568,512749,521148
chr4:538009,4,538009,537994,538009
chr4:538069,4,538069,538030,538069
chr4:538120,4,538120,538120,538120
chr4:538174,4,538174,538174,538183
chr4:542558,4,542558,542558,542558
chr4:544142,4,544142,544142,544142
chr4:544372,4,544372,538198,549461
chr4:547876,4,547876,538294,549461
chr4:558812,4,558812,553181,571075
chr4:560996,4,560996,560996,560996
chr4:562709,4,562709,554056,575468
chr4:575468,4,575468,562709,590025
chr4:576758,4,576758,563928,591983
chr4:578506,4,578506,563928,591983
chr4:578512,4,578512,563928,591983
chr4:579070,4,579070,563928,592839
chr4:584486,4,584486,565447,592839
chr4:590025,4,590025,574801,594369
chr4:590826,4,590826,574801,597710
chr4:590984,4,590984,574801,597710
chr4:591356,4,591356,576758,597710
chr4:591435,4,591435,576758,597710
chr4:591697,4,591697,588662,592839
chr4:591983,4,591983,576758,597710
chr4:592539,4,592539,592539,592539
chr4:592980,4,592980,592980,592980
chr4:592981,4,592981,592981,592981
chr4:593354,4,593354,593354,593354
chr4:593676,4,593676,588662,598800
chr4:598800,4,598800,592839,609905
chr4:605918,4,605918,597710,614738
chr4:608349,4,608349,597710,614738
chr4:610797,4,610797,600513,620786
chr4:611309,4,611309,600513,620786
chr4:613791,4,613791,604043,624555
chr4:614738,4,614738,604043,624555
chr4:618428,4,618428,610797,624555
chr4:619541,4,619541,611309,624555
chr4:620206,4,620206,611309,624555
chr4:620786,4,620786,610797,629042
chr4:621613,4,621613,613791,624555
chr4:621879,4,621879,621879,621879
chr4:621945,4,621945,613791,624555
chr4:621999,4,621999,614738,624555
chr4:622259,4,622259,613791,624555
chr4:622563,4,622563,614738,629042
chr4:623642,4,623642,613791,629973
chr4:624555,4,624555,613791,629973
chr4:629973,4,629973,623642,631409
chr4:637598,4,637598,631409,645245
chr4:638340,4,638340,631409,645245
chr4:641585,4,641585,636237,645245
chr4:642192,4,642192,636237,645245
chr4:643795,4,643795,636237,645245
chr4:664414,4,664414,657631,677658
chr4:664456,4,664456,657631,677658
chr4:668101,4,668101,657631,679624
chr4:672752,4,672752,657631,682178
chr4:672865,4,672865,657631,682178
chr4:679624,4,679624,667986,696549
chr4:680423,4,680423,671424,697690
chr4:681972,4,681972,681972,681972
chr4:693387,4,693387,680423,698339
chr4:720543,4,720543,720543,720543
chr4:721638,4,721638,719215,741737
chr4:736459,4,736459,719215,749708
chr4:747529,4,747529,747523,747529
chr4:757961,4,757961,757961,757961
chr4:758027,4,758027,758027,758027
chr4:765852,4,765852,749708,769943
chr4:769779,4,769779,767117,784282
chr4:782125,4,782125,769065,797405
chr4:783543,4,783543,769065,802519
chr4:795775,4,795775,781689,812053
chr4:795937,4,795937,781689,814423
chr4:801680,4,801680,794376,802519
chr4:802970,4,802970,789241,808113
chr4:808557,4,808557,808113,808557
chr4:811690,4,811690,795937,826324
chr4:816667,4,816667,808113,831973
chr4:817729,4,817729,808113,832289
chr4:843045,4,843045,838720,849577
chr4:843203,4,843203,838720,849577
chr4:845665,4,845665,839960,855322
chr4:850450,4,850450,843818,858371
chr4:851282,4,851282,844958,861441
chr4:852621,4,852621,843927,861470
chr4:877783,4,877783,877783,877784
chr4:878026,4,878026,866929,892444
chr4:886952,4,886952,865297,892444
chr4:892444,4,892444,863802,896785
chr4:911454,4,911454,903873,924619
chr4:912557,4,912557,896181,927559
chr4:914816,4,914816,896785,927577
chr4:914952,4,914952,896785,928575
chr4:917833,4,917833,903873,928575
chr4:924619,4,924619,903873,929694
chr4:927509,4,927509,911766,930823
chr4:929694,4,929694,918606,938510
chr4:930964,4,930964,930964,930964
chr4:938510,4,938510,929694,950108
chr4:942067,4,942067,932727,953287
chr4:947317,4,947317,934187,953287
chr4:950108,4,950108,936493,953287
chr4:956734,4,956734,956734,962979
chr4:957589,4,957589,956734,961744
chr4:959283,4,959283,956734,980835
chr4:960412,4,960412,956734,996583
chr4:962979,4,962979,956734,1000959
chr4:971731,4,971731,961744,998174
chr4:973283,4,973283,959283,1000959
chr4:974689,4,974689,959283,1000959
chr4:974882,4,974882,959283,1000959
chr4:974883,4,974883,959283,1000959
chr4:975090,4,975090,959283,1000959
chr4:975149,4,975149,959283,1000959
chr4:975354,4,975354,959283,1000959
chr4:976036,4,976036,959283,1000959
chr4:976174,4,976174,959283,1000959
chr4:976264,4,976264,959283,1000959
chr4:997624,4,997624,960833,1006085
chr4:998174,4,998174,960833,1000959
chr4:1000959,4,1000959,961744,1006085
chr4:1006085,4,1006085,997624,1018597
chr4:1014176,4,1014176,1006085,1029308
chr4:1018955,4,1018955,1013362,1029308
chr4:1022771,4,1022771,1013362,1036857
chr4:1026744,4,1026744,1013362,1036857
chr4:1057929,4,1057929,1057929,1057929
chr4:1094122,4,1094122,1091087,1116044
chr4:1095148,4,1095148,1091087,1116044
chr4:1101892,4,1101892,1091087,1108564
chr4:1154148,4,1154148,1154148,1154160
chr4:1162000,4,1162000,1149030,1166231
chr4:1171794,4,1171794,1171385,1197837
chr4:1172380,4,1172380,1171385,1198548
chr4:1172576,4,1172576,1171385,1198548
chr4:1172914,4,1172914,1171385,1198548
chr4:1176138,4,1176138,1171385,1191935
chr4:1181165,4,1181165,1171385,1198548
chr4:1184872,4,1184872,1171385,1215342
chr4:1191935,4,1191935,1171385,1219676
chr4:1213560,4,1213560,1184872,1235719
chr4:1213754,4,1213754,1184872,1227990
chr4:1242195,4,1242195,1237546,1248695
chr4:1242383,4,1242383,1237546,1248695
chr4:1246177,4,1246177,1242195,1256208
chr4:1248530,4,1248530,1242195,1256509
chr4:1248695,4,1248695,1242195,1256509
chr4:1250650,4,1250650,1246177,1257441
chr4:1256208,4,1256208,1246177,1264269
chr4:1256509,4,1256509,1248530,1264269
chr4:1257382,4,1257382,1256208,1264269
chr4:1257441,4,1257441,1250650,1264269
chr4:1260055,4,1260055,1256208,1268325
chr4:1260275,4,1260275,1256208,1268325
chr4:1261899,4,1261899,1256208,1268325
chr4:1270033,4,1270033,1266919,1278850
chr4:1284773,4,1284773,1278407,1287974
chr4:1337514,4,1337514,1333470,1345654
chr4:1341560,4,1341560,1335020,1354322
chr4:1342082,4,1342082,1335020,1358780
chr4:1342485,4,1342485,1335020,1360486
chr4:1345539,4,1345539,1337043,1367398
chr4:1345604,4,1345604,1337043,1367398
chr4:1345654,4,1345654,1337514,1367398
chr4:1353994,4,1353994,1341560,1381394
chr4:1354715,4,1354715,1352371,1354715
chr4:1359163,4,1359163,1342485,1381394
chr4:1359608,4,1359608,1342134,1381394
chr4:1372531,4,1372531,1353994,1385147
chr4:1381192,4,1381192,1353994,1385147
chr4:1383768,4,1383768,1363156,1392187
chr4:1418662,4,1418662,1418662,1420155
chr4:1436351,4,1436351,1429971,1446003
chr4:1443800,4,1443800,1433591,1453498
chr4:1443906,4,1443906,1433591,1453498
chr4:1445462,4,1445462,1435743,1453498
chr4:1451946,4,1451946,1440118,1457873
chr4:1458160,4,1458160,1458160,1458160
chr4:1459398,4,1459398,1455597,1462057
chr4:1462057,4,1462057,1455597,1474060
chr4:1475645,4,1475645,1467660,1475645
chr4:1480835,4,1480835,1480211,1490851
chr4:1489545,4,1489545,1488575,1489545
chr4:1505683,4,1505683,1505683,1505691
chr4:1508550,4,1508550,1499852,1523350
chr4:1513956,4,1513956,1513956,1513956
chr4:1517680,4,1517680,1517680,1517680
chr4:1521818,4,1521818,1521818,1521818
chr4:1523440,4,1523440,1523440,1523482
chr5:13449,5,13449,8786,14028
chr5:19517,5,19517,19504,19517
chr5:21355,5,21355,21342,21355
chr5:22638,5,22638,22638,22638
chr5:22917,5,22917,18746,25103
chr5:25397,5,25397,25397,25397
chr5:26058,5,26058,19368,26417
chr5:31263,5,31263,30505,35947
chr5:31451,5,31451,30505,32038
chr5:32038,5,32038,30505,38200
chr5:33814,5,33814,30505,38677
chr5:33851,5,33851,30505,38677
chr5:35048,5,35048,30505,41075
chr5:37398,5,37398,33720,41075
chr5:38037,5,38037,33720,41075
chr5:41075,5,41075,34350,42740
chr5:42051,5,42051,38200,42740
chr5:42740,5,42740,41075,44612
chr5:57276,5,57276,44304,66168
chr5:69083,5,69083,66168,72069
chr5:70969,5,70969,68714,78310
chr5:79208,5,79208,72069,83188
chr5:79230,5,79230,74994,81334
chr5:79231,5,79231,79231,79231
chr5:83188,5,83188,79208,83188
chr5:86488,5,86488,86488,86488
chr5:90720,5,90720,87323,99489
chr5:96610,5,96610,90716,99489
chr5:98040,5,98040,90716,99489
chr5:98089,5,98089,90716,99489
chr5:99314,5,99314,90716,99489
chr5:104442,5,104442,102203,106822
chr5:124644,5,124644,124644,132221
chr5:125211,5,125211,124644,134626
chr5:125474,5,125474,124644,134626
chr5:127339,5,127339,124644,134626
chr5:131540,5,131540,124644,155745
chr5:132221,5,132221,124644,157488
chr5:132565,5,132565,132565,132565
chr5:134344,5,134344,125211,157488
chr5:169452,5,169452,161956,181135
chr5:173927,5,173927,161956,184224
chr5:178044,5,178044,164144,187642
chr5:178674,5,178674,164144,187642
chr5:207275,5,207275,207235,212506
chr5:211245,5,211245,207235,217319
chr5:212506,5,212506,207275,214406
chr5:214406,5,214406,210350,223004
chr5:214752,5,214752,210350,223004
chr5:215862,5,215862,210350,225569
chr5:217319,5,217319,211001,225569
chr5:225501,5,225501,217294,234669
chr5:225774,5,225774,225774,225774
chr5:239147,5,239147,227110,246808
chr5:242428,5,242428,229365,251866
chr5:246143,5,246143,234669,254385
chr5:249522,5,249522,243584,254385
chr5:251756,5,251756,243584,262671
chr5:253670,5,253670,243584,262671
chr5:258177,5,258177,258177,258177
chr5:266246,5,266246,266246,266246
chr5:272558,5,272558,265651,290932
chr5:290040,5,290040,290040,290040
chr5:293706,5,293706,271971,309654
chr5:302362,5,302362,283807,310175
chr5:317740,5,317740,312612,321654
chr5:328525,5,328525,324331,328525
chr5:335406,5,335406,335406,336687
chr5:335771,5,335771,335406,336687
chr5:341045,5,341045,341045,350876
chr5:341262,5,341262,336687,350876
chr5:346773,5,346773,341045,354177
chr5:377631,5,377631,366361,384156
chr5:378741,5,378741,377631,396266
chr5:382523,5,382523,382523,382523
chr5:396254,5,396254,379541,398644
chr5:401545,5,401545,396266,407785
chr5:406826,5,406826,401545,409900
chr5:407785,5,407785,401545,413385
chr5:413363,5,413363,413363,413363
chr5:416981,5,416981,412759,432587
chr5:430235,5,430235,416981,441594
chr5:430620,5,430620,430620,430620
chr5:432587,5,432587,416981,451448
chr5:443367,5,443367,443367,443378
chr5:451448,5,451448,427844,458086
chr5:486157,5,486157,478715,491888
chr5:510020,5,510020,510020,510020
chr5:522970,5,522970,522970,522970
chr5:523232,5,523232,519067,526007
chr5:524625,5,524625,522215,540169
chr5:535074,5,535074,524247,545826
chr5:561193,5,561193,553130,562436
chr5:561211,5,561211,553130,562451
chr5:561430,5,561430,553130,562873
chr5:561555,5,561555,558324,563299
chr5:561678,5,561678,554104,563347
chr5:561692,5,561692,554104,563372
chr5:561746,5,561746,555454,563372
chr5:561906,5,561906,557772,563580
chr5:562667,5,562667,561353,564048
chr5:563421,5,563421,561786,564360
chr5:563565,5,563565,561824,564469
chr5:563580,5,563580,561906,564472
chr5:563607,5,563607,561915,564485
chr5:563661,5,563661,562097,564516
chr5:564252,5,564252,563148,564968
chr5:564355,5,564355,563347,565122
chr5:564360,5,564360,563348,565125
chr5:564372,5,564372,563372,565208
chr5:564395,5,564395,564395,564395
chr5:564397,5,564397,563452,565289
chr5:564904,5,564904,564147,566373
chr5:565013,5,565013,564298,566466
chr5:565737,5,565737,564730,566755
chr5:565800,5,565800,564732,566740
chr5:566427,5,566427,564968,566755
chr5:566434,5,566434,565000,566755
chr6:12139,6,12139,12139,12139
chr6:16905,6,16905,16905,29838
chr6:27551,6,27551,27551,27551
chr6:30082,6,30082,30082,30082
chr6:50825,6,50825,45282,56091
chr6:51781,6,51781,45282,57460
chr6:54487,6,54487,50414,56091
chr6:54932,6,54932,48919,57460
chr6:62743,6,62743,55876,73433
chr6:62990,6,62990,57460,71997
chr6:64449,6,64449,57460,73433
chr6:65043,6,65043,62743,73433
chr6:65125,6,65125,62743,73433
chr6:65183,6,65183,57460,74406
chr6:66460,6,66460,62743,74406
chr6:71471,6,71471,62743,74913
chr6:71997,6,71997,62743,74913
chr6:73357,6,73357,67184,73433
chr6:73433,6,73433,62743,75397
chr6:74406,6,74406,65183,75397
chr6:74485,6,74485,73433,75397
chr6:74913,6,74913,67184,75397
chr6:75397,6,75397,73433,75397
chr6:76526,6,76526,76427,76526
chr6:79955,6,79955,78316,88475
chr6:91505,6,91505,83761,92208
chr6:95926,6,95926,95448,95926
chr6:98668,6,98668,98668,101478
chr6:98707,6,98707,98707,98707
chr6:99153,6,99153,99153,99153
chr6:106653,6,106653,101306,111711
chr6:115037,6,115037,111439,123079
chr6:168223,6,168223,146131,173904
chr6:168360,6,168360,168335,168360
chr6:168572,6,168572,146131,173904
chr6:173904,6,173904,167198,180643
chr6:179345,6,179345,179345,179345
chr6:184860,6,184860,175273,193671
chr6:199005,6,199005,199005,203342
chr6:201882,6,201882,199005,203342
chr6:208815,6,208815,208815,208850
chr6:212247,6,212247,211447,216365
chr6:229567,6,229567,229335,232479
chr6:231725,6,231725,229335,240985
chr6:233698,6,233698,231725,240985
chr6:244245,6,244245,236114,251165
chr6:245636,6,245636,240423,252271
chr6:245962,6,245962,245962,245962
chr6:245963,6,245963,245963,245963
chr6:253516,6,253516,248124,264000
chr6:259953,6,259953,251165,270091
chr6:265477,6,265477,251165,270091
chr6:266627,6,266627,252271,270091
chr6:270091,6,270091,256493,270091
chr6:270110,6,270110,270110,270110
chr6:270112,6,270112,270112,270112
chr6:270132,6,270132,270132,270132
chr7:595,7,595,595,16567
chr7:5119,7,5119,595,20451
chr7:8780,7,8780,8780,8780
chr7:14747,7,14747,595,23383
chr7:17838,7,17838,17838,17843
chr7:17840,7,17840,17838,17843
chr7:17843,7,17843,17838,17843
chr7:19896,7,19896,1581,23383
chr7:33441,7,33441,23383,37288
chr7:34691,7,34691,23383,37288
chr7:34808,7,34808,23383,37288
chr7:36180,7,36180,23383,37288
chr7:42627,7,42627,37288,48435
chr7:43266,7,43266,41301,47250
chr7:45353,7,45353,45353,45353
chr7:47250,7,47250,42627,53544
chr7:65725,7,65725,62689,74414
chr7:70413,7,70413,62689,74414
chr7:80602,7,80602,80602,80602
chr7:80609,7,80609,80608,80609
chr7:98223,7,98223,92844,105525
chr7:103626,7,103626,98223,114462
chr7:115759,7,115759,101935,122646
chr7:122646,7,122646,109520,122646
chr7:128719,7,128719,128719,142863
chr7:140416,7,140416,128719,142935
chr7:142935,7,142935,129502,144443
chr7:154206,7,154206,149219,171892
chr7:154349,7,154349,149219,171892
chr7:173129,7,173129,164509,178295
chr7:174147,7,174147,158616,183625
chr7:206341,7,206341,206341,206341
chr7:209438,7,209438,199802,209438
chr7:255972,7,255972,250680,267569
chr7:272144,7,272144,272144,272365
chr7:275338,7,275338,274400,284441
chr7:307181,7,307181,307179,307209
chr7:307361,7,307361,307361,315634
chr7:308037,7,308037,307361,315634
chr7:321749,7,321749,315634,334340
chr7:323123,7,323123,315634,335709
chr7:324640,7,324640,315634,334340
chr7:326640,7,326640,315634,337273
chr7:329449,7,329449,315634,341488
chr7:331193,7,331193,315634,341488
chr7:333120,7,333120,320913,345530
chr7:335709,7,335709,323123,345530
chr7:336889,7,336889,326640,345530
chr7:356291,7,356291,351511,367665
chr7:362037,7,362037,355322,372094
chr7:362321,7,362321,354145,376215
chr7:365007,7,365007,355322,376215
chr7:366931,7,366931,356291,379511
chr7:367665,7,367665,355322,379511
chr7:371385,7,371385,359010,379511
chr7:377575,7,377575,372094,379511
chr7:377882,7,377882,366066,379511
chr7:379511,7,379511,366066,379511
chr7:390823,7,390823,389537,394456
chr7:394456,7,394456,389537,397324
chr7:394889,7,394889,394889,394889
chr7:397449,7,397449,395909,412413
chr7:397834,7,397834,397834,397834
chr7:398372,7,398372,395909,412717
chr7:399000,7,399000,395909,413465
chr7:400450,7,400450,399178,412413
chr7:400550,7,400550,400550,400550
chr7:408316,7,408316,397324,418899
chr7:408928,7,408928,397324,418899
chr7:409847,7,409847,397324,424620
chr7:409966,7,409966,397324,424415
chr7:412555,7,412555,398372,425235
chr7:412630,7,412630,412630,412630
chr7:413438,7,413438,399178,425235
chr7:414263,7,414263,414263,414263
chr7:416060,7,416060,407454,426067
chr7:416657,7,416657,407454,426067
chr7:417241,7,417241,407454,426067
chr7:418232,7,418232,407454,426067
chr7:424620,7,424620,409847,427479
chr7:424652,7,424652,411864,427479
chr7:433742,7,433742,428717,438823
chr7:433855,7,433855,433855,433855
chr7:436063,7,436063,428717,438823
chr7:437973,7,437973,430559,438823
chr7:442196,7,442196,442196,442196
chr7:443332,7,443332,443332,443332
chr7:446235,7,446235,438424,449489
chr7:449305,7,449305,446235,449489
chr7:455735,7,455735,454664,460988
chr7:459752,7,459752,459752,459752
chr7:460447,7,460447,455708,472246
chr7:467736,7,467736,467736,467736
chr7:471518,7,471518,458896,479063
chr7:472246,7,472246,460296,479063
chr7:477678,7,477678,469647,492815
chr7:477857,7,477857,469647,492815
chr7:485796,7,485796,477177,520054
chr7:508801,7,508801,508801,508801
chr7:543693,7,543693,516852,576468
chr7:547208,7,547208,520054,577840
chr7:587567,7,587567,585575,599356
chr7:591077,7,591077,585575,603497
chr7:592042,7,592042,587240,603497
chr7:594413,7,594413,585680,607810
chr7:594506,7,594506,587240,607810
chr7:594969,7,594969,587240,607810
chr7:597251,7,597251,587240,607810
chr7:598680,7,598680,587567,607810
chr7:601612,7,601612,591077,607810
chr7:605966,7,605966,592970,609851
chr7:607418,7,607418,607418,607810
chr7:607495,7,607495,607495,607495
chr7:607810,7,607810,592987,609851
chr7:609851,7,609851,605966,609851
chr7:610923,7,610923,610875,617052
chr7:616171,7,616171,616171,616171
chr7:616189,7,616189,616189,616189
chr7:617977,7,617977,611358,624442
chr7:619361,7,619361,611358,624442
chr7:620294,7,620294,615456,624442
chr7:622096,7,622096,615456,624442
chr7:624442,7,624442,615456,634684
chr7:629962,7,629962,624442,640575
chr7:639021,7,639021,625864,642420
chr7:645997,7,645997,642057,653148
chr7:659189,7,659189,652017,669370
chr7:659437,7,659437,652017,669370
chr7:659882,7,659882,652017,666200
chr7:659973,7,659973,656911,660725
chr7:660057,7,660057,652017,669370
chr7:671969,7,671969,668812,676388
chr7:677969,7,677969,677969,684139
chr7:678070,7,678070,678070,678070
chr7:689845,7,689845,678429,698512
chr7:698512,7,698512,688776,705337
chr7:727961,7,727961,712998,732233
chr7:729111,7,729111,712998,732233
chr7:729692,7,729692,713462,732233
chr7:730706,7,730706,713462,732233
chr7:730940,7,730940,716049,732233
chr7:755392,7,755392,751217,769305
chr7:757758,7,757758,751217,769305
chr7:762575,7,762575,751217,769305
chr7:765774,7,765774,765774,765774
chr7:767102,7,767102,751217,776465
chr7:769305,7,769305,751217,779852
chr7:784494,7,784494,776465,793559
chr7:785333,7,785333,785333,785333
chr7:790386,7,790386,790386,790386
chr7:791524,7,791524,779852,797099
chr7:791720,7,791720,779852,797099
chr7:793891,7,793891,793891,793891
chr7:794505,7,794505,789160,794535
chr7:794535,7,794535,794535,794535
chr7:817659,7,817659,817659,817659
chr7:833212,7,833212,823954,839118
chr7:853535,7,853535,850794,870220
chr7:856430,7,856430,856430,856430
chr7:865950,7,865950,853046,885002
chr7:869033,7,869033,853046,886766
chr7:871573,7,871573,858005,877846
chr7:876941,7,876941,876941,876941
chr7:876951,7,876951,876951,876951
chr7:877072,7,877072,854465,887971
chr7:877211,7,877211,858005,887971
chr7:885849,7,885849,885849,885849
chr7:888223,7,888223,877846,902481
chr7:888397,7,888397,885002,898738
chr7:892437,7,892437,885002,902481
chr7:895001,7,895001,885002,903446
chr7:895337,7,895337,885002,903446
chr7:895768,7,895768,885002,903446
chr7:905443,7,905443,903446,907934
chr7:907934,7,907934,905443,912826
chr7:912826,7,912826,907716,912826
chr7:918781,7,918781,918781,935765
chr7:933345,7,933345,918781,938096
chr7:947039,7,947039,942301,955286
chr7:950863,7,950863,942301,955286
chr7:951285,7,951285,951285,951285
chr7:952040,7,952040,942301,957457
chr7:954516,7,954516,942301,963056
chr7:957457,7,957457,952040,957457
chr7:968722,7,968722,968722,968722
chr7:979301,7,979301,971272,992324
chr7:983120,7,983120,983120,983120
chr7:1002265,7,1002265,995677,1008513
chr7:1011080,7,1011080,1011080,1011080
chr7:1012595,7,1012595,1011349,1012595
chr7:1022886,7,1022886,1017880,1042056
chr7:1027579,7,1027579,1020120,1045136
chr7:1048541,7,1048541,1048541,1048541
chr7:1048542,7,1048542,1048542,1048542
chr7:1048545,7,1048545,1048545,1048545
chr7:1048639,7,1048639,1048639,1048639
chr7:1051850,7,1051850,1051850,1051850
chr7:1068695,7,1068695,1068695,1068695
chr7:1073937,7,1073937,1073937,1073937
chr8:33975,8,33975,25786,45571
chr8:58900,8,58900,58900,58900
chr8:65889,8,65889,56351,65889
chr8:74739,8,74739,74739,80030
chr8:78883,8,78883,78883,78883
chr8:92580,8,92580,78664,100031
chr8:105611,8,105611,105611,105611
chr8:105612,8,105612,105612,105612
chr8:117153,8,117153,96286,120385
chr8:119122,8,119122,96286,120385
chr8:122014,8,122014,119178,124640
chr8:122347,8,122347,119730,124640
chr8:124640,8,124640,120385,140065
chr8:126150,8,126150,126150,126150
chr8:131702,8,131702,124640,140065
chr8:133120,8,133120,133120,133120
chr8:134839,8,134839,124640,140065
chr8:135448,8,135448,124640,140065
chr8:139684,8,139684,124640,140065
chr8:144671,8,144671,143451,144671
chr8:159162,8,159162,150593,170419
chr8:167286,8,167286,154940,170419
chr8:170419,8,170419,159162,170419
chr8:170619,8,170619,170619,170619
chr8:173136,8,173136,173136,173136
chr8:173184,8,173184,173184,173184
chr8:185325,8,185325,179821,188007
chr8:190366,8,190366,190366,190872
chr8:193408,8,193408,191947,205962
chr8:193425,8,193425,191947,200617
chr8:193438,8,193438,191947,200617
chr8:194526,8,194526,191947,204670
chr8:194545,8,194545,191947,204670
chr8:194578,8,194578,191947,204670
chr8:197968,8,197968,191947,206590
chr8:200519,8,200519,191947,206590
chr8:202890,8,202890,193408,206590
chr8:203274,8,203274,193408,206590
chr8:203615,8,203615,193408,206590
chr8:204151,8,204151,193408,206590
chr8:204645,8,204645,193408,206590
chr8:205962,8,205962,193408,206590
chr8:210269,8,210269,210269,210269
chr8:225328,8,225328,221387,231269
chr8:230941,8,230941,223812,235793
chr8:249836,8,249836,239187,262618
chr8:252929,8,252929,239187,263382
chr8:289717,8,289717,279899,321259
chr8:312174,8,312174,284047,324043
chr8:318497,8,318497,284047,324043
chr8:323454,8,323454,298467,327592
chr8:324043,8,324043,298467,327592
chr8:329765,8,329765,327592,334860
chr8:334394,8,334394,329765,334860
chr8:341299,8,341299,337892,343641
chr8:345499,8,345499,342706,360938
chr8:347011,8,347011,342706,360938
chr8:353097,8,353097,342706,361900
chr8:359203,8,359203,343641,363516
chr8:360938,8,360938,345499,363516
chr8:361900,8,361900,353097,368023
chr8:368026,8,368026,363516,369658
chr8:372172,8,372172,363516,378565
chr8:373932,8,373932,369658,378565
chr8:374065,8,374065,369658,378565
chr8:374928,8,374928,369658,378565
chr8:375406,8,375406,369658,378565
chr8:375520,8,375520,372172,378565
chr8:379942,8,379942,379942,379942
chr8:383024,8,383024,378565,397561
chr8:386052,8,386052,386052,386052
chr8:386061,8,386061,386060,386061
chr8:389013,8,389013,389013,389018
chr8:389023,8,389023,389023,389023
chr8:389976,8,389976,378565,401605
chr8:390246,8,390246,380610,397561
chr8:394731,8,394731,378565,402964
chr8:400740,8,400740,386144,417360
chr8:402810,8,402810,393351,417360
chr8:410984,8,410984,397561,421095
chr8:411809,8,411809,397561,421095
chr8:413730,8,413730,400443,421095
chr8:422328,8,422328,421095,422657
chr8:432524,8,432524,425448,449957
chr8:437059,8,437059,425448,449957
chr8:441024,8,441024,425448,453534
chr8:449957,8,449957,425448,460316
chr8:453479,8,453479,441024,461438
chr8:453634,8,453634,453634,453634
chr8:455745,8,455745,445835,461438
chr8:455783,8,455783,445658,461438
chr8:455785,8,455785,445658,461438
chr8:458155,8,458155,448047,461438
chr8:458435,8,458435,448047,461438
chr8:459723,8,459723,449957,461438
chr8:460316,8,460316,449957,461438
chr8:461748,8,461748,461748,461748
chr8:463767,8,463767,463767,465742
chr8:465075,8,465075,463767,481335
chr8:469153,8,469153,465075,481335
chr8:469571,8,469571,465075,481335
chr8:474449,8,474449,465075,481335
chr8:475895,8,475895,465663,481335
chr8:477804,8,477804,465075,481335
chr8:479207,8,479207,465075,481335
chr8:479718,8,479718,465075,481335
chr8:484694,8,484694,484694,485972
chr8:491126,8,491126,485969,500928
chr8:507195,8,507195,500907,509537
chr8:517167,8,517167,517167,528155
chr8:519609,8,519609,517167,528155
chr8:520123,8,520123,517167,528155
chr8:525401,8,525401,517167,556515
chr8:541428,8,541428,541428,541428
chr8:554022,8,554022,554022,554022
chr8:554143,8,554143,554135,554151
chr8:554202,8,554202,554202,554202
chr8:556136,8,556136,556136,556148
chr8:556173,8,556173,556173,556173
chr9:19763,9,19763,19763,19763
chr9:49364,9,49364,44433,49801
chr9:49801,9,49801,44433,49801
chr9:57578,9,57578,57000,72621
chr9:60132,9,60132,57000,72684
chr9:62935,9,62935,57000,72697
chr9:64645,9,64645,57000,72757
chr9:68365,9,68365,57000,72998
chr9:68615,9,68615,57000,73076
chr9:69330,9,69330,57000,73100
chr9:69699,9,69699,62935,73950
chr9:70145,9,70145,57000,77957
chr9:70443,9,70443,57000,77957
chr9:70904,9,70904,57000,77957
chr9:70962,9,70962,57000,77957
chr9:71094,9,71094,57000,77957
chr9:71189,9,71189,57000,77957
chr9:71237,9,71237,57000,77957
chr9:71252,9,71252,57000,77957
chr9:71693,9,71693,57000,77957
chr9:72684,9,72684,60132,84696
chr9:72757,9,72757,64645,77957
chr9:72784,9,72784,66985,77957
chr9:73950,9,73950,69699,77957
chr9:76394,9,76394,69704,86720
chr9:84696,9,84696,72672,94251
chr9:84804,9,84804,76394,94251
chr9:85177,9,85177,76394,94251
chr9:86720,9,86720,76394,94251
chr9:91111,9,91111,84696,94251
chr9:98955,9,98955,97282,112032
chr9:105420,9,105420,105420,105420
chr9:112614,9,112614,103774,132718
chr9:114834,9,114834,103774,136619
chr9:115779,9,115779,103774,136619
chr9:116618,9,116618,103774,136619
chr9:117736,9,117736,103774,136619
chr9:122617,9,122617,103774,138792
chr9:125289,9,125289,103774,139442
chr9:126580,9,126580,103774,139442
chr9:127022,9,127022,103774,139442
chr9:129137,9,129137,103774,139442
chr9:131829,9,131829,112032,142542
chr9:132718,9,132718,112032,144955
chr9:136028,9,136028,114834,144955
chr9:136044,9,136044,114834,144955
chr9:136134,9,136134,114834,144955
chr9:136172,9,136172,114834,144955
chr9:136210,9,136210,122617,144699
chr9:136219,9,136219,122617,144699
chr9:136423,9,136423,131829,139442
chr9:136527,9,136527,125289,144699
chr9:136579,9,136579,114834,144955
chr9:136619,9,136619,114834,144955
chr9:137267,9,137267,122617,144955
chr9:138029,9,138029,125289,144955
chr9:138636,9,138636,125289,144955
chr9:138792,9,138792,122617,144955
chr9:139216,9,139216,125289,144955
chr9:139266,9,139266,125289,144955
chr9:139442,9,139442,125289,144955
chr9:142542,9,142542,131829,155581
chr9:144386,9,144386,132718,155581
chr9:144699,9,144699,132718,158904
chr9:144955,9,144955,132718,155581
chr9:146928,9,146928,146928,146928
chr9:150327,9,150327,142542,158904
chr9:150475,9,150475,142542,158904
chr9:154510,9,154510,144386,158904
chr9:155581,9,155581,142542,158904
chr9:158904,9,158904,144699,161738
chr9:169345,9,169345,161738,175543
chr9:169788,9,169788,169788,169788
chr9:177464,9,177464,177464,177464
chr9:187970,9,187970,180087,193013
chr9:190020,9,190020,180087,201606
chr9:243529,9,243529,240673,252323
chr9:249562,9,249562,242937,261156
chr9:249625,9,249625,249562,251030
chr9:250484,9,250484,242937,265537
chr9:252109,9,252109,242937,266567
chr9:253139,9,253139,244280,266567
chr9:254891,9,254891,249562,266567
chr9:257464,9,257464,254091,265537
chr9:258345,9,258345,249562,267323
chr9:260947,9,260947,260947,260947
chr9:267785,9,267785,264604,268445
chr9:268440,9,268440,267323,268445
chr9:270686,9,270686,270121,273993
chr9:273029,9,273029,270121,276759
chr9:273993,9,273993,270121,276759
chr9:276483,9,276483,273029,283290
chr9:280878,9,280878,276483,289513
chr9:281757,9,281757,276483,289513
chr9:282224,9,282224,276483,289513
chr9:283213,9,283213,276483,289513
chr9:283290,9,283290,276483,289513
chr9:286125,9,286125,280761,296974
chr9:287755,9,287755,286125,289513
chr9:289127,9,289127,280761,299767
chr9:292353,9,292353,286125,300482
chr9:296974,9,296974,286125,303507
chr9:299767,9,299767,289043,304133
chr9:300559,9,300559,300559,300559
chr9:310500,9,310500,310500,310500
chr9:323432,9,323432,322200,336040
chr9:352621,9,352621,340588,367860
chr9:354047,9,354047,340588,367860
chr9:355716,9,355716,355716,355716
chr9:365725,9,365725,347652,372842
chr9:372204,9,372204,362255,377169
chr9:380935,9,380935,380935,380935
chr9:385640,9,385640,385640,385640
chr9:388051,9,388051,388051,388051
chr9:392697,9,392697,392697,392697
chr9:393800,9,393800,387839,396464
chr9:396176,9,396176,394182,396464
chr9:399657,9,399657,399657,400641
chr9:400574,9,400574,399657,406743
chr9:400641,9,400641,399657,406743
chr9:402212,9,402212,399838,412923
chr9:404274,9,404274,400574,412923
chr9:405593,9,405593,400574,412923
chr9:408263,9,408263,402212,419841
chr9:411811,9,411811,402212,421228
chr9:419470,9,419470,409700,423054
chr9:419563,9,419563,411520,421228
chr9:419805,9,419805,406743,424069
chr9:421228,9,421228,409700,424069
chr9:422867,9,422867,418993,429181
chr9:423041,9,423041,418993,429181
chr9:437940,9,437940,437940,437999
chr10:43346,10,43346,41756,54931
chr10:43909,10,43909,41756,54931
chr10:54201,10,54201,41756,54931
chr10:61391,10,61391,61391,68934
chr10:61545,10,61545,61391,68934
chr10:61708,10,61708,61391,68934
chr10:63279,10,63279,61391,68934
chr10:75599,10,75599,75599,75599
chr10:101719,10,101719,96579,111674
chr10:108820,10,108820,101719,122243
chr10:131311,10,131311,111674,140918
chr10:133312,10,133312,113623,140918
chr10:146902,10,146902,139826,150178
chr10:146992,10,146992,139826,150178
chr10:148293,10,148293,139826,150178
chr10:159755,10,159755,157487,165720
chr10:163124,10,163124,157487,176664
chr10:165521,10,165521,157487,176664
chr10:173737,10,173737,163124,185241
chr10:173883,10,173883,163124,185241
chr10:175030,10,175030,163124,189445
chr10:175313,10,175313,163124,189445
chr10:176228,10,176228,163124,189445
chr10:179618,10,179618,164844,189445
chr10:189030,10,189030,182634,189445
chr10:197405,10,197405,197405,197405
chr10:197415,10,197415,197415,197423
chr10:204259,10,204259,204259,204259
chr10:238334,10,238334,237784,245956
chr10:257035,10,257035,248024,271477
chr10:264881,10,264881,248024,275952
chr10:268671,10,268671,256140,275952
chr10:280770,10,280770,280770,280770
chr10:287737,10,287737,285600,293222
chr10:294588,10,294588,291248,294588
chr10:319864,10,319864,317643,330168
chr10:334716,10,334716,327857,340762
chr10:337630,10,337630,332075,347536
chr10:340762,10,340762,334716,349573
chr10:347536,10,347536,336613,349573
chr10:349573,10,349573,340762,349573
chr10:359824,10,359824,359824,359824
chr10:381270,10,381270,381270,388763
chr10:382599,10,382599,381270,388763
chr10:386341,10,386341,386341,386341
chr10:388260,10,388260,388260,388260
chr10:392475,10,392475,392475,392475
chr10:398569,10,398569,396694,409661
chr10:400245,10,400245,400245,400245
chr10:410391,10,410391,403524,421100
chr10:414836,10,414836,413692,438861
chr10:415141,10,415141,413692,442130
chr10:415474,10,415474,410391,443374
chr10:415984,10,415984,410391,454904
chr10:416078,10,416078,410391,454991
chr10:416524,10,416524,413692,455828
chr10:417313,10,417313,413692,448026
chr10:417350,10,417350,414241,442604
chr10:417351,10,417351,413692,448026
chr10:417543,10,417543,413692,448026
chr10:417732,10,417732,413692,455828
chr10:417803,10,417803,410391,455828
chr10:424346,10,424346,413692,461243
chr10:424621,10,424621,424617,424621
chr10:436354,10,436354,436354,436354
chr10:448026,10,448026,415918,460583
chr10:455828,10,455828,416209,464142
chr10:456040,10,456040,421100,461243
chr10:459184,10,459184,423286,464142
chr10:466331,10,466331,466331,466331
chr10:497098,10,497098,497098,497098
chr10:547222,10,547222,531791,557799
chr10:548227,10,548227,543383,557799
chr10:554468,10,554468,547222,557799
chr10:557799,10,557799,547222,557799
chr10:568534,10,568534,564317,569834
chr10:569834,10,569834,564317,571888
chr10:571678,10,571678,569834,571888
chr10:571888,10,571888,569834,571888
chr10:575574,10,575574,575574,577816
chr10:577816,10,577816,575574,583848
chr10:578893,10,578893,577816,586368
chr10:586417,10,586417,586417,586417
chr10:598877,10,598877,590619,605865
chr10:599081,10,599081,590619,607274
chr10:602670,10,602670,590619,619631
chr10:605428,10,605428,598877,620664
chr10:610850,10,610850,599712,622018
chr10:611690,10,611690,599712,627474
chr10:615292,10,615292,602670,629030
chr10:618031,10,618031,607274,622018
chr10:635779,10,635779,635779,635779
chr10:643441,10,643441,642106,656247
chr10:646432,10,646432,642106,660886
chr10:652591,10,652591,642106,662415
chr10:652769,10,652769,642327,662711
chr10:654625,10,654625,642327,662711
chr10:656247,10,656247,642327,662934
chr10:662679,10,662679,653026,667117
chr10:662711,10,662711,649610,667117
chr10:662934,10,662934,653026,666742
chr10:686698,10,686698,682740,697845
chr10:691920,10,691920,684759,700558
chr10:696080,10,696080,685754,701028
chr10:697010,10,697010,688286,700558
chr10:745571,10,745571,745571,745571
chr11:925,11,925,925,925
chr11:2733,11,2733,2722,8331
chr11:2737,11,2737,2722,8878
chr11:2745,11,2745,2720,8909
chr11:3361,11,3361,2737,10540
chr11:3391,11,3391,2737,10897
chr11:3599,11,3599,2733,10969
chr11:5087,11,5087,2733,12089
chr11:5928,11,5928,2733,12232
chr11:7663,11,7663,3277,13973
chr11:7664,11,7664,2740,14046
chr11:7691,11,7691,3277,14047
chr11:7765,11,7765,2737,14280
chr11:8044,11,8044,2733,14350
chr11:8317,11,8317,2722,14431
chr11:8331,11,8331,2722,14438
chr11:8390,11,8390,2737,14510
chr11:8720,11,8720,2737,14569
chr11:9690,11,9690,3343,16738
chr11:14320,11,14320,7823,19538
chr11:17061,11,17061,11470,20567
chr11:19607,11,19607,14424,22005
chr11:20281,11,20281,15153,22005
chr11:20802,11,20802,17217,25987
chr11:22075,11,22075,22075,22075
chr11:30395,11,30395,25361,33534
chr11:31861,11,31861,25361,33534
chr11:39138,11,39138,39138,40753
chr11:40753,11,40753,39138,47424
chr11:46711,11,46711,46711,46711
chr11:48259,11,48259,46848,60397
chr11:49416,11,49416,46848,66128
chr11:64101,11,64101,64101,64101
chr11:66073,11,66073,66073,66073
chr11:69070,11,69070,56052,71811
chr11:81030,11,81030,80491,84259
chr11:89277,11,89277,89277,89277
chr11:96863,11,96863,92153,111132
chr11:98757,11,98757,96863,114020
chr11:104549,11,104549,96863,124784
chr11:108816,11,108816,96863,121097
chr11:108841,11,108841,96863,120740
chr11:108870,11,108870,96863,122192
chr11:109176,11,109176,96863,121522
chr11:109811,11,109811,98757,116979
chr11:114020,11,114020,98088,125700
chr11:115612,11,115612,102671,125700
chr11:116643,11,116643,102671,125700
chr11:116979,11,116979,102671,125700
chr11:118012,11,118012,102671,125700
chr11:118055,11,118055,102671,125700
chr11:118745,11,118745,102671,125700
chr11:118759,11,118759,104549,125700
chr11:119264,11,119264,102671,130533
chr11:124479,11,124479,111132,132044
chr11:125642,11,125642,113698,132044
chr11:144916,11,144916,144916,144916
chr11:147493,11,147493,137433,167261
chr11:153313,11,153313,137433,169186
chr11:153972,11,153972,137433,170526
chr11:155937,11,155937,137433,170526
chr11:158139,11,158139,137613,171647
chr11:162634,11,162634,146291,164489
chr11:162925,11,162925,137613,171647
chr11:164489,11,164489,146291,171647
chr11:167261,11,167261,146291,174007
chr11:169186,11,169186,152009,174007
chr11:170526,11,170526,152009,179802
chr11:171646,11,171646,154565,182151
chr11:173020,11,173020,167261,186085
chr11:186196,11,186196,173945,200393
chr11:186408,11,186408,179802,196914
chr11:191520,11,191520,179802,204491
chr11:193196,11,193196,182151,204491
chr11:210267,11,210267,208258,220819
chr11:219380,11,219380,209475,229405
chr11:223086,11,223086,213574,230092
chr11:223467,11,223467,213574,230092
chr11:225381,11,225381,213574,230092
chr11:225819,11,225819,215041,230092
chr11:230092,11,230092,220819,230092
chr11:231612,11,231612,231612,231612
chr11:234032,11,234032,234032,234032
chr11:234262,11,234262,234262,234262
chr11:237829,11,237829,236028,245775
chr11:245775,11,245775,236028,255600
chr11:262152,11,262152,253995,264567
chr11:285782,11,285782,281677,303479
chr11:298716,11,298716,285782,307466
chr11:307466,11,307466,294571,307466
chr11:335215,11,335215,332693,341771
chr11:337602,11,337602,332693,350701
chr11:341027,11,341027,336742,341771
chr11:348254,11,348254,336742,356064
chr11:352832,11,352832,340770,362163
chr11:352980,11,352980,340811,362171
chr11:355180,11,355180,348254,362171
chr11:356064,11,356064,348254,363809
chr11:358455,11,358455,356064,362171
chr11:362163,11,362163,352832,367086
chr11:364620,11,364620,358366,367086
chr11:369257,11,369257,367086,369257
chr11:372538,11,372538,372538,382201
chr11:373968,11,373968,372538,384150
chr11:376286,11,376286,372538,384150
chr11:379841,11,379841,372538,385019
chr11:379877,11,379877,372538,384150
chr11:379892,11,379892,376286,380964
chr11:380964,11,380964,372538,385019
chr11:381658,11,381658,372538,385019
chr11:381673,11,381673,381673,381673
chr11:381937,11,381937,372538,385019
chr11:382202,11,382202,373968,384150
chr11:384867,11,384867,379841,385019
chr11:385019,11,385019,379841,385019
chr11:385103,11,385103,385103,385103
chr11:387462,11,387462,387462,387462
chr11:392685,11,392685,392685,400712
chr11:393945,11,393945,392685,400712
chr11:394469,11,394469,394469,394469
chr11:407251,11,407251,403233,425985
chr11:411456,11,411456,403781,428422
chr11:417049,11,417049,404841,428422
chr11:425936,11,425936,407251,448760
chr11:425985,11,425985,407251,445373
chr11:428422,11,428422,411456,448760
chr11:430725,11,430725,421231,456846
chr11:431308,11,431308,431308,431308
chr11:431573,11,431573,421231,456846
chr11:439973,11,439973,430725,460484
chr11:440451,11,440451,425090,460484
chr11:443807,11,443807,421231,462463
chr11:444152,11,444152,425090,462463
chr11:445373,11,445373,421231,462463
chr11:446795,11,446795,436668,452711
chr11:449454,11,449454,430725,462463
chr11:452711,11,452711,430725,463057
chr11:456846,11,456846,430725,463057
chr11:457834,11,457834,457834,457834
chr11:458159,11,458159,458159,458159
chr11:458692,11,458692,452711,462463
chr11:462463,11,462463,441961,467786
chr11:467666,11,467666,460484,475092
chr11:467744,11,467744,460484,475092
chr11:515435,11,515435,508824,522294
chr11:549457,11,549457,532258,559870
chr11:549470,11,549470,532258,562114
chr11:559683,11,559683,533229,567885
chr11:564538,11,564538,549137,567885
chr11:567434,11,567434,559683,571825
chr11:571825,11,571825,565905,576352
chr11:624345,11,624345,615824,629750
chr11:628031,11,628031,618029,632234
chr11:628241,11,628241,618029,632234
chr11:628767,11,628767,618029,632234
chr11:628896,11,628896,618029,632234
chr11:629511,11,629511,618029,632234
chr11:629750,11,629750,618029,632234
chr11:635532,11,635532,632234,644791
chr11:635886,11,635886,632234,645157
chr11:642730,11,642730,635886,645162
chr12:13781,12,13781,13769,21837
chr12:19930,12,19930,19930,19930
chr12:23264,12,23264,14310,37552
chr12:24735,12,24735,17131,37884
chr12:25742,12,25742,17131,37884
chr12:26922,12,26922,17131,37884
chr12:32580,12,32580,21837,43295
chr12:35196,12,35196,23264,43295
chr12:43295,12,43295,29949,50531
chr12:84341,12,84341,82740,84341
chr12:87080,12,87080,87080,87275
chr12:93045,12,93045,91612,98701
chr12:97108,12,97108,97108,97108
chr12:97147,12,97147,97147,97159
chr12:97159,12,97159,97147,97159
chr12:130083,12,130083,130083,130666
chr12:130108,12,130108,126688,144481
chr12:130128,12,130128,126688,144481
chr12:130739,12,130739,126688,144481
chr12:131003,12,131003,126688,144481
chr12:132253,12,132253,132253,132253
chr12:134496,12,134496,126688,153748
chr12:135855,12,135855,126688,153748
chr12:136315,12,136315,126688,158615
chr12:136527,12,136527,126688,153748
chr12:138154,12,138154,126769,158615
chr12:139755,12,139755,128383,158615
chr12:140997,12,140997,128383,158615
chr12:144481,12,144481,128383,158615
chr12:148231,12,148231,134496,163451
chr12:150435,12,150435,134496,168087
chr12:150878,12,150878,150878,150878
chr12:152803,12,152803,134496,168087
chr12:182813,12,182813,180329,194466
chr12:184955,12,184955,182813,194466
chr12:185198,12,185198,182813,194466
chr12:190554,12,190554,182813,198501
chr12:194466,12,194466,182813,198501
chr12:196991,12,196991,186678,207362
chr12:205111,12,205111,196147,222718
chr12:211932,12,211932,211932,211932
chr12:222736,12,222736,206648,229358
chr12:224908,12,224908,210685,230601
chr12:234859,12,234859,230601,245473
chr12:235026,12,235026,230601,243991
chr12:235332,12,235332,230908,245473
chr12:237173,12,237173,230908,247888
chr12:239002,12,239002,234472,251868
chr12:245256,12,245256,241614,245473
chr12:253093,12,253093,253093,253093
chr12:259721,12,259721,259721,259721
chr12:260220,12,260220,256127,263103
chr12:265316,12,265316,265316,265316
chr12:274242,12,274242,271300,277526
chr12:281802,12,281802,281400,281805
chr12:283368,12,283368,282769,286066
chr12:283720,12,283720,282769,286066
chr12:290718,12,290718,286066,299795
chr12:371279,12,371279,344627,383826
chr12:371483,12,371483,347029,383137
chr12:379915,12,379915,369495,384824
chr12:382340,12,382340,371279,384824
chr12:384824,12,384824,372955,387634
chr12:394590,12,394590,394590,401564
chr12:423791,12,423791,417956,433534
chr12:425418,12,425418,420304,443164
chr12:433955,12,433955,425418,443164
chr12:439038,12,439038,425418,443164
chr12:440337,12,440337,430049,443164
chr12:440342,12,440342,430049,443164
chr12:440640,12,440640,425418,443164
chr12:441152,12,441152,425418,443164
chr12:441523,12,441523,441523,441523
chr12:441632,12,441632,425418,443164
chr12:441706,12,441706,425418,443164
chr12:442034,12,442034,425418,443164
chr12:442615,12,442615,425418,443164
chr12:442798,12,442798,430049,443164
chr12:442818,12,442818,433534,443164
chr12:442845,12,442845,430049,443164
chr12:442873,12,442873,425418,443164
chr12:443030,12,443030,425418,443164
chr12:443164,12,443164,425418,443164
chr12:448368,12,448368,448368,493255
chr12:449184,12,449184,448368,491881
chr12:449482,12,449482,448368,501734
chr12:451397,12,451397,448368,502343
chr12:451539,12,451539,451539,451539
chr12:460676,12,460676,460676,460676
chr12:460678,12,460678,460678,460678
chr12:490980,12,490980,448368,505016
chr12:494834,12,494834,449482,506655
chr12:498059,12,498059,449482,506655
chr12:498728,12,498728,449482,506655
chr12:500001,12,500001,449482,508853
chr12:501622,12,501622,450044,509982
chr12:506655,12,506655,493255,510268
chr12:508853,12,508853,500001,512394
chr12:509786,12,509786,501100,512394
chr12:509982,12,509982,501100,512394
chr12:510241,12,510241,506655,510268
chr12:510268,12,510268,504262,511884
chr12:510429,12,510429,510429,510429
chr12:511533,12,511533,511533,512394
chr12:514965,12,514965,514437,515351
chr12:515351,12,515351,514437,518231
chr12:543141,12,543141,536833,552743
chr12:543480,12,543480,536833,552743
chr12:545673,12,545673,537571,553802
chr12:545933,12,545933,545933,545933
chr12:547680,12,547680,547680,547680
chr12:548452,12,548452,543141,553802
chr12:549297,12,549297,543141,553802
chr12:552743,12,552743,543141,557933
chr12:553350,12,553350,545567,560481
chr12:553701,12,553701,545567,560481
chr12:553802,12,553802,545567,560481
chr12:555317,12,555317,551811,560481
chr12:557450,12,557450,551811,563498
chr12:559220,12,559220,555317,560481
chr12:560481,12,560481,553350,563498
chr12:563476,12,563476,556335,570923
chr12:563498,12,563498,556749,568225
chr12:563530,12,563530,563530,563530
chr12:567889,12,567889,563476,576167
chr12:568017,12,568017,568017,568017
chr12:568225,12,568225,563476,576167
chr12:569918,12,569918,563476,576167
chr12:569926,12,569926,563476,576167
chr12:570032,12,570032,563476,576167
chr12:570630,12,570630,563476,576167
chr12:570792,12,570792,563476,576167
chr12:570843,12,570843,563476,576167
chr12:570923,12,570923,563476,576167
chr12:572030,12,572030,567889,576167
chr12:574586,12,574586,567889,586321
chr12:576037,12,576037,567889,589446
chr12:583133,12,583133,574586,603024
chr12:586321,12,586321,574586,604413
chr12:605674,12,605674,605674,605674
chr12:607324,12,607324,601489,609627
chr12:609627,12,609627,604413,609627
chr12:616786,12,616786,614130,622770
chr12:622770,12,622770,614130,626279
chr12:626279,12,626279,618828,627996
chr12:645231,12,645231,645231,645231
chr12:646385,12,646385,646385,646385
chr12:659849,12,659849,659849,670660
chr12:676313,12,676313,662007,683588
chr12:694457,12,694457,681175,703407
chr12:718114,12,718114,718114,718114
chr12:718170,12,718170,708038,725191
chr12:719563,12,719563,712324,725191
chr12:724603,12,724603,724603,724833
chr12:724833,12,724833,712324,728585
chr12:728083,12,728083,722835,738039
chr12:736985,12,736985,727931,754859
chr12:737369,12,737369,727931,754859
chr12:737776,12,737776,727931,749514
chr12:737804,12,737804,727931,749514
chr12:738039,12,738039,727931,749514
chr12:740250,12,740250,732202,754859
chr12:745383,12,745383,732202,754859
chr12:745735,12,745735,732202,754859
chr12:746392,12,746392,732202,754859
chr12:747836,12,747836,732202,754859
chr12:749514,12,749514,732202,760199
chr12:754859,12,754859,732854,761323
chr12:759605,12,759605,749514,773247
chr12:760199,12,760199,749514,773247
chr12:761323,12,761323,754859,773247
chr12:764529,12,764529,759605,773247
chr12:767196,12,767196,759605,777907
chr12:767243,12,767243,759605,777907
chr12:767420,12,767420,759848,777907
chr12:777907,12,777907,764143,777907
chr12:783721,12,783721,783721,791308
chr12:792610,12,792610,792610,792610
chr12:797168,12,797168,790027,807547
chr12:822760,12,822760,811797,825661
chr12:829417,12,829417,829417,829417
chr12:829993,12,829993,828754,838168
chr12:832184,12,832184,828754,838168
chr12:845781,12,845781,845781,845781
chr12:853997,12,853997,840314,860877
chr12:854833,12,854833,840314,860877
chr12:860244,12,860244,843963,867397
chr12:862519,12,862519,859419,869357
chr12:863920,12,863920,859419,872449
chr12:872449,12,872449,863920,876059
chr12:873653,12,873653,873653,873653
chr12:873682,12,873682,872449,874900
chr12:876059,12,876059,868297,876059
chr12:879953,12,879953,879953,888202
chr12:885015,12,885015,879953,892506
chr12:885965,12,885965,879953,895625
chr12:888655,12,888655,885953,888738
chr12:888706,12,888706,885953,892506
chr12:892496,12,892496,885015,901592
chr12:893539,12,893539,885953,903048
chr12:910442,12,910442,894613,933520
chr12:911265,12,911265,894613,933520
chr12:932584,12,932584,913066,948003
chr12:935473,12,935473,914107,950296
chr12:948003,12,948003,930981,950296
chr12:950296,12,950296,933520,950296
chr12:954658,12,954658,954167,956536
chr12:954827,12,954827,954167,956536
chr12:956127,12,956127,954167,971945
chr12:956153,12,956153,954167,971945
chr12:961463,12,961463,956127,976001
chr12:963499,12,963499,956153,971945
chr12:963579,12,963579,956127,976001
chr12:968660,12,968660,956127,987293
chr12:970600,12,970600,956127,987293
chr12:971945,12,971945,956127,985083
chr12:972944,12,972944,960254,987293
chr12:972987,12,972987,960254,987293
chr12:974822,12,974822,968660,987293
chr12:974945,12,974945,963579,987293
chr12:974973,12,974973,961463,990758
chr12:976001,12,976001,960254,990758
chr12:981527,12,981527,981527,981527
chr12:981700,12,981700,968660,987293
chr12:982986,12,982986,968660,994744
chr12:987160,12,987160,970600,997999
chr12:1012062,12,1012062,1010871,1012062
chr12:1019116,12,1019116,1019116,1019116
chr12:1019132,12,1019132,1019132,1019132
chr12:1019140,12,1019140,1019140,1019140
chr12:1019141,12,1019141,1019141,1019141
chr12:1025145,12,1025145,1020161,1025145
chr12:1029017,12,1029017,1028353,1042274
chr12:1059495,12,1059495,1059123,1059495
chr13:8208,13,8208,8208,8208
chr13:8262,13,8262,8262,8262
chr13:8306,13,8306,8303,8312
chr13:13991,13,13991,11305,14024
chr13:14021,13,14021,11305,14024
chr13:14024,13,14024,11305,14024
chr13:26716,13,26716,26716,26716
chr13:31587,13,31587,29394,34097
chr13:33830,13,33830,33830,33830
chr13:43096,13,43096,43096,46758
chr13:43166,13,43166,43096,46758
chr13:43354,13,43354,43096,46758
chr13:43972,13,43972,43096,46758
chr13:49851,13,49851,49851,49851
chr13:50766,13,50766,44607,50766
chr13:53770,13,53770,53770,53770
chr13:55098,13,55098,55098,65881
chr13:56990,13,56990,55098,73225
chr13:58847,13,58847,55098,73225
chr13:60008,13,60008,55098,73814
chr13:60048,13,60048,55098,75198
chr13:61764,13,61764,55098,75198
chr13:63599,13,63599,55098,75198
chr13:65230,13,65230,55098,74713
chr13:65881,13,65881,55098,75198
chr13:65927,13,65927,65927,65927
chr13:66821,13,66821,56990,75773
chr13:67103,13,67103,56990,75558
chr13:68113,13,68113,56990,75198
chr13:69500,13,69500,56990,77330
chr13:70356,13,70356,56990,77330
chr13:70380,13,70380,56990,77330
chr13:71887,13,71887,56990,80310
chr13:72027,13,72027,56990,78550
chr13:73225,13,73225,56990,81354
chr13:73814,13,73814,60008,81354
chr13:74713,13,74713,61764,81354
chr13:76087,13,76087,69500,84172
chr13:76765,13,76765,69500,84172
chr13:77330,13,77330,69500,84172
chr13:80145,13,80145,71887,91960
chr13:80160,13,80160,73225,91960
chr13:80254,13,80254,73225,89691
chr13:81047,13,81047,73225,92384
chr13:81072,13,81072,73225,92384
chr13:81354,13,81354,73225,92384
chr13:82403,13,82403,75558,92384
chr13:87424,13,87424,78550,94497
chr13:88311,13,88311,80145,94497
chr13:89247,13,89247,82403,94497
chr13:91960,13,91960,80145,97472
chr13:99275,13,99275,99275,99275
chr13:99276,13,99276,99276,99276
chr13:99287,13,99287,99287,99287
chr13:99599,13,99599,99599,99599
chr13:109242,13,109242,101281,120287
chr13:111799,13,111799,111799,111799
chr13:117501,13,117501,107506,133462
chr13:124036,13,124036,117501,138257
chr13:125833,13,125833,114474,138830
chr13:133462,13,133462,117501,138830
chr13:146107,13,146107,144518,158199
chr13:158199,13,158199,144518,164705
chr13:159382,13,159382,144518,164705
chr13:162015,13,162015,149070,164705
chr13:163509,13,163509,151409,164705
chr13:179719,13,179719,179719,179719
chr13:183474,13,183474,183474,183474
chr13:205923,13,205923,193232,205923
chr13:211631,13,211631,209723,217356
chr13:212453,13,212453,209723,217356
chr13:216599,13,216599,210558,217356
chr13:225322,13,225322,223846,228874
chr13:244183,13,244183,238236,248552
chr13:255043,13,255043,255043,255043
chr13:258020,13,258020,247407,280923
chr13:262788,13,262788,247407,283371
chr13:268101,13,268101,268101,268108
chr13:268600,13,268600,247407,283371
chr13:302918,13,302918,296799,302918
chr13:313844,13,313844,309981,319136
chr13:319136,13,319136,309981,319136
chr13:329611,13,329611,329611,333904
chr13:329923,13,329923,329611,333904
chr13:331270,13,331270,329611,333904
chr13:331334,13,331334,329611,333904
chr13:331755,13,331755,329611,333904
chr13:331971,13,331971,331971,331971
chr13:333904,13,333904,329611,338431
chr13:339328,13,339328,338431,345749
chr13:339643,13,339643,338431,345749
chr13:341722,13,341722,338431,345749
chr13:343706,13,343706,338431,345749
chr13:345749,13,345749,338431,350249
chr13:347381,13,347381,343136,352789
chr13:349796,13,349796,345749,365504
chr13:350144,13,350144,345749,365504
chr13:350249,13,350249,345749,365504
chr13:350920,13,350920,349796,363801
chr13:352789,13,352789,347381,367606
chr13:353678,13,353678,353678,353678
chr13:393315,13,393315,386654,404548
chr13:394197,13,394197,389323,398904
chr13:397928,13,397928,389323,406726
chr13:401237,13,401237,391103,406726
chr13:426219,13,426219,426219,426224
chr13:433701,13,433701,426996,444319
chr13:438478,13,438478,426996,445628
chr13:475855,13,475855,459157,483306
chr13:499228,13,499228,492500,506332
chr13:500365,13,500365,492500,509524
chr13:500701,13,500701,492500,509524
chr13:502913,13,502913,495523,509524
chr13:503653,13,503653,499228,506332
chr13:506197,13,506197,495523,511842
chr13:509480,13,509480,500062,513217
chr13:509524,13,509524,500062,513217
chr13:510249,13,510249,503363,513217
chr13:510643,13,510643,503363,513217
chr13:510968,13,510968,505070,513217
chr13:511585,13,511585,506148,514849
chr13:511660,13,511660,506148,514849
chr13:513217,13,513217,509480,527416
chr13:517233,13,517233,513217,537924
chr13:522023,13,522023,513217,538521
chr13:527416,13,527416,513217,541095
chr13:534609,13,534609,517233,542977
chr13:535701,13,535701,519684,542977
chr13:537924,13,537924,517233,549726
chr13:538631,13,538631,536190,538631
chr13:539269,13,539269,522293,552236
chr13:540307,13,540307,524777,552236
chr13:549287,13,549287,539260,556725
chr13:577143,13,577143,568827,589215
chr13:582883,13,582883,573670,589215
chr13:588570,13,588570,588570,588579
chr13:588579,13,588579,588567,588579
chr13:588618,13,588618,588618,588618
chr13:588661,13,588661,577143,589215
chr13:600549,13,600549,600543,618430
chr13:601449,13,601449,600543,618430
chr13:605897,13,605897,600543,621167
chr13:639293,13,639293,626195,654641
chr13:640192,13,640192,626195,654641
chr13:648377,13,648377,632242,661923
chr13:650533,13,650533,632242,661923
chr13:652533,13,652533,652533,652533
chr13:653186,13,653186,639293,665524
chr13:659245,13,659245,646103,665729
chr13:660071,13,660071,646103,665729
chr13:667202,13,667202,667202,667202
chr13:696701,13,696701,696701,701153
chr13:697107,13,697107,694397,701153
chr13:698642,13,698642,696701,701153
chr13:702308,13,702308,698336,714847
chr13:706506,13,706506,701153,714847
chr13:707792,13,707792,701153,714847
chr13:718591,13,718591,714847,740946
chr13:739183,13,739183,716963,743797
chr13:740880,13,740880,718591,743797
chr13:757834,13,757834,751130,770563
chr13:762630,13,762630,753081,770563
chr13:774724,13,774724,774724,774724
chr13:815501,13,815501,812150,815529
chr13:821488,13,821488,819594,830456
chr13:833534,13,833534,828799,840462
chr13:839615,13,839615,830349,849392
chr13:840462,13,840462,830456,849970
chr13:858794,13,858794,856903,860589
chr13:867636,13,867636,864754,874247
chr13:869923,13,869923,864754,877100
chr13:874266,13,874266,868856,877100
chr13:877043,13,877043,869923,896327
chr13:883627,13,883627,877043,896327
chr13:888990,13,888990,877043,902431
chr13:892136,13,892136,877043,902532
chr13:895661,13,895661,877043,902532
chr13:896327,13,896327,877043,907355
chr13:899295,13,899295,895661,910929
chr13:899344,13,899344,888463,910929
chr13:901212,13,901212,888463,912820
chr13:907355,13,907355,896327,914897
chr13:909982,13,909982,899239,914897
chr13:909989,13,909989,899239,914897
chr13:910745,13,910745,899239,914897
chr13:910929,13,910929,899239,914897
chr13:914897,13,914897,902532,914897
chr14:6912,14,6912,6906,6914
chr14:6945,14,6945,6941,6946
chr14:6946,14,6946,6941,6946
chr14:7114,14,7114,7114,7114
chr14:22803,14,22803,19935,34185
chr14:33220,14,33220,33220,33220
chr14:33230,14,33230,33230,33230
chr14:57720,14,57720,54504,61387
chr14:106872,14,106872,89377,116086
chr14:138534,14,138534,138534,138534
chr14:166587,14,166587,151127,185411
chr14:176702,14,176702,163967,187156
chr14:187156,14,187156,175164,196310
chr14:187639,14,187639,184703,194811
chr14:187740,14,187740,182297,196374
chr14:194811,14,194811,185846,196374
chr14:196374,14,196374,187740,196374
chr14:205279,14,205279,199813,220803
chr14:206830,14,206830,199813,223967
chr14:210226,14,210226,199813,225776
chr14:211354,14,211354,199813,225776
chr14:214248,14,214248,199813,225776
chr14:233872,14,233872,220803,241114
chr14:237449,14,237449,223967,244751
chr14:241114,14,241114,233872,250690
chr14:250138,14,250138,239611,257173
chr14:250455,14,250455,239611,257173
chr14:250690,14,250690,239611,257173
chr14:256840,14,256840,241965,257173
chr14:257173,14,257173,241965,257173
chr14:272462,14,272462,264064,285036
chr14:275245,14,275245,267696,288822
chr14:278085,14,278085,267696,288822
chr14:312060,14,312060,308851,327674
chr14:314885,14,314885,308851,327674
chr14:317822,14,317822,312060,331132
chr14:318991,14,318991,312060,332647
chr14:319699,14,319699,312060,334886
chr14:320771,14,320771,312060,335123
chr14:330041,14,330041,317822,340237
chr14:337016,14,337016,327569,350501
chr14:337563,14,337563,327569,350501
chr14:337792,14,337792,337016,337792
chr14:340237,14,340237,330041,351040
chr14:345215,14,345215,334886,354457
chr14:357746,14,357746,356409,364156
chr14:379436,14,379436,379436,379436
chr14:441268,14,441268,441268,441268
chr14:457485,14,457485,441787,469677
chr14:458186,14,458186,441787,472613
chr14:462234,14,462234,441787,472613
chr14:469677,14,469677,449380,472613
chr14:480472,14,480472,472613,485955
chr14:485955,14,485955,478868,485955
chr14:486552,14,486552,486552,486552
chr14:502888,14,502888,497369,504423
chr14:538257,14,538257,534351,539456
chr14:539456,14,539456,534351,539456
chr14:543122,14,543122,543122,551869
chr14:547975,14,547975,543122,558289
chr14:554919,14,554919,554919,554919
chr14:554932,14,554932,554932,554932
chr14:560773,14,560773,547829,592657
chr14:560799,14,560799,558289,593538
chr14:561322,14,561322,561322,561322
chr14:568268,14,568268,558289,598006
chr14:569854,14,569854,569854,569854
chr14:569966,14,569966,558289,598006
chr14:571979,14,571979,571968,572015
chr14:572143,14,572143,572143,572150
chr14:572217,14,572217,572217,572217
chr14:572330,14,572330,572330,572330
chr14:574170,14,574170,574015,602388
chr14:579920,14,579920,579920,579920
chr14:598714,14,598714,574170,602807
chr14:599354,14,599354,599354,599354
chr14:599892,14,599892,599886,599892
chr14:600108,14,600108,600108,600108
chr14:600908,14,600908,600908,600937
chr14:600928,14,600928,600928,600928
chr14:602099,14,602099,602099,602099
chr14:602678,14,602678,575614,613306
chr14:604387,14,604387,604387,604387
chr14:607577,14,607577,602111,639287
chr14:613306,14,613306,602396,641214
chr14:614340,14,614340,602396,641214
chr14:619117,14,619117,619117,619117
chr14:620369,14,620369,606273,645369
chr14:621027,14,621027,606273,647843
chr14:627417,14,627417,616988,639287
chr14:628840,14,628840,628840,628840
chr14:631825,14,631825,616988,641214
chr14:635910,14,635910,611236,648789
chr14:636754,14,636754,607236,648789
chr14:640932,14,640932,611236,648789
chr14:641214,14,641214,613306,648789
chr14:642445,14,642445,621027,647843
chr14:642447,14,642447,620369,648789
chr14:643876,14,643876,619153,650841
chr14:644949,14,644949,620369,650841
chr14:645369,14,645369,620369,650841
chr14:646585,14,646585,629832,650841
chr14:647843,14,647843,621027,651987
chr14:648789,14,648789,625901,650841
chr14:650841,14,650841,643364,651987
chr14:651855,14,651855,651855,651855
chr14:651964,14,651964,650841,651987
chr14:651987,14,651987,647843,651987
chr14:654230,14,654230,654230,663083
chr14:654336,14,654336,654230,663083
chr14:663083,14,663083,654230,663083
chr14:668533,14,668533,668533,674210
chr14:678924,14,678924,674210,682649
chr14:692520,14,692520,691577,692520
chr14:701530,14,701530,700405,708456
chr14:701961,14,701961,700405,708362
chr14:704255,14,704255,704255,704301
chr14:704301,14,704301,704255,704301
chr14:704486,14,704486,704486,704486
chr14:708362,14,708362,701961,711992
chr14:711992,14,711992,707555,716298
chr14:713668,14,713668,708456,719403
chr14:716675,14,716675,716055,716750
chr14:719403,14,719403,713348,721219
chr14:721219,14,721219,716055,725113
chr14:726075,14,726075,725113,735177
chr14:764782,14,764782,757948,780322
chr14:778347,14,778347,757948,780322
chr14:783923,14,783923,783914,783929
chr15:14837,15,14837,14837,14837
chr15:18025,15,18025,18025,18028
chr15:18028,15,18028,18025,18028
chr15:24669,15,24669,24669,24676
chr15:25217,15,25217,25217,25217
chr15:25250,15,25250,25250,25265
chr15:25265,15,25265,25250,25265
chr15:28873,15,28873,28873,28873
chr15:29669,15,29669,29669,29669
chr15:32395,15,32395,32395,32395
chr15:36415,15,36415,30308,41993
chr15:39199,15,39199,30790,41993
chr15:51177,15,51177,44170,59142
chr15:58935,15,58935,51177,66855
chr15:62400,15,62400,55421,72740
chr15:63056,15,63056,63056,63056
chr15:70222,15,70222,69757,72740
chr15:70998,15,70998,62400,82212
chr15:86266,15,86266,82212,96254
chr15:93845,15,93845,93845,93845
chr15:109676,15,109676,106762,134843
chr15:111081,15,111081,111081,111081
chr15:113956,15,113956,113956,116621
chr15:113958,15,113958,113956,116621
chr15:126797,15,126797,109676,136895
chr15:134750,15,134750,109676,136895
chr15:136895,15,136895,112248,143047
chr15:144887,15,144887,143047,151907
chr15:149218,15,149218,144887,159655
chr15:150503,15,150503,144887,158969
chr15:151907,15,151907,144887,160644
chr15:154160,15,154160,149218,160644
chr15:158776,15,158776,149218,160644
chr15:158961,15,158961,149218,160644
chr15:160429,15,160429,158171,160644
chr15:160644,15,160644,150771,160644
chr15:165912,15,165912,165912,179652
chr15:166369,15,166369,165912,179652
chr15:168199,15,168199,165912,181071
chr15:168558,15,168558,165912,181071
chr15:168592,15,168592,165912,181071
chr15:168689,15,168689,165912,181071
chr15:169414,15,169414,165912,181071
chr15:170347,15,170347,165912,184082
chr15:170413,15,170413,165912,184082
chr15:170682,15,170682,165912,184082
chr15:170944,15,170944,165912,184082
chr15:171150,15,171150,165912,184082
chr15:171671,15,171671,165912,184082
chr15:172074,15,172074,165912,184082
chr15:172102,15,172102,165912,184082
chr15:173340,15,173340,165912,184082
chr15:179652,15,179652,165912,185951
chr15:180876,15,180876,168199,185951
chr15:180978,15,180978,168199,185951
chr15:181071,15,181071,168199,185951
chr15:183037,15,183037,170347,185951
chr15:184074,15,184074,170682,185951
chr15:184082,15,184082,170347,185951
chr15:185252,15,185252,179652,185951
chr15:185951,15,185951,179652,188149
chr15:194895,15,194895,194895,195381
chr15:204530,15,204530,204530,204530
chr15:204722,15,204722,202330,214375
chr15:214375,15,214375,203046,218248
chr15:216278,15,216278,216278,216278
chr15:218248,15,218248,214295,220986
chr15:227300,15,227300,227300,227300
chr15:227542,15,227542,220986,233334
chr15:236985,15,236985,236985,236985
chr15:236991,15,236991,236991,236991
chr15:237009,15,237009,237009,237009
chr15:238354,15,238354,238354,238354
chr15:244594,15,244594,237260,253998
chr15:248251,15,248251,242903,255007
chr15:256619,15,256619,256619,256619
chr15:271552,15,271552,267332,274603
chr15:358094,15,358094,343921,370822
chr15:372209,15,372209,363969,382511
chr15:372714,15,372714,363969,382511
chr15:385655,15,385655,385655,385655
chr15:412551,15,412551,408490,425338
chr15:412675,15,412675,412675,412675
chr15:418066,15,418066,411919,425338
chr15:427884,15,427884,427884,427890
chr15:427887,15,427887,427884,427890
chr15:427890,15,427890,427884,427890
chr15:442681,15,442681,433993,446992
chr15:446992,15,446992,441176,453019
chr15:447362,15,447362,443566,453019
chr15:448753,15,448753,446521,453019
chr15:448815,15,448815,448815,448820
chr15:451421,15,451421,446521,453019
chr15:453019,15,453019,446521,453019
chr15:478685,15,478685,471823,479604
chr15:498195,15,498195,491077,520780
chr15:508952,15,508952,507796,510569
chr15:520780,15,520780,498195,535075
chr15:529986,15,529986,510569,542319
chr15:544846,15,544846,535075,549314
chr15:578365,15,578365,560958,583940
chr15:588953,15,588953,587077,602954
chr15:589481,15,589481,587077,602954
chr15:594819,15,594819,594819,594822
chr15:594822,15,594822,594819,594822
chr15:640881,15,640881,629119,653775
chr15:649484,15,649484,639239,656377
chr15:651364,15,651364,639862,657980
chr15:653769,15,653769,640033,660805
chr15:656377,15,656377,649242,660805
chr15:660208,15,660208,653769,660805
chr15:660805,15,660805,653769,660805
chr15:675324,15,675324,675324,675324
chr15:701781,15,701781,690141,711322
chr15:701869,15,701869,690141,711322
chr15:703636,15,703636,703622,703639
chr15:711322,15,711322,695613,711322
chr15:714897,15,714897,714897,717962
chr15:720332,15,720332,719963,720492
chr15:720492,15,720492,717962,720492
chr15:748030,15,748030,745301,760114
chr15:751857,15,751857,747552,761321
chr15:757677,15,757677,748030,766225
chr15:757952,15,757952,748030,766858
chr15:758102,15,758102,751144,763849
chr15:762569,15,762569,757677,768052
chr15:762665,15,762665,757677,768052
chr15:765854,15,765854,757677,768292
chr15:767623,15,767623,759061,768292
chr15:768281,15,768281,763531,768292
chr15:774372,15,774372,774372,785674
chr15:774673,15,774673,774372,785674
chr15:775499,15,775499,774372,785674
chr15:785050,15,785050,774372,791260
chr15:785154,15,785154,785154,785154
chr15:796798,15,796798,789434,803281
chr15:797335,15,797335,789672,803281
chr15:818536,15,818536,803281,826538
chr15:822926,15,822926,822926,822926
chr15:833802,15,833802,829621,834594
chr15:834594,15,834594,829621,834594
chr15:841040,15,841040,841040,850586
chr15:846553,15,846553,841040,864445
chr15:846837,15,846837,841040,864445
chr15:848974,15,848974,841040,867290
chr15:849407,15,849407,841040,870871
chr15:849538,15,849538,841040,867290
chr15:850586,15,850586,841040,873940
chr15:852168,15,852168,841052,876222
chr15:860696,15,860696,843952,876366
chr15:860902,15,860902,860902,860902
chr15:864150,15,864150,846356,880507
chr15:866884,15,866884,848974,880507
chr15:867290,15,867290,848974,880507
chr15:870871,15,870871,849407,880507
chr15:874597,15,874597,859618,880507
chr15:876366,15,876366,859618,880507
chr15:880049,15,880049,861655,888555
chr15:885299,15,885299,876222,906404
chr15:888555,15,888555,880049,906722
chr15:888848,15,888848,888848,888856
chr15:888854,15,888854,888854,888854
chr15:894338,15,894338,894338,894338
chr15:906473,15,906473,887134,912729
chr15:906721,15,906721,887134,912729
chr15:906722,15,906722,887134,912729
chr15:907245,15,907245,888108,912729
chr15:907643,15,907643,892522,912729
chr15:909076,15,909076,909076,909076
chr15:911748,15,911748,911748,911748
chr15:911795,15,911795,892522,923218
chr15:917889,15,917889,911587,927535
chr15:919436,15,919436,908870,927535
chr15:923218,15,923218,911795,927535
chr15:944458,15,944458,944458,944458
chr15:956308,15,956308,950568,964403
chr15:957477,15,957477,950568,964403
chr15:960845,15,960845,956308,964403
chr15:966542,15,966542,961682,966542
chr15:977029,15,977029,977029,977029
chr15:981687,15,981687,970097,986923
chr15:999455,15,999455,991809,1008599
chr15:1004274,15,1004274,1004274,1004274
chr15:1008479,15,1008479,999455,1012233
chr15:1012233,15,1012233,1008479,1018776
chr15:1012745,15,1012745,1010191,1018776
chr15:1014707,15,1014707,1010191,1018776
chr15:1015033,15,1015033,1010191,1018776
chr15:1016660,15,1016660,1010191,1022262
chr15:1018776,15,1018776,1012233,1024813
chr15:1028864,15,1028864,1022262,1036136
chr15:1039474,15,1039474,1039474,1041240
chr15:1039786,15,1039786,1039474,1041240
chr15:1041151,15,1041151,1039474,1043302
chr15:1043302,15,1043302,1041151,1045703
chr15:1044946,15,1044946,1043302,1062700
chr15:1050419,15,1050419,1044946,1071370
chr15:1067520,15,1067520,16749,1049703
chr15:1068851,15,1068851,16749,1049703
chr15:1071630,15,1071630,1071630,1071630
chr15:1074302,15,1074302,1074302,1074302
chr15:1074311,15,1074311,1074311,1074311
chr15:1075194,15,1075194,1075194,1075194
chr15:1077950,15,1077950,1077950,1077950
chr16:15039,16,15039,15039,15039
chr16:16995,16,16995,16995,16995
chr16:23447,16,23447,23447,23447
chr16:24983,16,24983,24966,24983
chr16:25159,16,25159,25159,25159
chr16:25536,16,25536,25536,25536
chr16:28409,16,28409,26510,35982
chr16:40390,16,40390,29135,46114
chr16:40490,16,40490,27710,46114
chr16:40552,16,40552,29135,46114
chr16:43052,16,43052,43046,43059
chr16:48340,16,48340,43424,56294
chr16:64109,16,64109,51066,73035
chr16:64155,16,64155,51066,73035
chr16:64363,16,64363,64363,64363
chr16:74823,16,74823,70846,78839
chr16:100561,16,100561,89859,105336
chr16:104922,16,104922,104922,104922
chr16:105267,16,105267,92791,105336
chr16:105336,16,105336,92791,105336
chr16:110992,16,110992,110992,122212
chr16:114578,16,114578,110992,122212
chr16:115153,16,115153,110992,122212
chr16:117213,16,117213,117213,117213
chr16:117985,16,117985,110992,128822
chr16:128020,16,128020,116826,129358
chr16:132456,16,132456,132456,132456
chr16:138809,16,138809,136628,149133
chr16:145806,16,145806,136628,156560
chr16:145918,16,145918,136628,156560
chr16:147108,16,147108,136628,156560
chr16:159409,16,159409,149006,168266
chr16:163733,16,163733,151512,168266
chr16:164219,16,164219,163733,164219
chr16:165813,16,165813,165813,165813
chr16:166006,16,166006,159409,168266
chr16:167913,16,167913,159409,179596
chr16:170885,16,170885,167913,182956
chr16:171534,16,171534,167913,187861
chr16:174996,16,174996,167913,191167
chr16:191167,16,191167,174996,198072
chr16:191290,16,191290,179596,198072
chr16:195879,16,195879,179596,199543
chr16:196859,16,196859,187861,210158
chr16:197237,16,197237,187861,210158
chr16:197765,16,197765,197765,197765
chr16:198072,16,198072,187861,210158
chr16:199543,16,199543,195694,212773
chr16:202983,16,202983,196859,213411
chr16:206288,16,206288,196859,213411
chr16:207364,16,207364,196859,213411
chr16:207437,16,207437,196859,213411
chr16:208852,16,208852,196859,213411
chr16:209279,16,209279,197237,213411
chr16:210158,16,210158,196859,213411
chr16:210433,16,210433,199543,213411
chr16:211386,16,211386,199543,213411
chr16:212773,16,212773,199543,213411
chr16:213411,16,213411,202983,214724
chr16:218021,16,218021,214724,225111
chr16:246835,16,246835,246835,246835
chr16:259609,16,259609,259609,259609
chr16:262948,16,262948,248105,279067
chr16:277230,16,277230,261161,293786
chr16:278068,16,278068,262948,288425
chr16:283618,16,283618,266518,297486
chr16:297486,16,297486,281799,305368
chr16:336019,16,336019,324393,338769
chr16:347675,16,347675,340393,354554
chr16:359487,16,359487,359487,359487
chr16:374664,16,374664,370944,382997
chr16:379899,16,379899,374664,397855
chr16:381324,16,381324,374664,394692
chr16:383323,16,383323,383323,383323
chr16:404629,16,404629,382997,423193
chr16:404759,16,404759,404759,404759
chr16:408849,16,408849,385700,423193
chr16:416016,16,416016,385700,423981
chr16:422802,16,422802,404629,426036
chr16:425229,16,425229,425229,425229
chr16:429882,16,429882,429194,444574
chr16:447582,16,447582,429194,454180
chr16:454180,16,454180,434375,458134
chr16:455737,16,455737,452142,458134
chr16:458134,16,458134,452142,463745
chr16:463609,16,463609,458134,468617
chr16:463745,16,463745,458134,470812
chr16:473892,16,473892,464655,481940
chr16:481940,16,481940,473892,488158
chr16:488158,16,488158,481940,494210
chr16:500581,16,500581,500581,500581
chr16:505268,16,505268,503488,516172
chr16:508190,16,508190,504270,518590
chr16:521626,16,521626,518590,526392
chr16:522075,16,522075,522075,522075
chr16:525073,16,525073,518590,526392
chr16:532338,16,532338,532338,539109
chr16:535073,16,535073,532338,544393
chr16:535809,16,535809,532338,561420
chr16:535986,16,535986,532338,564355
chr16:539109,16,539109,532338,565119
chr16:553465,16,553465,535809,574886
chr16:561420,16,561420,535809,574886
chr16:571530,16,571530,544393,587778
chr16:572250,16,572250,546787,587778
chr16:572345,16,572345,572345,572345
chr16:572464,16,572464,544393,587778
chr16:574886,16,574886,549715,590624
chr16:575622,16,575622,554350,590624
chr16:576040,16,576040,571530,591786
chr16:576347,16,576347,564355,591786
chr16:576969,16,576969,571530,591786
chr16:578941,16,578941,571530,591786
chr16:579283,16,579283,559542,591786
chr16:579790,16,579790,554350,591786
chr16:579913,16,579913,571530,591786
chr16:584269,16,584269,571530,593213
chr16:584582,16,584582,571530,593213
chr16:586856,16,586856,571530,593213
chr16:586864,16,586864,572250,593213
chr16:586960,16,586960,571530,593213
chr16:586993,16,586993,572464,593213
chr16:587395,16,587395,574886,593213
chr16:587583,16,587583,571530,593213
chr16:587661,16,587661,572250,593213
chr16:587778,16,587778,571530,593213
chr16:591536,16,591536,576040,593213
chr16:591589,16,591589,584269,593213
chr16:591766,16,591766,576040,593213
chr16:593213,16,593213,584269,593213
chr16:601071,16,601071,599525,611083
chr16:605104,16,605104,599525,611083
chr16:606419,16,606419,599525,613369
chr16:611083,16,611083,599525,622910
chr16:616806,16,616806,611083,627281
chr16:620255,16,620255,620255,620255
chr16:623271,16,623271,614208,638064
chr16:631047,16,631047,622910,638486
chr16:638486,16,638486,625011,641565
chr16:648665,16,648665,648665,652919
chr16:650129,16,650129,650129,650129
chr16:656034,16,656034,652919,664738
chr16:656502,16,656502,652919,664738
chr16:656563,16,656563,652919,664738
chr16:656677,16,656677,652919,664738
chr16:656737,16,656737,652919,664738
chr16:656911,16,656911,652919,664738
chr16:657410,16,657410,654906,659088
chr16:674766,16,674766,669340,676149
chr16:675808,16,675808,675808,675808
chr16:678686,16,678686,676149,678686
chr16:679448,16,679448,679448,679448
chr16:681149,16,681149,681149,681149
chr16:694515,16,694515,687039,698663
chr16:695616,16,695616,695616,695616
chr16:698663,16,698663,693600,705266
chr16:700309,16,700309,695787,706473
chr16:700433,16,700433,695787,705266
chr16:716826,16,716826,709840,726730
chr16:719279,16,719279,714288,734857
chr16:720416,16,720416,714288,734857
chr16:726414,16,726414,714288,739602
chr16:726636,16,726636,714288,739602
chr16:731793,16,731793,720559,740758
chr16:734843,16,734843,718898,747487
chr16:734857,16,734857,718898,747487
chr16:737361,16,737361,719912,747487
chr16:739602,16,739602,726414,747487
chr16:740758,16,740758,726730,753557
chr16:743305,16,743305,730557,757660
chr16:745701,16,745701,730557,754310
chr16:745885,16,745885,730557,757660
chr16:745923,16,745923,730557,757660
chr16:753099,16,753099,740758,769323
chr16:757660,16,757660,743305,769532
chr16:786427,16,786427,786427,786427
chr16:790960,16,790960,787485,798666
chr16:792584,16,792584,790960,810640
chr16:795157,16,795157,790960,810752
chr16:812990,16,812990,798666,821586
chr16:814192,16,814192,810605,821586
chr16:857189,16,857189,857189,857189
chr16:859747,16,859747,840309,873367
chr16:888040,16,888040,883992,892106
chr16:900472,16,900472,896683,903415
chr16:905004,16,905004,902929,911554
chr16:909717,16,909717,909717,909717
chr16:911554,16,911554,905004,918804
chr16:935931,16,935931,935931,935931
chr17:10781,17,10781,10781,10781
chr17:20146,17,20146,20146,20146
chr17:34281,17,34281,34281,34281
chr17:40367,17,40367,40367,40367
chr17:40387,17,40387,40387,40387
chr17:48143,17,48143,48143,48143
chr17:48192,17,48192,48192,48192
chr17:50171,17,50171,50171,50171
chr17:50506,17,50506,50506,50506
chr17:50757,17,50757,50757,50757
chr17:51098,17,51098,51098,51098
chr17:65917,17,65917,65917,65917
chr17:69095,17,69095,69095,69095
chr17:74432,17,74432,74432,74432
chr17:77708,17,77708,77708,77708
