SNP,beta,PPI,DRUG
10214,-0.666932777,ADE17_GIS2,5-FC
10220,-0.556715619,ADE17_GIS2,5-FC
10224,-0.598979546,ADE17_GIS2,5-FC
7078,0.488152931,ADE17_GIS2,Fluconazole
11910,-0.44568902,ADE17_GIS2,Fluconazole
4647,-0.789097954,ADE17_GIS2,Metformin
2275,0.511965796,ADE17_GIS2,noDrug
3745,-0.53733216,ADE17_HYR1,Fluconazole
7076,0.467677297,ADE17_HYR1,Fluconazole
649,0.488727156,ADE17_HYR1,Metformin
2274,0.481486897,ADE17_HYR1,Metformin
649,0.628891311,ADE17_HYR1,noDrug
1096,-0.512281313,ADE17_PGM2,5-FC
1103,-0.551042652,ADE17_PGM2,5-FC
10190,-0.58077282,ADE17_PGM2,5-FC
10212,-0.632015084,ADE17_PGM2,5-FC
4893,0.642006069,ADE17_PGM2,Fluconazole
11918,-0.645895206,ADE17_PGM2,Fluconazole
11921,-0.462008284,ADE17_PGM2,Fluconazole
11928,-0.435472055,ADE17_PGM2,Fluconazole
82,-0.413688959,ADE17_PGM2,Metformin
1093,-0.536330161,ADE17_PGM2,Metformin
1095,-0.563615368,ADE17_PGM2,Metformin
1099,-0.528173743,ADE17_PGM2,Metformin
1093,-0.649302827,ADE17_PGM2,Trifluoperazine
1097,-0.695476542,ADE17_PGM2,Trifluoperazine
1103,-0.603807802,ADE17_PGM2,Trifluoperazine
10207,-0.593035517,ADE17_PGM2,Trifluoperazine
10212,-0.580191045,ADE17_PGM2,Trifluoperazine
10842,-0.533036542,ADE17_PGM2,Trifluoperazine
10853,-0.577217299,ADE17_PGM2,Trifluoperazine
10861,-1.325353565,ADE17_PGM2,Trifluoperazine
10865,-0.584102813,ADE17_PGM2,Trifluoperazine
1093,-0.504355343,ADE17_PGM2,noDrug
1096,-0.583791104,ADE17_PGM2,noDrug
1103,-0.568276373,ADE17_PGM2,noDrug
10207,-0.560292459,ADE17_PGM2,noDrug
10212,-0.655080404,ADE17_PGM2,noDrug
10855,-0.500377952,ADE17_PGM2,noDrug
10861,-1.035483101,ADE17_PGM2,noDrug
2866,-0.618766116,ALO1_ADE17,5-FC
5734,-0.667930125,ALO1_ADE17,5-FC
5747,-0.716956424,ALO1_ADE17,5-FC
5766,-0.70500492,ALO1_ADE17,5-FC
5779,-0.701719158,ALO1_ADE17,5-FC
10419,-0.760577861,ALO1_ADE17,5-FC
11910,-0.714236331,ALO1_ADE17,5-FC
11912,-0.663732694,ALO1_ADE17,5-FC
11940,-0.628069781,ALO1_ADE17,5-FC
11942,-0.648069467,ALO1_ADE17,5-FC
2528,0.670601324,ALO1_ADE17,Fluconazole
5693,-0.704412211,ALO1_ADE17,Fluconazole
5704,-0.711954684,ALO1_ADE17,Fluconazole
5716,-1.325522539,ALO1_ADE17,Fluconazole
5721,-0.663241049,ALO1_ADE17,Fluconazole
5732,-0.838136636,ALO1_ADE17,Fluconazole
2528,0.524813304,ALO1_ADE17,Metformin
5734,-0.524286711,ALO1_ADE17,Metformin
11903,-0.549320546,ALO1_ADE17,Metformin
11912,-0.516350796,ALO1_ADE17,Metformin
11918,-0.794341768,ALO1_ADE17,Metformin
11927,-0.528265517,ALO1_ADE17,Metformin
11940,-0.542141429,ALO1_ADE17,Metformin
11942,-0.584328853,ALO1_ADE17,Metformin
5734,-0.645805735,ALO1_ADE17,Trifluoperazine
5747,-0.612513886,ALO1_ADE17,Trifluoperazine
5766,-0.604125975,ALO1_ADE17,Trifluoperazine
5779,-0.586845365,ALO1_ADE17,Trifluoperazine
11910,-0.640201281,ALO1_ADE17,Trifluoperazine
11912,-0.620483129,ALO1_ADE17,Trifluoperazine
11921,-0.603890739,ALO1_ADE17,Trifluoperazine
11927,-0.615787451,ALO1_ADE17,Trifluoperazine
11940,-0.644210349,ALO1_ADE17,Trifluoperazine
11942,-0.659480694,ALO1_ADE17,Trifluoperazine
5750,-0.664125436,ALO1_ADE17,noDrug
5779,-0.659866676,ALO1_ADE17,noDrug
11910,-0.744102108,ALO1_ADE17,noDrug
11912,-0.72591937,ALO1_ADE17,noDrug
11922,-0.665145537,ALO1_ADE17,noDrug
11927,-0.709918036,ALO1_ADE17,noDrug
11940,-0.732559504,ALO1_ADE17,noDrug
11942,-0.764341729,ALO1_ADE17,noDrug
5792,-0.535033186,ALO1_HYR1,5-FC
10438,-0.939086382,ALO1_HYR1,5-FC
11929,-0.571681977,ALO1_HYR1,5-FC
11940,-0.554589201,ALO1_HYR1,5-FC
11945,-0.554170283,ALO1_HYR1,5-FC
1784,1.401887527,ALO1_HYR1,Fluconazole
5745,-0.66083254,ALO1_HYR1,Fluconazole
8898,-0.648596716,ALO1_HYR1,Fluconazole
10216,-0.687016277,ALO1_HYR1,Fluconazole
11711,0.656108772,ALO1_HYR1,Fluconazole
11912,-0.629977903,ALO1_HYR1,Fluconazole
11940,-0.611644231,ALO1_HYR1,Fluconazole
11946,-0.631393877,ALO1_HYR1,Fluconazole
2530,0.481206138,ALO1_HYR1,Metformin
5792,-0.468369867,ALO1_HYR1,Metformin
10389,0.808421594,ALO1_HYR1,noDrug
10438,-0.912223589,ALO1_HYR1,noDrug
11909,-0.569897102,ALO1_HYR1,noDrug
11912,-0.623881887,ALO1_HYR1,noDrug
11920,-0.586828911,ALO1_HYR1,noDrug
11929,-0.620089713,ALO1_HYR1,noDrug
11940,-0.618596348,ALO1_HYR1,noDrug
11945,-0.600224926,ALO1_HYR1,noDrug
6985,0.648233074,ALO1_UIP4,5-FC
6987,0.627095125,ALO1_UIP4,5-FC
10419,-0.751060835,ALO1_UIP4,5-FC
10425,-0.64531408,ALO1_UIP4,5-FC
10438,-1.053650252,ALO1_UIP4,5-FC
10480,-0.720731034,ALO1_UIP4,5-FC
11897,-0.68325472,ALO1_UIP4,5-FC
11912,-0.679810481,ALO1_UIP4,5-FC
11940,-0.63979367,ALO1_UIP4,5-FC
1784,1.173047184,ALO1_UIP4,Fluconazole
10024,2.363536709,ALO1_UIP4,Fluconazole
11912,-0.574406482,ALO1_UIP4,Fluconazole
11918,-0.931055407,ALO1_UIP4,Fluconazole
11935,-0.578813596,ALO1_UIP4,Fluconazole
11946,-0.61415972,ALO1_UIP4,Fluconazole
8522,-0.802114416,ALO1_UIP4,Metformin
10438,-0.871119858,ALO1_UIP4,Metformin
10480,-0.580997715,ALO1_UIP4,Metformin
11897,-0.525142938,ALO1_UIP4,Metformin
22,3.592200172,ALO1_UIP4,Trifluoperazine
6985,0.587632641,ALO1_UIP4,Trifluoperazine
6989,0.56995044,ALO1_UIP4,Trifluoperazine
10438,-1.108831864,ALO1_UIP4,Trifluoperazine
10480,-0.564488442,ALO1_UIP4,Trifluoperazine
11912,-0.580768704,ALO1_UIP4,Trifluoperazine
11928,-0.564796447,ALO1_UIP4,Trifluoperazine
10417,-0.653774707,ALO1_UIP4,noDrug
10419,-0.785704956,ALO1_UIP4,noDrug
10420,-0.621118471,ALO1_UIP4,noDrug
10425,-0.69711944,ALO1_UIP4,noDrug
10438,-1.016240868,ALO1_UIP4,noDrug
10480,-0.618890874,ALO1_UIP4,noDrug
11897,-0.651432383,ALO1_UIP4,noDrug
11912,-0.651286605,ALO1_UIP4,noDrug
11928,-0.602280302,ALO1_UIP4,noDrug
11931,-1.217008384,ALO1_UIP4,noDrug
11944,-0.622673763,ALO1_UIP4,noDrug
10438,-0.824845591,DHH1_LSM3,5-FC
3134,0.613770124,DHH1_LSM3,Fluconazole
3143,0.626616959,DHH1_LSM3,Fluconazole
3144,1.458055304,DHH1_LSM3,Fluconazole
4914,0.624449892,DHH1_LSM3,Fluconazole
9430,-0.582860666,DHH1_LSM3,Fluconazole
10419,-0.692679882,DHH1_LSM3,Fluconazole
10425,-0.628541633,DHH1_LSM3,Fluconazole
7115,-0.269925191,DHH1_LSM3,Metformin
7123,-0.308439893,DHH1_LSM3,Metformin
7128,-0.280485791,DHH1_LSM3,Metformin
5793,-1.091562269,DHH1_LSM3,noDrug
11897,-0.610518866,DHH1_LSM3,noDrug
9995,-1.1281231,ERG11_ACF2,5-FC
10389,0.769108732,ERG11_ACF2,5-FC
10419,-0.657961996,ERG11_ACF2,5-FC
10438,-0.940397843,ERG11_ACF2,5-FC
11910,-0.598399617,ERG11_ACF2,5-FC
11912,-0.597531359,ERG11_ACF2,5-FC
11924,-0.559079149,ERG11_ACF2,5-FC
11928,-0.57794965,ERG11_ACF2,5-FC
11931,-1.201058569,ERG11_ACF2,5-FC
11940,-0.625071678,ERG11_ACF2,5-FC
11946,-0.639489074,ERG11_ACF2,5-FC
3129,0.481753934,ERG11_ACF2,Fluconazole
3136,0.49249057,ERG11_ACF2,Fluconazole
3757,-0.596117426,ERG11_ACF2,Fluconazole
4732,1.08280352,ERG11_ACF2,Metformin
10419,-0.628382061,ERG11_ACF2,Metformin
10425,-0.535970745,ERG11_ACF2,Metformin
10438,-0.921855552,ERG11_ACF2,Metformin
10480,-0.527043166,ERG11_ACF2,Metformin
11917,-1.000995361,ERG11_ACF2,Metformin
6983,0.57867792,ERG11_ACF2,Trifluoperazine
10425,-0.51617317,ERG11_ACF2,Trifluoperazine
10438,-0.922678095,ERG11_ACF2,Trifluoperazine
10389,0.743577274,ERG11_ACF2,noDrug
10438,-0.894086526,ERG11_ACF2,noDrug
11910,-0.613608386,ERG11_ACF2,noDrug
11912,-0.57531933,ERG11_ACF2,noDrug
11921,-0.521706575,ERG11_ACF2,noDrug
11940,-0.542345292,ERG11_ACF2,noDrug
11946,-0.565271051,ERG11_ACF2,noDrug
9717,1.265421219,ERG11_ERG5,Fluconazole
11900,-0.450814284,ERG11_ERG5,Fluconazole
11912,-0.470481797,ERG11_ERG5,Fluconazole
11918,-0.635726349,ERG11_ERG5,Fluconazole
11921,-0.442645641,ERG11_ERG5,Fluconazole
11926,-0.425632944,ERG11_ERG5,Fluconazole
8795,0.274926308,ERG11_ERG5,Metformin
10262,-1.038612466,ERG11_ERG5,Metformin
10438,-0.493444927,ERG11_ERG5,Trifluoperazine
10456,-0.929550634,ERG11_ERG5,Trifluoperazine
10480,-0.309114311,ERG11_ERG5,Trifluoperazine
8471,-0.488889771,ERG11_ERG5,noDrug
10480,-0.422586295,ERG11_ERV25,5-FC
3815,0.50021191,ERG11_ERV25,Fluconazole
10104,-0.897315115,ERG11_ERV25,Fluconazole
3141,0.287433384,ERG11_ERV25,Metformin
3148,0.27300292,ERG11_ERV25,Metformin
648,0.429143668,ERG11_ERV25,noDrug
667,0.948079372,ERG11_ERV25,noDrug
3871,0.710971404,ERG11_ERV25,noDrug
4116,-0.915622524,ERG11_ERV25,noDrug
6201,-0.766103648,ERG11_ERV25,noDrug
10480,-0.437315995,ERG11_ERV25,noDrug
10862,-0.421775136,ERG11_ERV25,noDrug
7455,-0.302214469,ERG11_HYR1,5-FC
7936,0.937062438,ERG11_HYR1,5-FC
11395,-0.539438787,ERG11_HYR1,5-FC
1784,0.938947975,ERG11_HYR1,Fluconazole
3951,-0.44817073,ERG11_HYR1,Fluconazole
4290,0.462088778,ERG11_HYR1,Fluconazole
4891,0.464346575,ERG11_HYR1,Fluconazole
4972,0.465339011,ERG11_HYR1,Fluconazole
9574,1.168105637,ERG11_HYR1,Fluconazole
10438,-0.542460351,ERG11_HYR1,Trifluoperazine
9553,-0.368761874,ERG11_HYR1,noDrug
10438,-0.687680581,ERG11_HYR1,noDrug
10438,-0.73615625,ERG11_MID2,5-FC
10456,-1.39997688,ERG11_MID2,5-FC
10480,-0.487860369,ERG11_MID2,5-FC
4285,0.463345741,ERG11_MID2,Fluconazole
4290,0.472782738,ERG11_MID2,Fluconazole
9430,-0.454167713,ERG11_MID2,Fluconazole
9793,0.446199525,ERG11_MID2,Fluconazole
1147,0.313735218,ERG11_MID2,Metformin
8774,0.273762895,ERG11_MID2,Metformin
9283,-0.268597877,ERG11_MID2,Metformin
10438,-0.844600009,ERG11_MID2,Trifluoperazine
10456,-1.641374523,ERG11_MID2,Trifluoperazine
10480,-0.518760905,ERG11_MID2,Trifluoperazine
11899,-0.49782393,ERG11_MID2,Trifluoperazine
11912,-0.481335028,ERG11_MID2,Trifluoperazine
10480,-0.565697035,ERG11_MID2,noDrug
8792,0.480509401,ERG11_ORM2,5-FC
8795,0.501939111,ERG11_ORM2,5-FC
8797,0.474276541,ERG11_ORM2,5-FC
8810,0.532774041,ERG11_ORM2,5-FC
11873,-1.835347024,ERG11_ORM2,5-FC
11910,-0.549697844,ERG11_ORM2,5-FC
11912,-0.606341027,ERG11_ORM2,5-FC
11917,-0.911267845,ERG11_ORM2,5-FC
11924,-0.543281492,ERG11_ORM2,5-FC
11928,-0.566592565,ERG11_ORM2,5-FC
11931,-1.104338848,ERG11_ORM2,5-FC
11940,-0.531906882,ERG11_ORM2,5-FC
11943,-0.552203506,ERG11_ORM2,5-FC
819,0.508264363,ERG11_ORM2,Fluconazole
2015,0.513286045,ERG11_ORM2,Fluconazole
3847,0.503526013,ERG11_ORM2,Fluconazole
4852,0.498385309,ERG11_ORM2,Fluconazole
4901,0.478470816,ERG11_ORM2,Fluconazole
4904,0.478624569,ERG11_ORM2,Fluconazole
4978,0.497536302,ERG11_ORM2,Fluconazole
4198,-0.280660866,ERG11_ORM2,Metformin
4206,-0.29539375,ERG11_ORM2,Metformin
4209,-0.29192578,ERG11_ORM2,Metformin
4223,-0.326621323,ERG11_ORM2,Metformin
4532,-0.28109405,ERG11_ORM2,Metformin
5668,-0.274120574,ERG11_ORM2,Metformin
5671,-0.278778237,ERG11_ORM2,Metformin
8792,0.400423781,ERG11_ORM2,Metformin
8795,0.353721599,ERG11_ORM2,Metformin
8799,0.412412063,ERG11_ORM2,Metformin
8810,0.401646805,ERG11_ORM2,Metformin
657,0.461538959,ERG11_ORM2,Trifluoperazine
8792,0.526999588,ERG11_ORM2,Trifluoperazine
8794,0.527110163,ERG11_ORM2,Trifluoperazine
8802,0.525324641,ERG11_ORM2,Trifluoperazine
8810,0.516702185,ERG11_ORM2,Trifluoperazine
10438,-0.774645212,ERG11_ORM2,Trifluoperazine
11909,-0.546242742,ERG11_ORM2,Trifluoperazine
11912,-0.531551774,ERG11_ORM2,Trifluoperazine
11921,-0.548704771,ERG11_ORM2,Trifluoperazine
11928,-0.539724324,ERG11_ORM2,Trifluoperazine
11931,-1.02969757,ERG11_ORM2,Trifluoperazine
11944,-0.456490365,ERG11_ORM2,Trifluoperazine
8792,0.549444786,ERG11_ORM2,noDrug
10438,-1.088830687,ERG11_ORM2,noDrug
10456,-1.721923014,ERG11_ORM2,noDrug
10480,-0.645911186,ERG11_ORM2,noDrug
11912,-0.584168099,ERG11_ORM2,noDrug
11928,-0.571165712,ERG11_ORM2,noDrug
11931,-1.149824416,ERG11_ORM2,noDrug
8522,-0.803774446,ERG11_PIS1,5-FC
10438,-0.980175104,ERG11_PIS1,5-FC
10480,-0.586631464,ERG11_PIS1,5-FC
11912,-0.545530723,ERG11_PIS1,5-FC
4976,0.491823818,ERG11_PIS1,Fluconazole
7226,-0.29959742,ERG11_PIS1,Metformin
8522,-0.457903491,ERG11_PIS1,Metformin
8792,0.288584832,ERG11_PIS1,Metformin
8805,0.324888753,ERG11_PIS1,Metformin
8816,0.317269101,ERG11_PIS1,Metformin
8522,-0.804698648,ERG11_PIS1,Trifluoperazine
10425,-0.500647084,ERG11_PIS1,Trifluoperazine
10438,-0.930693987,ERG11_PIS1,Trifluoperazine
10480,-0.502768305,ERG11_PIS1,Trifluoperazine
11912,-0.503126814,ERG11_PIS1,Trifluoperazine
10438,-1.009384581,ERG11_PIS1,noDrug
10480,-0.593390009,ERG11_PIS1,noDrug
11910,-0.538159074,ERG11_PIS1,noDrug
11912,-0.551067804,ERG11_PIS1,noDrug
7484,0.504837048,ERG11_TPO4,5-FC
10425,-0.498899004,ERG11_TPO4,5-FC
10438,-1.007851557,ERG11_TPO4,5-FC
10480,-0.49537234,ERG11_TPO4,5-FC
10848,-0.503028491,ERG11_TPO4,5-FC
537,-0.496157031,ERG11_TPO4,Fluconazole
551,-0.51659538,ERG11_TPO4,Fluconazole
556,-0.514252965,ERG11_TPO4,Fluconazole
4285,0.524393155,ERG11_TPO4,Fluconazole
4291,0.503229554,ERG11_TPO4,Fluconazole
10482,-0.487097589,ERG11_TPO4,Fluconazole
3064,0.293616826,ERG11_TPO4,Metformin
3066,0.301939886,ERG11_TPO4,Metformin
3070,0.315866743,ERG11_TPO4,Metformin
3072,0.303328757,ERG11_TPO4,Metformin
8792,0.325583622,ERG11_TPO4,Metformin
8794,0.321001204,ERG11_TPO4,Metformin
8802,0.333396575,ERG11_TPO4,Metformin
8815,0.328438067,ERG11_TPO4,Metformin
10425,-0.494904742,ERG11_TPO4,Trifluoperazine
10438,-0.999534169,ERG11_TPO4,Trifluoperazine
10438,-1.030483683,ERG11_TPO4,noDrug
4528,-0.569133029,ERG27_ACF2,5-FC
11928,-0.57734552,ERG27_ACF2,5-FC
11931,-1.120965276,ERG27_ACF2,5-FC
11940,-0.657107978,ERG27_ACF2,5-FC
11944,-0.653595936,ERG27_ACF2,5-FC
10210,-0.637401315,ERG27_ACF2,Fluconazole
4528,-0.532433888,ERG27_ACF2,Metformin
5741,-0.492172978,ERG27_ACF2,Metformin
5792,-0.507405298,ERG27_ACF2,Metformin
10480,-0.493568049,ERG27_ACF2,Metformin
4528,-0.590071436,ERG27_ACF2,Trifluoperazine
10848,-0.548501242,ERG27_ACF2,Trifluoperazine
11940,-0.584246125,ERG27_ACF2,Trifluoperazine
11944,-0.54846448,ERG27_ACF2,Trifluoperazine
6983,0.595386061,ERG27_ACF2,noDrug
11910,-0.580693719,ERG27_ACF2,noDrug
11912,-0.629021634,ERG27_ACF2,noDrug
11920,-0.601504468,ERG27_ACF2,noDrug
11929,-0.631895233,ERG27_ACF2,noDrug
11931,-1.170546478,ERG27_ACF2,noDrug
11940,-0.706760756,ERG27_ACF2,noDrug
11944,-0.660628711,ERG27_ACF2,noDrug
8218,0.698719939,ERV25_EMP47,5-FC
4901,0.654032395,ERV25_EMP47,Fluconazole
8894,-0.63742077,ERV25_EMP47,Fluconazole
4528,-0.475720799,ERV25_EMP47,Metformin
8522,-0.770785449,ERV25_EMP47,Metformin
4528,-0.661608785,ERV25_EMP47,Trifluoperazine
10848,-0.618841061,ERV25_EMP47,Trifluoperazine
3871,0.808970044,ERV25_EMP47,noDrug
5735,-0.615336447,ERV25_EMP47,noDrug
5747,-0.635842376,ERV25_EMP47,noDrug
5766,-0.640246671,ERV25_EMP47,noDrug
5780,-0.632063781,ERV25_EMP47,noDrug
6983,0.536761124,ERV25_ERG5,5-FC
10438,-0.898663333,ERV25_ERG5,5-FC
10480,-0.569040661,ERV25_ERG5,5-FC
4285,0.656968361,ERV25_ERG5,Fluconazole
4291,0.628885864,ERV25_ERG5,Fluconazole
4909,0.567007721,ERV25_ERG5,Fluconazole
4913,1.162580474,ERV25_ERG5,Fluconazole
4914,0.636048086,ERV25_ERG5,Fluconazole
4972,0.558835946,ERV25_ERG5,Fluconazole
9438,-0.643877366,ERV25_ERG5,Fluconazole
9554,-0.582706597,ERV25_ERG5,Fluconazole
10040,1.336997268,ERV25_ERG5,Fluconazole
10438,-0.484702217,ERV25_ERG5,Metformin
6983,0.527975932,ERV25_ERG5,Trifluoperazine
10480,-0.532469487,ERV25_ERG5,Trifluoperazine
10861,-1.063663438,ERV25_ERG5,Trifluoperazine
11897,-0.534846327,ERV25_ERG5,Trifluoperazine
667,0.967215494,ERV25_ORM2,5-FC
789,-0.504294211,ERV25_ORM2,5-FC
792,-0.526593161,ERV25_ORM2,5-FC
798,-0.476860796,ERV25_ORM2,5-FC
10438,-0.982165999,ERV25_ORM2,5-FC
3143,0.607394269,ERV25_ORM2,Fluconazole
3144,1.282666453,ERV25_ORM2,Fluconazole
4286,0.626351423,ERV25_ORM2,Fluconazole
4290,0.604755037,ERV25_ORM2,Fluconazole
4904,0.601885803,ERV25_ORM2,Fluconazole
4914,0.644052627,ERV25_ORM2,Fluconazole
9465,-0.275936638,ERV25_ORM2,Metformin
10438,-0.497494212,ERV25_ORM2,Metformin
779,-0.449284435,ERV25_ORM2,Trifluoperazine
789,-0.51216032,ERV25_ORM2,Trifluoperazine
792,-0.532481158,ERV25_ORM2,Trifluoperazine
797,-0.449361214,ERV25_ORM2,Trifluoperazine
8515,-0.504599364,ERV25_ORM2,Trifluoperazine
10438,-0.813086175,ERV25_ORM2,Trifluoperazine
789,-0.537121488,ERV25_ORM2,noDrug
793,-0.579931273,ERV25_ORM2,noDrug
10438,-1.216291976,ERV25_ORM2,noDrug
653,0.591280227,ERV25_PIS1,5-FC
11694,0.597756086,ERV25_PIS1,5-FC
6,0.73581029,ERV25_PIS1,Fluconazole
649,0.567570224,ERV25_PIS1,Fluconazole
7077,0.569510235,ERV25_PIS1,Fluconazole
9431,-0.538067761,ERV25_PIS1,Fluconazole
10214,-0.546321593,ERV25_PIS1,Fluconazole
7481,0.600730467,ERV25_RBD2,5-FC
1505,-1.19347931,ERV25_RBD2,Metformin
11910,-0.730804262,ERV25_UIP4,5-FC
11912,-0.768545386,ERV25_UIP4,5-FC
11918,-0.938835779,ERV25_UIP4,5-FC
11924,-0.675008049,ERV25_UIP4,5-FC
11928,-0.755511415,ERV25_UIP4,5-FC
11931,-1.448746744,ERV25_UIP4,5-FC
11940,-0.773100993,ERV25_UIP4,5-FC
11944,-0.768063883,ERV25_UIP4,5-FC
11948,-0.655183949,ERV25_UIP4,5-FC
1784,1.139619507,ERV25_UIP4,Fluconazole
9430,-0.701994099,ERV25_UIP4,Fluconazole
9541,-0.512123749,ERV25_UIP4,Metformin
9968,-0.462197434,ERV25_UIP4,Metformin
11903,-0.457104244,ERV25_UIP4,Metformin
11944,-0.484504088,ERV25_UIP4,Metformin
9266,1.372846539,ERV25_UIP4,Trifluoperazine
11910,-0.593848953,ERV25_UIP4,Trifluoperazine
11912,-0.608896816,ERV25_UIP4,Trifluoperazine
11928,-0.597855781,ERV25_UIP4,Trifluoperazine
5734,-0.638152875,ERV25_UIP4,noDrug
10848,-0.64651889,ERV25_UIP4,noDrug
11903,-0.66506689,ERV25_UIP4,noDrug
11912,-0.675885143,ERV25_UIP4,noDrug
11928,-0.656532189,ERV25_UIP4,noDrug
11940,-0.67502376,ERV25_UIP4,noDrug
11944,-0.682783512,ERV25_UIP4,noDrug
11948,-0.64373629,ERV25_UIP4,noDrug
10438,-0.977390846,FMP45_HNM1,5-FC
11900,-0.565235371,FMP45_HNM1,5-FC
3099,0.609957307,FMP45_HNM1,Fluconazole
3104,0.618923753,FMP45_HNM1,Fluconazole
3134,0.628555866,FMP45_HNM1,Fluconazole
3139,0.62284695,FMP45_HNM1,Fluconazole
9430,-0.606064243,FMP45_HNM1,Fluconazole
11942,-0.567020495,FMP45_HNM1,Fluconazole
10438,-0.750899346,FMP45_HNM1,Metformin
2858,-0.553877852,FMP45_HNM1,noDrug
11704,0.560261362,FMP45_HNM1,noDrug
10438,-0.988144008,FMP45_MEP1,5-FC
10480,-0.599509593,FMP45_MEP1,5-FC
11900,-0.702461738,FMP45_MEP1,5-FC
11912,-0.742969905,FMP45_MEP1,5-FC
11920,-0.683284924,FMP45_MEP1,5-FC
11928,-0.733608206,FMP45_MEP1,5-FC
11931,-1.34670502,FMP45_MEP1,5-FC
11940,-0.687550855,FMP45_MEP1,5-FC
11944,-0.678483375,FMP45_MEP1,5-FC
649,0.610875152,FMP45_MEP1,Fluconazole
9430,-0.618753588,FMP45_MEP1,Fluconazole
10848,-0.473912897,FMP45_MEP1,Metformin
10866,-0.470625812,FMP45_MEP1,Metformin
6983,0.527831014,FMP45_MEP1,Trifluoperazine
6983,0.573932911,FMP45_MEP1,noDrug
654,0.64105547,FMP45_MID2,5-FC
10438,-0.970308943,FMP45_MID2,5-FC
11699,0.622866881,FMP45_MID2,5-FC
11899,-0.598313448,FMP45_MID2,5-FC
11912,-0.629050452,FMP45_MID2,5-FC
11928,-0.593536576,FMP45_MID2,5-FC
11931,-1.193263084,FMP45_MID2,5-FC
649,0.668971695,FMP45_MID2,Fluconazole
1850,0.578882249,FMP45_MID2,Fluconazole
11946,-0.602018416,FMP45_MID2,Fluconazole
10438,-0.790960556,FMP45_MID2,Metformin
10480,-0.478030496,FMP45_MID2,Metformin
11912,-0.497777804,FMP45_MID2,Metformin
11917,-0.988807469,FMP45_MID2,Metformin
11935,-0.477117581,FMP45_MID2,Metformin
654,0.538845511,FMP45_MID2,Trifluoperazine
10438,-0.858428385,FMP45_MID2,Trifluoperazine
11704,0.564919902,FMP45_MID2,Trifluoperazine
648,0.550704624,FMP45_MID2,noDrug
654,0.558067692,FMP45_MID2,noDrug
10389,0.773163507,FMP45_MID2,noDrug
11701,0.603558312,FMP45_MID2,noDrug
1784,0.998524915,GTR1_SLM4,Fluconazole
3140,0.505610801,GTR1_SLM4,Fluconazole
4914,0.474945549,GTR1_SLM4,Fluconazole
7430,1.247318988,GTR1_SLM4,Fluconazole
1211,1.19954004,GTR1_SLM4,Trifluoperazine
7033,0.796179537,GTR1_SLM4,Trifluoperazine
11395,-0.812956582,GTR1_SLM4,Trifluoperazine
10419,-0.755846436,HNM1_ERG11,5-FC
10425,-0.607772916,HNM1_ERG11,5-FC
10438,-1.150306635,HNM1_ERG11,5-FC
10480,-0.631356198,HNM1_ERG11,5-FC
11900,-0.648962032,HNM1_ERG11,5-FC
11912,-0.62888235,HNM1_ERG11,5-FC
11929,-0.650872451,HNM1_ERG11,5-FC
11931,-1.282659375,HNM1_ERG11,5-FC
3134,0.656326595,HNM1_ERG11,Fluconazole
3141,0.62755618,HNM1_ERG11,Fluconazole
3144,1.349199503,HNM1_ERG11,Fluconazole
3147,0.585633709,HNM1_ERG11,Fluconazole
10425,-0.41381858,HNM1_ERG11,Metformin
10438,-0.781228192,HNM1_ERG11,Metformin
10480,-0.471961931,HNM1_ERG11,Metformin
10438,-0.93964774,HNM1_ERG11,Trifluoperazine
11900,-0.579581847,HNM1_ERG11,Trifluoperazine
11929,-0.613976184,HNM1_ERG11,Trifluoperazine
11931,-1.206194788,HNM1_ERG11,Trifluoperazine
10438,-0.991557977,HNM1_ERG11,noDrug
11903,-0.633889466,HNM1_ERG11,noDrug
11912,-0.638126529,HNM1_ERG11,noDrug
11928,-0.659066254,HNM1_ERG11,noDrug
11931,-1.236206632,HNM1_ERG11,noDrug
11940,-0.625980713,HNM1_ERG11,noDrug
11944,-0.657207683,HNM1_ERG11,noDrug
10479,-0.541172129,HNM1_MAM33,5-FC
1505,-1.072682743,HNM1_MAM33,Fluconazole
10213,-0.659657891,HNM1_MAM33,Fluconazole
9266,0.920706366,HNM1_MAM33,Metformin
9266,1.206235691,HNM1_MAM33,Trifluoperazine
10438,-0.886018901,HNM1_MID2,5-FC
3137,0.517396041,HNM1_MID2,Fluconazole
8905,-0.950661727,HNM1_MID2,Fluconazole
9427,-0.534213667,HNM1_MID2,Fluconazole
9574,1.394611606,HNM1_MID2,Fluconazole
8778,0.267356793,HNM1_MID2,Metformin
10480,-0.24218035,HNM1_MID2,Metformin
11377,-0.2530019,HNM1_MID2,Metformin
10438,-0.935973345,HNM1_MID2,Trifluoperazine
11900,-0.57024806,HNM1_MID2,Trifluoperazine
10438,-0.903519297,HNM1_MID2,noDrug
11903,-0.612991379,HNM1_MID2,noDrug
11912,-0.5677271,HNM1_MID2,noDrug
11928,-0.579791634,HNM1_MID2,noDrug
9441,-0.599767016,HNM1_RBD2,5-FC
10212,-0.722048759,HNM1_RBD2,5-FC
10216,-0.675610087,HNM1_RBD2,5-FC
10220,-0.601738993,HNM1_RBD2,5-FC
2936,-0.690544453,HNM1_RBD2,Fluconazole
6039,0.845430752,HNM1_RBD2,Fluconazole
7430,1.541883204,HNM1_RBD2,Fluconazole
10211,-0.571064667,HNM1_RBD2,Fluconazole
10213,-0.625346865,HNM1_RBD2,Fluconazole
10220,-0.565917291,HNM1_RBD2,Fluconazole
10227,-0.513249688,HNM1_RBD2,Fluconazole
10228,-0.972673298,HNM1_RBD2,Fluconazole
10229,-0.540697201,HNM1_RBD2,Fluconazole
10233,-0.488040753,HNM1_RBD2,Fluconazole
11744,0.477433829,HNM1_RBD2,Fluconazole
5741,-0.426433651,HNM1_RBD2,Metformin
5745,-0.401959781,HNM1_RBD2,Metformin
9446,-0.404301208,HNM1_RBD2,Metformin
10208,-0.5194535,HNM1_RBD2,Metformin
10214,-0.436537798,HNM1_RBD2,Metformin
11701,0.518593816,HNM1_RBD2,Trifluoperazine
9718,-1.383756437,HNM1_RBD2,noDrug
11699,0.497009709,HNM1_RBD2,noDrug
3817,0.589486337,HNM1_TPO1,Fluconazole
10208,-0.671410609,HNM1_TPO1,Fluconazole
10213,-0.599144253,HNM1_TPO1,Fluconazole
11910,-0.580181216,HNM1_TPO2,5-FC
11912,-0.63697255,HNM1_TPO2,5-FC
981,0.680553827,HNM1_TPO2,Fluconazole
5713,-0.586869005,HNM1_TPO2,Fluconazole
7983,0.580870267,HNM1_TPO2,Fluconazole
10210,-0.742659734,HNM1_TPO2,Fluconazole
10213,-0.707573898,HNM1_TPO2,Fluconazole
2926,-0.452344551,HNM1_TPO2,Metformin
4529,-0.349802474,HNM1_TPO2,Metformin
4533,-0.350230521,HNM1_TPO2,Metformin
4657,-0.408490585,HNM1_TPO2,Metformin
11912,-0.359339589,HNM1_TPO2,Metformin
277,0.548474918,HNM1_TPO2,Trifluoperazine
11912,-0.556517059,HNM1_TPO2,Trifluoperazine
11912,-0.615896721,HNM1_TPO2,noDrug
11900,-0.580220473,HNM1_TPO4,5-FC
11929,-0.554005799,HNM1_TPO4,5-FC
11940,-0.556552594,HNM1_TPO4,5-FC
11946,-0.554391388,HNM1_TPO4,5-FC
5618,-0.600660526,HNM1_TPO4,Fluconazole
10210,-0.761488118,HNM1_TPO4,Fluconazole
10213,-0.700061765,HNM1_TPO4,Fluconazole
10222,-0.603869888,HNM1_TPO4,Fluconazole
10234,-0.612842594,HNM1_TPO4,Fluconazole
2312,0.329049278,HNM1_TPO4,Metformin
8816,0.325877243,HNM1_TPO4,Metformin
10480,-0.398408702,HNM1_TPO4,Metformin
11901,-0.327571582,HNM1_TPO4,Metformin
11900,-0.543667534,HNM1_TPO4,noDrug
11924,-0.536111465,HNM1_TPO4,noDrug
11929,-0.594163026,HNM1_TPO4,noDrug
11931,-1.104385309,HNM1_TPO4,noDrug
11940,-0.544899861,HNM1_TPO4,noDrug
5766,-0.564390945,HUG1_ADE17,5-FC
5776,-1.259447854,HUG1_ADE17,5-FC
6437,1.060573905,HUG1_ADE17,5-FC
11141,-2.119711097,HUG1_ADE17,5-FC
11900,-0.62512873,HUG1_ADE17,5-FC
11940,-0.583995728,HUG1_ADE17,5-FC
11944,-0.580454644,HUG1_ADE17,5-FC
5736,-0.553619638,HUG1_ADE17,Fluconazole
9956,-0.503237212,HUG1_ADE17,Metformin
11903,-0.609094075,HUG1_ADE17,Metformin
11912,-0.50704132,HUG1_ADE17,Metformin
658,0.595063452,HUG1_ADE17,Trifluoperazine
660,0.604966448,HUG1_ADE17,Trifluoperazine
1210,-1.558998315,HUG1_ADE17,Trifluoperazine
11903,-0.602786951,HUG1_ADE17,noDrug
11944,-0.585692785,HUG1_ADE17,noDrug
5792,-0.67590631,HUG1_ALO1,5-FC
9955,-1.365565177,HUG1_ALO1,5-FC
9956,-0.697098223,HUG1_ALO1,5-FC
11910,-0.765805094,HUG1_ALO1,5-FC
11912,-0.786657575,HUG1_ALO1,5-FC
11918,-1.039640361,HUG1_ALO1,5-FC
11920,-0.709829479,HUG1_ALO1,5-FC
11928,-0.723604089,HUG1_ALO1,5-FC
11931,-1.491536582,HUG1_ALO1,5-FC
11940,-0.797514998,HUG1_ALO1,5-FC
11946,-0.746495578,HUG1_ALO1,5-FC
3142,0.691860593,HUG1_ALO1,Fluconazole
3251,0.675177915,HUG1_ALO1,Fluconazole
5693,-0.736458984,HUG1_ALO1,Fluconazole
4528,-0.605295151,HUG1_ALO1,Metformin
9969,-0.561050018,HUG1_ALO1,Metformin
10480,-0.589816637,HUG1_ALO1,Metformin
11899,-0.592381829,HUG1_ALO1,Metformin
667,1.258756181,HUG1_ALO1,Trifluoperazine
11940,-0.622174001,HUG1_ALO1,Trifluoperazine
11946,-0.573292362,HUG1_ALO1,Trifluoperazine
667,1.462465774,HUG1_ALO1,noDrug
9955,-1.351455334,HUG1_ALO1,noDrug
9960,-0.652844688,HUG1_ALO1,noDrug
11910,-0.666322331,HUG1_ALO1,noDrug
11915,-0.668527421,HUG1_ALO1,noDrug
11929,-0.696497203,HUG1_ALO1,noDrug
11931,-1.37137394,HUG1_ALO1,noDrug
11940,-0.757975724,HUG1_ALO1,noDrug
11946,-0.720560071,HUG1_ALO1,noDrug
667,1.479721548,HUG1_PGM2,5-FC
4528,-0.7202409,HUG1_PGM2,5-FC
9955,-1.377343519,HUG1_PGM2,5-FC
9960,-0.727201119,HUG1_PGM2,5-FC
9995,-1.364397145,HUG1_PGM2,5-FC
10002,-1.508677481,HUG1_PGM2,5-FC
10425,-0.707435324,HUG1_PGM2,5-FC
11900,-0.749113322,HUG1_PGM2,5-FC
11912,-0.711877932,HUG1_PGM2,5-FC
11932,-0.672229192,HUG1_PGM2,5-FC
3142,0.631012808,HUG1_PGM2,Fluconazole
4528,-0.688490591,HUG1_PGM2,Fluconazole
4528,-0.51232146,HUG1_PGM2,Metformin
10425,-0.515972239,HUG1_PGM2,Metformin
10438,-0.858092107,HUG1_PGM2,Metformin
10480,-0.616597598,HUG1_PGM2,Metformin
11899,-0.523797516,HUG1_PGM2,Metformin
10438,-1.014204764,HUG1_PGM2,Trifluoperazine
11910,-0.658353624,HUG1_PGM2,Trifluoperazine
11912,-0.629307496,HUG1_PGM2,Trifluoperazine
667,1.560253988,HUG1_PGM2,noDrug
9955,-1.356648249,HUG1_PGM2,noDrug
9960,-0.674966304,HUG1_PGM2,noDrug
11910,-0.732899937,HUG1_PGM2,noDrug
11912,-0.774357789,HUG1_PGM2,noDrug
11921,-0.676226523,HUG1_PGM2,noDrug
11927,-0.681811535,HUG1_PGM2,noDrug
11935,-0.763861767,HUG1_PGM2,noDrug
11944,-0.753117599,HUG1_PGM2,noDrug
254,0.604885235,MID2_MAM33,Fluconazole
260,0.643719537,MID2_MAM33,Fluconazole
264,0.627898552,MID2_MAM33,Fluconazole
268,0.682071063,MID2_MAM33,Fluconazole
4530,-0.634644151,MID2_MAM33,Fluconazole
10023,2.033066126,MID2_MAM33,Fluconazole
4732,1.068667727,MID2_MAM33,Metformin
667,1.454465778,MID2_MAM33,Trifluoperazine
10438,-1.044792047,MID2_MAM33,Trifluoperazine
11928,-0.608543407,MID2_MAM33,Trifluoperazine
667,1.412260856,MID2_MAM33,noDrug
10438,-1.008900898,MID2_MAM33,noDrug
11912,-0.634328541,MID2_MAM33,noDrug
11924,-0.647842736,MID2_MAM33,noDrug
11928,-0.703393014,MID2_MAM33,noDrug
11931,-1.301766085,MID2_MAM33,noDrug
11940,-0.669965433,MID2_MAM33,noDrug
667,1.143411731,MID2_PIN2,5-FC
3871,0.736971682,MID2_PIN2,5-FC
10438,-0.868009317,MID2_PIN2,5-FC
10456,-1.817407447,MID2_PIN2,5-FC
10480,-0.54928066,MID2_PIN2,5-FC
11898,-0.529128774,MID2_PIN2,5-FC
7430,1.74573052,MID2_PIN2,Fluconazole
11921,-0.616278127,MID2_PIN2,Fluconazole
11929,-0.647336932,MID2_PIN2,Fluconazole
11940,-0.600733104,MID2_PIN2,Fluconazole
10425,-0.477136249,MID2_PIN2,Metformin
10438,-0.788050885,MID2_PIN2,Metformin
10456,-1.48969644,MID2_PIN2,Metformin
10480,-0.598898988,MID2_PIN2,Metformin
11899,-0.477990194,MID2_PIN2,Metformin
22,3.570787869,MID2_PIN2,Trifluoperazine
8520,-0.579380803,MID2_PIN2,Trifluoperazine
11912,-0.516405827,MID2_PIN2,Trifluoperazine
11928,-0.511649288,MID2_PIN2,Trifluoperazine
22,3.778868856,MID2_PIN2,noDrug
10438,-1.077004579,MID2_RSN1,5-FC
10480,-0.583090979,MID2_RSN1,5-FC
11897,-0.575295995,MID2_RSN1,5-FC
10438,-1.041686448,MID2_RSN1,Metformin
10456,-1.697837035,MID2_RSN1,Metformin
10480,-0.5687345,MID2_RSN1,Metformin
11900,-0.501491906,MID2_RSN1,noDrug
11915,-0.500045661,MID2_RSN1,noDrug
11917,-0.998436769,MID2_RSN1,noDrug
11924,-0.488307239,MID2_RSN1,noDrug
11929,-0.527952764,MID2_RSN1,noDrug
11931,-1.09543873,MID2_RSN1,noDrug
11940,-0.570890123,MID2_RSN1,noDrug
11946,-0.543494824,MID2_RSN1,noDrug
10438,-1.01566041,MID2_TPO2,5-FC
11542,0.60472225,MID2_TPO2,5-FC
968,0.677333895,MID2_TPO2,Fluconazole
1784,1.297480072,MID2_TPO2,Fluconazole
4097,-1.428176157,MID2_TPO2,Fluconazole
5311,-1.244096944,MID2_TPO2,Fluconazole
5317,-0.672005177,MID2_TPO2,Fluconazole
11929,-0.657669408,MID2_TPO2,Fluconazole
4528,-0.465612617,MID2_TPO2,Metformin
4533,-0.447594846,MID2_TPO2,Metformin
4545,-0.459654607,MID2_TPO2,Metformin
4551,-0.439697797,MID2_TPO2,Metformin
4571,-0.411931383,MID2_TPO2,Metformin
8522,-0.63766761,MID2_TPO2,Metformin
10425,-0.425943595,MID2_TPO2,Metformin
10438,-0.705185704,MID2_TPO2,Metformin
10480,-0.464240292,MID2_TPO2,Metformin
10438,-1.023169786,MID2_TPO2,Trifluoperazine
10480,-0.579050652,MID2_TPO2,Trifluoperazine
11900,-0.486269745,MID2_TPO2,noDrug
11915,-0.517680006,MID2_TPO2,noDrug
11918,-0.729418988,MID2_TPO2,noDrug
11924,-0.474350063,MID2_TPO2,noDrug
11929,-0.513969263,MID2_TPO2,noDrug
11931,-1.093694608,MID2_TPO2,noDrug
11940,-0.559659018,MID2_TPO2,noDrug
11942,-0.525573544,MID2_TPO2,noDrug
653,0.644005656,MID2_TPO4,5-FC
9433,-0.622054577,MID2_TPO4,5-FC
11897,-0.59846258,MID2_TPO4,5-FC
1784,1.327754961,MID2_TPO4,Fluconazole
3099,0.707676698,MID2_TPO4,Fluconazole
3100,1.275898538,MID2_TPO4,Fluconazole
3105,0.664621129,MID2_TPO4,Fluconazole
5776,-1.408734614,MID2_TPO4,Fluconazole
8629,0.932809889,MID2_TPO4,Fluconazole
8638,0.649926754,MID2_TPO4,Fluconazole
8689,0.975814193,MID2_TPO4,Fluconazole
9090,0.696565246,MID2_TPO4,Fluconazole
11940,-0.617254093,MID2_TPO4,Fluconazole
10438,-0.589139794,MID2_TPO4,Metformin
10480,-0.361351129,MID2_TPO4,Metformin
10425,-0.575152898,MID2_TPO4,Trifluoperazine
6201,-0.934044293,MID2_TPO4,noDrug
8616,0.548830063,MID2_TPO4,noDrug
8623,0.510390696,MID2_TPO4,noDrug
8633,0.540953472,MID2_TPO4,noDrug
8807,0.579076307,MID2_WSC2,5-FC
11542,0.567243355,MID2_WSC2,5-FC
905,0.690455762,MID2_WSC2,Fluconazole
910,0.615170241,MID2_WSC2,Fluconazole
911,0.644705807,MID2_WSC2,Fluconazole
915,1.142425591,MID2_WSC2,Fluconazole
917,0.832076372,MID2_WSC2,Fluconazole
920,1.163535385,MID2_WSC2,Fluconazole
924,0.636290695,MID2_WSC2,Fluconazole
2862,-0.687928808,MID2_WSC2,Fluconazole
8807,0.648607599,MID2_WSC2,Fluconazole
8810,0.60679747,MID2_WSC2,Fluconazole
7484,0.512623694,MID2_WSC2,Metformin
8807,0.529872409,MID2_WSC2,Metformin
10415,-0.542481579,MID2_WSC2,Metformin
10420,-0.503150408,MID2_WSC2,Metformin
10425,-0.529256092,MID2_WSC2,Metformin
925,0.58416595,MID2_WSC2,Trifluoperazine
928,0.604538052,MID2_WSC2,Trifluoperazine
8807,0.581733315,MID2_WSC2,Trifluoperazine
11540,0.574505448,MID2_WSC2,Trifluoperazine
2180,-2.500593194,MID2_WSC2,noDrug
11910,-0.763202472,PLM2_HNM1,5-FC
11912,-0.800454061,PLM2_HNM1,5-FC
11918,-1.032166623,PLM2_HNM1,5-FC
11920,-0.758868475,PLM2_HNM1,5-FC
11928,-0.704384677,PLM2_HNM1,5-FC
11931,-1.491026657,PLM2_HNM1,5-FC
11940,-0.65860502,PLM2_HNM1,5-FC
11946,-0.630312537,PLM2_HNM1,5-FC
575,-0.55909594,PLM2_HNM1,Fluconazole
598,-0.655866383,PLM2_HNM1,Fluconazole
3140,0.588050773,PLM2_HNM1,Fluconazole
11929,-0.599733064,PLM2_HNM1,Fluconazole
11931,-1.107797889,PLM2_HNM1,Fluconazole
11938,-0.594048655,PLM2_HNM1,Fluconazole
11946,-0.595898281,PLM2_HNM1,Fluconazole
277,0.533922989,PLM2_HNM1,Metformin
11900,-0.514074257,PLM2_HNM1,Metformin
11912,-0.512943592,PLM2_HNM1,Metformin
11917,-1.030689759,PLM2_HNM1,Metformin
11929,-0.497968179,PLM2_HNM1,Metformin
11931,-1.01036056,PLM2_HNM1,Metformin
7430,1.529672784,PLM2_HNM1,Trifluoperazine
10419,-0.593394759,PLM2_HNM1,Trifluoperazine
10438,-0.825854819,PLM2_HNM1,Trifluoperazine
925,0.567451907,PLM2_HNM1,noDrug
11910,-0.681688305,PLM2_HNM1,noDrug
11915,-0.746711394,PLM2_HNM1,noDrug
11917,-1.277505178,PLM2_HNM1,noDrug
11920,-0.752927786,PLM2_HNM1,noDrug
11929,-0.756743859,PLM2_HNM1,noDrug
11931,-1.548296754,PLM2_HNM1,noDrug
11934,-0.710540793,PLM2_HNM1,noDrug
11944,-0.690294845,PLM2_HNM1,noDrug
7430,1.567672671,PLM2_SNA3,5-FC
9431,-0.590393918,PLM2_SNA3,5-FC
7430,1.459028454,PLM2_SNA3,Fluconazole
9574,1.396325378,PLM2_SNA3,Fluconazole
10023,1.838967855,PLM2_SNA3,Fluconazole
10211,-0.522049055,PLM2_SNA3,Fluconazole
2525,0.459640962,PLM2_SNA3,Metformin
2530,0.465482684,PLM2_SNA3,Metformin
4098,-1.383712148,PLM2_SNA3,Trifluoperazine
7430,1.952766179,PLM2_SNA3,Trifluoperazine
7430,1.522702669,PLM2_SNA3,noDrug
1920,0.629315526,PMC1_CTR2,5-FC
10438,-1.019364969,PMC1_CTR2,5-FC
11910,-0.733465402,PMC1_CTR2,5-FC
11912,-0.737531808,PMC1_CTR2,5-FC
11917,-1.263660715,PMC1_CTR2,5-FC
11920,-0.743641544,PMC1_CTR2,5-FC
11928,-0.785257889,PMC1_CTR2,5-FC
11931,-1.564113929,PMC1_CTR2,5-FC
11940,-0.81685075,PMC1_CTR2,5-FC
11942,-0.77132116,PMC1_CTR2,5-FC
11948,-0.697803603,PMC1_CTR2,5-FC
11929,-0.602181,PMC1_CTR2,Fluconazole
11940,-0.656168009,PMC1_CTR2,Fluconazole
11946,-0.652611009,PMC1_CTR2,Fluconazole
10438,-0.844415834,PMC1_CTR2,Metformin
10480,-0.551757147,PMC1_CTR2,Metformin
11898,-0.57970934,PMC1_CTR2,Metformin
11912,-0.505778855,PMC1_CTR2,Metformin
11940,-0.500953258,PMC1_CTR2,Metformin
11944,-0.486198897,PMC1_CTR2,Metformin
667,1.373757852,PMC1_CTR2,Trifluoperazine
10438,-1.113573238,PMC1_CTR2,Trifluoperazine
11940,-0.619057735,PMC1_CTR2,Trifluoperazine
11944,-0.60779557,PMC1_CTR2,Trifluoperazine
667,1.358735493,PMC1_CTR2,noDrug
6983,0.653262587,PMC1_CTR2,noDrug
6988,0.629425214,PMC1_CTR2,noDrug
11910,-0.614421289,PMC1_CTR2,noDrug
11928,-0.662390707,PMC1_CTR2,noDrug
11931,-1.240927443,PMC1_CTR2,noDrug
11940,-0.700219253,PMC1_CTR2,noDrug
11944,-0.694019308,PMC1_CTR2,noDrug
1920,0.613009769,PMC1_GTR2,5-FC
10438,-0.970938041,PMC1_GTR2,5-FC
11900,-0.691219366,PMC1_GTR2,5-FC
11912,-0.697205812,PMC1_GTR2,5-FC
11924,-0.682218472,PMC1_GTR2,5-FC
11928,-0.775841153,PMC1_GTR2,5-FC
11931,-1.432144226,PMC1_GTR2,5-FC
11940,-0.784412908,PMC1_GTR2,5-FC
11946,-0.757740262,PMC1_GTR2,5-FC
11948,-0.643521392,PMC1_GTR2,5-FC
3134,0.788669057,PMC1_GTR2,Fluconazole
9427,-0.753104776,PMC1_GTR2,Fluconazole
11928,-0.715060675,PMC1_GTR2,Fluconazole
10438,-0.900247847,PMC1_GTR2,Metformin
11898,-0.556821248,PMC1_GTR2,Metformin
11912,-0.524940424,PMC1_GTR2,Metformin
11920,-0.502572736,PMC1_GTR2,Metformin
11928,-0.506933477,PMC1_GTR2,Metformin
11940,-0.542054038,PMC1_GTR2,Metformin
11946,-0.542476613,PMC1_GTR2,Metformin
10438,-1.136920239,PMC1_GTR2,Trifluoperazine
11910,-0.705559683,PMC1_GTR2,Trifluoperazine
11912,-0.696732326,PMC1_GTR2,Trifluoperazine
11924,-0.732632448,PMC1_GTR2,Trifluoperazine
11928,-0.792951389,PMC1_GTR2,Trifluoperazine
11931,-1.474140274,PMC1_GTR2,Trifluoperazine
11940,-0.836674914,PMC1_GTR2,Trifluoperazine
11946,-0.78620041,PMC1_GTR2,Trifluoperazine
11948,-0.66124495,PMC1_GTR2,Trifluoperazine
648,0.666610162,PMC1_GTR2,noDrug
667,1.3389086,PMC1_GTR2,noDrug
10438,-1.055702762,PMC1_GTR2,noDrug
11910,-0.647725688,PMC1_GTR2,noDrug
11912,-0.661447818,PMC1_GTR2,noDrug
11924,-0.691786992,PMC1_GTR2,noDrug
11928,-0.735850751,PMC1_GTR2,noDrug
11931,-1.395208756,PMC1_GTR2,noDrug
11940,-0.790985267,PMC1_GTR2,noDrug
11946,-0.737724084,PMC1_GTR2,noDrug
11948,-0.620458239,PMC1_GTR2,noDrug
2274,0.421531101,RET2_EMP47,5-FC
2528,0.449072587,RET2_EMP47,5-FC
3871,0.572317527,RET2_EMP47,5-FC
649,0.426566104,RET2_EMP47,Fluconazole
981,0.507203036,RET2_EMP47,Fluconazole
3142,0.4162044,RET2_EMP47,Fluconazole
3147,0.414933342,RET2_EMP47,Fluconazole
6174,-0.395930029,RET2_EMP47,Fluconazole
7430,1.023426817,RET2_EMP47,Fluconazole
3871,0.434819058,RET2_EMP47,Metformin
8367,0.661368532,RET2_EMP47,Metformin
8774,0.315516407,RET2_EMP47,Metformin
10480,-0.349912142,RET2_EMP47,Metformin
22,2.595290478,RET2_EMP47,Trifluoperazine
10425,-0.412062616,RET2_EMP47,Trifluoperazine
11899,-0.438797032,RET2_EMP47,Trifluoperazine
2274,0.472752006,RET2_EMP47,noDrug
779,-0.446317665,RET2_EMP70,5-FC
10480,-0.408272804,RET2_EMP70,5-FC
11904,-0.404220246,RET2_EMP70,5-FC
649,0.428843453,RET2_EMP70,Fluconazole
981,0.513033366,RET2_EMP70,Fluconazole
3100,0.787907788,RET2_EMP70,Fluconazole
3139,0.410349966,RET2_EMP70,Fluconazole
10210,-0.43930966,RET2_EMP70,Fluconazole
10213,-0.430486898,RET2_EMP70,Fluconazole
1142,0.420132496,RET2_EMP70,Metformin
5793,-0.747438595,RET2_EMP70,Metformin
5793,-0.794433686,RET2_EMP70,Trifluoperazine
11903,-0.434159949,RET2_EMP70,Trifluoperazine
2847,-0.447673328,RET2_EMP70,noDrug
2866,-0.457654845,RET2_EMP70,noDrug
779,-0.438358233,RET2_SNA3,5-FC
11900,-0.448674196,RET2_SNA3,5-FC
3357,-0.395742447,RET2_SNA3,Fluconazole
3369,-0.412939934,RET2_SNA3,Fluconazole
6430,-0.439728292,RET2_SNA3,Fluconazole
2312,0.408856395,RET2_SNA3,Metformin
2523,0.409414567,RET2_SNA3,Metformin
3563,-0.684944567,RET2_SNA3,Metformin
5793,-0.761299218,RET2_SNA3,Trifluoperazine
2752,0.623420643,RET2_SNA3,noDrug
5793,-0.725296525,RET2_SNA3,noDrug
11897,-0.392602904,RET2_SNA3,noDrug
10438,-0.831399063,SNA4_GTR2,5-FC
10480,-0.547957713,SNA4_GTR2,5-FC
11908,-0.571590322,SNA4_GTR2,5-FC
11912,-0.607887428,SNA4_GTR2,5-FC
11928,-0.510034512,SNA4_GTR2,5-FC
3357,-0.571364885,SNA4_GTR2,Fluconazole
3363,-0.691059436,SNA4_GTR2,Fluconazole
3445,-0.608211651,SNA4_GTR2,Fluconazole
8522,-0.820595974,SNA4_GTR2,Trifluoperazine
11912,-0.532101861,SNA4_GTR2,Trifluoperazine
11940,-0.525681261,SNA4_GTR2,Trifluoperazine
11946,-0.531353717,SNA4_GTR2,Trifluoperazine
344,-1.543480348,SNA4_GTR2,noDrug
11912,-0.599303383,SNA4_GTR2,noDrug
3143,0.532714753,SNA4_VAC8,Fluconazole
3144,1.109562707,SNA4_VAC8,Fluconazole
5678,-0.332902188,SNA4_VAC8,Metformin
11373,-0.316513017,SNA4_VAC8,Metformin
5415,-0.95851484,SNA4_VAC8,Trifluoperazine
3071,0.87952738,SNA4_VAC8,noDrug
653,0.594255946,SRO9_DHH1,5-FC
667,1.223756363,SRO9_DHH1,5-FC
10438,-0.970877161,SRO9_DHH1,5-FC
10456,-1.73284706,SRO9_DHH1,5-FC
11900,-0.61852142,SRO9_DHH1,5-FC
11912,-0.615281024,SRO9_DHH1,5-FC
11924,-0.565610023,SRO9_DHH1,5-FC
11929,-0.611387033,SRO9_DHH1,5-FC
11931,-1.24470489,SRO9_DHH1,5-FC
3134,0.662655809,SRO9_DHH1,Fluconazole
7430,1.675032126,SRO9_DHH1,Fluconazole
10848,-0.593258426,SRO9_DHH1,Fluconazole
11912,-0.599364134,SRO9_DHH1,Fluconazole
11929,-0.631791953,SRO9_DHH1,Fluconazole
10480,-0.349079266,SRO9_DHH1,Metformin
11897,-0.371189954,SRO9_DHH1,Metformin
370,-0.663812464,SRO9_DHH1,Trifluoperazine
10438,-0.893761827,SRO9_DHH1,Trifluoperazine
11897,-0.577769989,SRO9_DHH1,Trifluoperazine
11910,-0.620973943,SRO9_DHH1,noDrug
11912,-0.647679439,SRO9_DHH1,noDrug
11917,-1.098545162,SRO9_DHH1,noDrug
11924,-0.603866118,SRO9_DHH1,noDrug
11929,-0.619440551,SRO9_DHH1,noDrug
11931,-1.235293665,SRO9_DHH1,noDrug
11940,-0.5729583,SRO9_DHH1,noDrug
527,-4.798446914,SRO9_GIS2,5-FC
7084,4.673893261,SRO9_GIS2,5-FC
10479,-0.338019404,SRO9_GIS2,5-FC
10508,-0.496059744,SRO9_GIS2,Fluconazole
8804,0.243328601,SRO9_GIS2,Metformin
10182,-0.342316282,SRO9_GIS2,Metformin
10204,-0.49218497,SRO9_GIS2,Metformin
10438,-0.516274493,SRO9_GIS2,Trifluoperazine
648,0.496232036,SRO9_GIS2,noDrug
653,0.465185836,SRO9_GIS2,noDrug
11910,-0.459924934,SRO9_GIS2,noDrug
11912,-0.453800695,SRO9_GIS2,noDrug
11940,-0.474055177,SRO9_GIS2,noDrug
11942,-0.468390779,SRO9_GIS2,noDrug
10425,-0.437251539,SRO9_SGN1,5-FC
10438,-0.833020369,SRO9_SGN1,5-FC
10480,-0.591116044,SRO9_SGN1,5-FC
9430,-0.54034752,SRO9_SGN1,Fluconazole
8805,0.235151502,SRO9_SGN1,Metformin
8816,0.226172442,SRO9_SGN1,Metformin
11273,0.24022453,SRO9_SGN1,Metformin
10438,-0.705571808,SRO9_SGN1,Trifluoperazine
10480,-0.582671928,SRO9_SGN1,Trifluoperazine
10438,-0.847472346,SRO9_SGN1,noDrug
10480,-0.576271564,SRO9_SGN1,noDrug
10438,-0.895494942,SSH1_ERG11,5-FC
10480,-0.602347472,SSH1_ERG11,5-FC
1505,-1.186169747,SSH1_ERG11,Fluconazole
4275,0.601333678,SSH1_ERG11,Fluconazole
4282,0.723393233,SSH1_ERG11,Fluconazole
4291,0.69141353,SSH1_ERG11,Fluconazole
4891,0.572092679,SSH1_ERG11,Fluconazole
4900,0.669623827,SSH1_ERG11,Fluconazole
8894,-0.681398919,SSH1_ERG11,Fluconazole
10207,-0.625973652,SSH1_ERG11,Fluconazole
10210,-0.691249767,SSH1_ERG11,Fluconazole
10213,-0.623583107,SSH1_ERG11,Fluconazole
10220,-0.60382991,SSH1_ERG11,Fluconazole
2274,0.355612791,SSH1_ERG11,Metformin
3045,0.369116866,SSH1_ERG11,Metformin
10438,-0.722698127,SSH1_ERG11,Metformin
10480,-0.398903534,SSH1_ERG11,Metformin
282,0.616502076,SSH1_ERG11,Trifluoperazine
369,0.736553316,SSH1_ERG11,Trifluoperazine
10438,-0.974229933,SSH1_ERG11,Trifluoperazine
280,0.597021897,SSH1_ERG11,noDrug
10438,-1.145872433,SSH1_ERG11,noDrug
10480,-0.587664501,SSH1_ERG11,noDrug
282,0.617204919,SSH1_ERV25,5-FC
10438,-1.111364002,SSH1_ERV25,5-FC
11898,-0.617345557,SSH1_ERV25,5-FC
3134,0.699890212,SSH1_ERV25,Fluconazole
3142,0.650378982,SSH1_ERV25,Fluconazole
11927,-0.642606292,SSH1_ERV25,Fluconazole
282,0.41495287,SSH1_ERV25,Metformin
10208,-0.50920411,SSH1_ERV25,Metformin
10438,-0.730757673,SSH1_ERV25,Metformin
10456,-1.450028698,SSH1_ERV25,Metformin
277,0.646116492,SSH1_ERV25,Trifluoperazine
369,0.797191455,SSH1_ERV25,Trifluoperazine
10438,-1.148405912,SSH1_ERV25,Trifluoperazine
11898,-0.599727496,SSH1_ERV25,Trifluoperazine
369,0.882280288,SSH1_ERV25,noDrug
10438,-1.125149249,SSH1_ERV25,noDrug
11898,-0.622189646,SSH1_ERV25,noDrug
11912,-0.635611298,SSH1_ERV25,noDrug
11928,-0.634523853,SSH1_ERV25,noDrug
10419,-0.776700597,SSH1_ORM2,5-FC
10438,-1.184113531,SSH1_ORM2,5-FC
10456,-1.879322036,SSH1_ORM2,5-FC
3099,0.59107344,SSH1_ORM2,Fluconazole
3105,0.570275808,SSH1_ORM2,Fluconazole
3139,0.590850364,SSH1_ORM2,Fluconazole
3757,-0.677483633,SSH1_ORM2,Fluconazole
3759,-0.601484345,SSH1_ORM2,Fluconazole
8894,-0.592863012,SSH1_ORM2,Fluconazole
265,0.458106992,SSH1_ORM2,Metformin
10419,-0.560231464,SSH1_ORM2,Metformin
10438,-0.89884267,SSH1_ORM2,Metformin
10456,-1.367261115,SSH1_ORM2,Metformin
10480,-0.525744306,SSH1_ORM2,Metformin
9283,-0.576136458,SSH1_ORM2,Trifluoperazine
10419,-0.712600138,SSH1_ORM2,Trifluoperazine
10438,-1.139502324,SSH1_ORM2,Trifluoperazine
274,0.594273968,SSH1_ORM2,noDrug
10419,-0.790892148,SSH1_ORM2,noDrug
10420,-0.630660578,SSH1_ORM2,noDrug
10425,-0.618549188,SSH1_ORM2,noDrug
10438,-1.424358323,SSH1_ORM2,noDrug
10456,-2.16888968,SSH1_ORM2,noDrug
51,-0.750117584,SSH1_PIS1,5-FC
3139,0.560346154,SSH1_PIS1,Fluconazole
3755,-0.553911035,SSH1_PIS1,Fluconazole
10208,-0.652015142,SSH1_PIS1,Fluconazole
10214,-0.631390476,SSH1_PIS1,Fluconazole
10222,-0.577861041,SSH1_PIS1,Fluconazole
51,-0.596248308,SSH1_PIS1,Metformin
51,-0.695319223,SSH1_PIS1,Trifluoperazine
10419,-0.687810024,SSH1_PIS1,Trifluoperazine
10438,-0.925216295,SSH1_PIS1,Trifluoperazine
51,-0.669136259,SSH1_PIS1,noDrug
10419,-0.703476696,SSH1_PIS1,noDrug
11900,-0.635287195,TPO1_MID2,5-FC
11912,-0.593205405,TPO1_MID2,5-FC
11920,-0.602117975,TPO1_MID2,5-FC
11928,-0.613146285,TPO1_MID2,5-FC
11931,-1.259463466,TPO1_MID2,5-FC
11932,-0.592470373,TPO1_MID2,5-FC
11946,-0.588641821,TPO1_MID2,5-FC
3134,0.62246894,TPO1_MID2,Fluconazole
5741,-0.588021956,TPO1_MID2,Fluconazole
4528,-0.366524045,TPO1_MID2,Metformin
8187,-0.357779211,TPO1_MID2,Metformin
8778,0.433371949,TPO1_MID2,Metformin
10480,-0.387962954,TPO1_MID2,Metformin
11897,-0.645601573,TPO1_MID2,Trifluoperazine
11912,-0.577614784,TPO1_MID2,Trifluoperazine
11921,-0.556396355,TPO1_MID2,Trifluoperazine
11928,-0.608657156,TPO1_MID2,Trifluoperazine
11931,-1.214583448,TPO1_MID2,Trifluoperazine
11940,-0.558630067,TPO1_MID2,Trifluoperazine
11900,-0.624436617,TPO1_MID2,noDrug
11912,-0.5825046,TPO1_MID2,noDrug
11924,-0.596075046,TPO1_MID2,noDrug
11928,-0.624762791,TPO1_MID2,noDrug
11931,-1.289810944,TPO1_MID2,noDrug
11940,-0.608188199,TPO1_MID2,noDrug
11946,-0.610965825,TPO1_MID2,noDrug
8778,0.616759692,TPO1_TCB2,5-FC
10480,-0.618155629,TPO1_TCB2,5-FC
11897,-0.666465469,TPO1_TCB2,5-FC
11920,-0.655428592,TPO1_TCB2,5-FC
11928,-0.691221067,TPO1_TCB2,5-FC
11931,-1.376414887,TPO1_TCB2,5-FC
11940,-0.624412506,TPO1_TCB2,5-FC
11944,-0.611518096,TPO1_TCB2,5-FC
649,0.811742581,TPO1_TCB2,Fluconazole
981,0.703042349,TPO1_TCB2,Fluconazole
11928,-0.638358161,TPO1_TCB2,Fluconazole
11931,-1.310326227,TPO1_TCB2,Fluconazole
5741,-0.547219737,TPO1_TCB2,Metformin
10480,-0.515887817,TPO1_TCB2,Metformin
11921,-0.389201022,TPO1_TCB2,Trifluoperazine
11928,-0.396989332,TPO1_TCB2,Trifluoperazine
11931,-0.808166751,TPO1_TCB2,Trifluoperazine
10480,-0.523220859,TPO1_TCB2,noDrug
11897,-0.562329996,TPO1_TCB2,noDrug
11912,-0.54050099,TPO1_TCB2,noDrug
11921,-0.557871461,TPO1_TCB2,noDrug
11928,-0.57696478,TPO1_TCB2,noDrug
11931,-1.08977166,TPO1_TCB2,noDrug
11940,-0.550951427,TPO1_TCB2,noDrug
11944,-0.536134255,TPO1_TCB2,noDrug
10419,-0.570956522,TPO1_TPO2,5-FC
10438,-0.79109295,TPO1_TPO2,5-FC
10480,-0.466349315,TPO1_TPO2,5-FC
11905,-0.509225171,TPO1_TPO2,5-FC
11928,-0.485215571,TPO1_TPO2,5-FC
11931,-1.044814359,TPO1_TPO2,5-FC
11932,-0.499536139,TPO1_TPO2,5-FC
648,0.657674079,TPO1_TPO2,Fluconazole
977,0.678849992,TPO1_TPO2,Fluconazole
1784,1.245094565,TPO1_TPO2,Fluconazole
3134,0.644181026,TPO1_TPO2,Fluconazole
3910,2.324806292,TPO1_TPO2,Fluconazole
4528,-0.629741725,TPO1_TPO2,Fluconazole
11897,-0.427214085,TPO1_TPO2,Metformin
22,3.79676472,TPO1_TPO2,Trifluoperazine
10456,-1.762203458,TPO1_TPO2,Trifluoperazine
10480,-0.589171467,TPO1_TPO2,Trifluoperazine
11897,-0.661553212,TPO1_TPO2,Trifluoperazine
11912,-0.589532773,TPO1_TPO2,Trifluoperazine
11921,-0.613611183,TPO1_TPO2,Trifluoperazine
11928,-0.633761834,TPO1_TPO2,Trifluoperazine
11931,-1.338524059,TPO1_TPO2,Trifluoperazine
11940,-0.608016981,TPO1_TPO2,Trifluoperazine
11946,-0.613964737,TPO1_TPO2,Trifluoperazine
22,4.206123235,TPO1_TPO2,noDrug
274,0.634672741,TPO1_TPO2,noDrug
648,0.670000755,TPO1_TPO2,noDrug
5741,-0.65830148,TPO1_TPO2,noDrug
10480,-0.681051057,TPO1_TPO2,noDrug
11910,-0.642399685,TPO1_TPO2,noDrug
11921,-0.65911489,TPO1_TPO2,noDrug
11928,-0.674516237,TPO1_TPO2,noDrug
11931,-1.470430794,TPO1_TPO2,noDrug
11932,-0.686974438,TPO1_TPO2,noDrug
11946,-0.674409603,TPO1_TPO2,noDrug
