SNP	beta	abs_beta	PPI	DRUG	LD050_ID	cis_PPI_genes	cis_trans
10214	-0.666932777	0.666932777	['ADE17', 'GIS2']	5-FC	LD050_2083		trans
10220	-0.556715619	0.556715619	['ADE17', 'GIS2']	5-FC	LD050_2086		trans
10224	-0.598979546	0.598979546	['ADE17', 'GIS2']	5-FC	LD050_2088		trans
7078	0.488152931	0.488152931	['ADE17', 'GIS2']	Fluconazole	LD050_1460		trans
11910	-0.44568902	0.44568902	['ADE17', 'GIS2']	Fluconazole	LD050_2418		trans
4647	-0.789097954	0.789097954	['ADE17', 'GIS2']	Metformin	LD050_989		trans
2275	0.511965796	0.511965796	['ADE17', 'GIS2']	noDrug	LD050_512		trans
3745	-0.53733216	0.53733216	['ADE17', 'HYR1']	Fluconazole	LD050_778		trans
7076	0.467677297	0.467677297	['ADE17', 'HYR1']	Fluconazole	LD050_1460		trans
649	0.488727156	0.488727156	['ADE17', 'HYR1']	Metformin	LD050_152		trans
2274	0.481486897	0.481486897	['ADE17', 'HYR1']	Metformin	LD050_512		trans
649	0.628891311	0.628891311	['ADE17', 'HYR1']	noDrug	LD050_152		trans
1096	-0.512281313	0.512281313	['ADE17', 'PGM2']	5-FC	LD050_293		trans
1103	-0.551042652	0.551042652	['ADE17', 'PGM2']	5-FC	LD050_294		trans
10190	-0.58077282	0.58077282	['ADE17', 'PGM2']	5-FC	LD050_2078		trans
10212	-0.632015084	0.632015084	['ADE17', 'PGM2']	5-FC	LD050_2082		trans
4893	0.642006069	0.642006069	['ADE17', 'PGM2']	Fluconazole	LD050_1042		trans
11918	-0.645895206	0.645895206	['ADE17', 'PGM2']	Fluconazole	LD050_2421		trans
11921	-0.462008284	0.462008284	['ADE17', 'PGM2']	Fluconazole	LD050_2422		trans
11928	-0.435472055	0.435472055	['ADE17', 'PGM2']	Fluconazole	LD050_2424		trans
82	-0.413688959	0.413688959	['ADE17', 'PGM2']	Metformin	LD050_29		trans
1093	-0.536330161	0.536330161	['ADE17', 'PGM2']	Metformin	LD050_291		trans
1095	-0.563615368	0.563615368	['ADE17', 'PGM2']	Metformin	LD050_293		trans
1099	-0.528173743	0.528173743	['ADE17', 'PGM2']	Metformin	LD050_294		trans
1093	-0.649302827	0.649302827	['ADE17', 'PGM2']	Trifluoperazine	LD050_291		trans
1097	-0.695476542	0.695476542	['ADE17', 'PGM2']	Trifluoperazine	LD050_293		trans
1103	-0.603807802	0.603807802	['ADE17', 'PGM2']	Trifluoperazine	LD050_294		trans
10207	-0.593035517	0.593035517	['ADE17', 'PGM2']	Trifluoperazine	LD050_2081		trans
10212	-0.580191045	0.580191045	['ADE17', 'PGM2']	Trifluoperazine	LD050_2082		trans
10842	-0.533036542	0.533036542	['ADE17', 'PGM2']	Trifluoperazine	LD050_2201	TPO4	trans
10853	-0.577217299	0.577217299	['ADE17', 'PGM2']	Trifluoperazine	LD050_2204		trans
10861	-1.325353565	1.325353565	['ADE17', 'PGM2']	Trifluoperazine	LD050_2205		trans
10865	-0.584102813	0.584102813	['ADE17', 'PGM2']	Trifluoperazine	LD050_2206		trans
1093	-0.504355343	0.504355343	['ADE17', 'PGM2']	noDrug	LD050_291		trans
1096	-0.583791104	0.583791104	['ADE17', 'PGM2']	noDrug	LD050_293		trans
1103	-0.568276373	0.568276373	['ADE17', 'PGM2']	noDrug	LD050_294		trans
10207	-0.560292459	0.560292459	['ADE17', 'PGM2']	noDrug	LD050_2081		trans
10212	-0.655080404	0.655080404	['ADE17', 'PGM2']	noDrug	LD050_2082		trans
10855	-0.500377952	0.500377952	['ADE17', 'PGM2']	noDrug	LD050_2204		trans
10861	-1.035483101	1.035483101	['ADE17', 'PGM2']	noDrug	LD050_2205		trans
2866	-0.618766116	0.618766116	['ALO1', 'ADE17']	5-FC	LD050_607		trans
5734	-0.667930125	0.667930125	['ALO1', 'ADE17']	5-FC	LD050_1215		trans
5747	-0.716956424	0.716956424	['ALO1', 'ADE17']	5-FC	LD050_1216		trans
5766	-0.70500492	0.70500492	['ALO1', 'ADE17']	5-FC	LD050_1219		trans
5779	-0.701719158	0.701719158	['ALO1', 'ADE17']	5-FC	LD050_1223		trans
10419	-0.760577861	0.760577861	['ALO1', 'ADE17']	5-FC	LD050_2139		trans
11910	-0.714236331	0.714236331	['ALO1', 'ADE17']	5-FC	LD050_2418		trans
11912	-0.663732694	0.663732694	['ALO1', 'ADE17']	5-FC	LD050_2420		trans
11940	-0.628069781	0.628069781	['ALO1', 'ADE17']	5-FC	LD050_2426		trans
11942	-0.648069467	0.648069467	['ALO1', 'ADE17']	5-FC	LD050_2428		trans
2528	0.670601324	0.670601324	['ALO1', 'ADE17']	Fluconazole	LD050_537		trans
5693	-0.704412211	0.704412211	['ALO1', 'ADE17']	Fluconazole	LD050_1208	MAM33	trans
5704	-0.711954684	0.711954684	['ALO1', 'ADE17']	Fluconazole	LD050_1210		trans
5716	-1.325522539	1.325522539	['ALO1', 'ADE17']	Fluconazole	LD050_1211		trans
5721	-0.663241049	0.663241049	['ALO1', 'ADE17']	Fluconazole	LD050_1212		trans
5732	-0.838136636	0.838136636	['ALO1', 'ADE17']	Fluconazole	LD050_1215		trans
2528	0.524813304	0.524813304	['ALO1', 'ADE17']	Metformin	LD050_537		trans
5734	-0.524286711	0.524286711	['ALO1', 'ADE17']	Metformin	LD050_1215		trans
11903	-0.549320546	0.549320546	['ALO1', 'ADE17']	Metformin	LD050_2418		trans
11912	-0.516350796	0.516350796	['ALO1', 'ADE17']	Metformin	LD050_2420		trans
11918	-0.794341768	0.794341768	['ALO1', 'ADE17']	Metformin	LD050_2421		trans
11927	-0.528265517	0.528265517	['ALO1', 'ADE17']	Metformin	LD050_2424		trans
11940	-0.542141429	0.542141429	['ALO1', 'ADE17']	Metformin	LD050_2426		trans
11942	-0.584328853	0.584328853	['ALO1', 'ADE17']	Metformin	LD050_2428		trans
5734	-0.645805735	0.645805735	['ALO1', 'ADE17']	Trifluoperazine	LD050_1215		trans
5747	-0.612513886	0.612513886	['ALO1', 'ADE17']	Trifluoperazine	LD050_1216		trans
5766	-0.604125975	0.604125975	['ALO1', 'ADE17']	Trifluoperazine	LD050_1219		trans
5779	-0.586845365	0.586845365	['ALO1', 'ADE17']	Trifluoperazine	LD050_1223		trans
11910	-0.640201281	0.640201281	['ALO1', 'ADE17']	Trifluoperazine	LD050_2418		trans
11912	-0.620483129	0.620483129	['ALO1', 'ADE17']	Trifluoperazine	LD050_2420		trans
11921	-0.603890739	0.603890739	['ALO1', 'ADE17']	Trifluoperazine	LD050_2422		trans
11927	-0.615787451	0.615787451	['ALO1', 'ADE17']	Trifluoperazine	LD050_2424		trans
11940	-0.644210349	0.644210349	['ALO1', 'ADE17']	Trifluoperazine	LD050_2426		trans
11942	-0.659480694	0.659480694	['ALO1', 'ADE17']	Trifluoperazine	LD050_2428		trans
5750	-0.664125436	0.664125436	['ALO1', 'ADE17']	noDrug	LD050_1216		trans
5779	-0.659866676	0.659866676	['ALO1', 'ADE17']	noDrug	LD050_1223		trans
11910	-0.744102108	0.744102108	['ALO1', 'ADE17']	noDrug	LD050_2418		trans
11912	-0.72591937	0.72591937	['ALO1', 'ADE17']	noDrug	LD050_2420		trans
11922	-0.665145537	0.665145537	['ALO1', 'ADE17']	noDrug	LD050_2422		trans
11927	-0.709918036	0.709918036	['ALO1', 'ADE17']	noDrug	LD050_2424		trans
11940	-0.732559504	0.732559504	['ALO1', 'ADE17']	noDrug	LD050_2426		trans
11942	-0.764341729	0.764341729	['ALO1', 'ADE17']	noDrug	LD050_2428		trans
5792	-0.535033186	0.535033186	['ALO1', 'HYR1']	5-FC	LD050_1226		trans
10438	-0.939086382	0.939086382	['ALO1', 'HYR1']	5-FC	LD050_2147		trans
11929	-0.571681977	0.571681977	['ALO1', 'HYR1']	5-FC	LD050_2424		trans
11940	-0.554589201	0.554589201	['ALO1', 'HYR1']	5-FC	LD050_2426		trans
11945	-0.554170283	0.554170283	['ALO1', 'HYR1']	5-FC	LD050_2428		trans
1784	1.401887527	1.401887527	['ALO1', 'HYR1']	Fluconazole	LD050_445		trans
5745	-0.66083254	0.66083254	['ALO1', 'HYR1']	Fluconazole	LD050_1216		trans
8898	-0.648596716	0.648596716	['ALO1', 'HYR1']	Fluconazole	LD050_1821		trans
10216	-0.687016277	0.687016277	['ALO1', 'HYR1']	Fluconazole	LD050_2083		trans
11711	0.656108772	0.656108772	['ALO1', 'HYR1']	Fluconazole	LD050_2378		trans
11912	-0.629977903	0.629977903	['ALO1', 'HYR1']	Fluconazole	LD050_2420		trans
11940	-0.611644231	0.611644231	['ALO1', 'HYR1']	Fluconazole	LD050_2426		trans
11946	-0.631393877	0.631393877	['ALO1', 'HYR1']	Fluconazole	LD050_2428		trans
2530	0.481206138	0.481206138	['ALO1', 'HYR1']	Metformin	LD050_537		trans
5792	-0.468369867	0.468369867	['ALO1', 'HYR1']	Metformin	LD050_1226		trans
10389	0.808421594	0.808421594	['ALO1', 'HYR1']	noDrug	LD050_2127		trans
10438	-0.912223589	0.912223589	['ALO1', 'HYR1']	noDrug	LD050_2147		trans
11909	-0.569897102	0.569897102	['ALO1', 'HYR1']	noDrug	LD050_2418		trans
11912	-0.623881887	0.623881887	['ALO1', 'HYR1']	noDrug	LD050_2420		trans
11920	-0.586828911	0.586828911	['ALO1', 'HYR1']	noDrug	LD050_2422		trans
11929	-0.620089713	0.620089713	['ALO1', 'HYR1']	noDrug	LD050_2424		trans
11940	-0.618596348	0.618596348	['ALO1', 'HYR1']	noDrug	LD050_2426		trans
11945	-0.600224926	0.600224926	['ALO1', 'HYR1']	noDrug	LD050_2428		trans
6985	0.648233074	0.648233074	['ALO1', 'UIP4']	5-FC	LD050_1443		trans
6987	0.627095125	0.627095125	['ALO1', 'UIP4']	5-FC	LD050_1445		trans
10419	-0.751060835	0.751060835	['ALO1', 'UIP4']	5-FC	LD050_2139		trans
10425	-0.64531408	0.64531408	['ALO1', 'UIP4']	5-FC	LD050_2143		trans
10438	-1.053650252	1.053650252	['ALO1', 'UIP4']	5-FC	LD050_2147		trans
10480	-0.720731034	0.720731034	['ALO1', 'UIP4']	5-FC	LD050_2157		trans
11897	-0.68325472	0.68325472	['ALO1', 'UIP4']	5-FC	LD050_2418		trans
11912	-0.679810481	0.679810481	['ALO1', 'UIP4']	5-FC	LD050_2420		trans
11940	-0.63979367	0.63979367	['ALO1', 'UIP4']	5-FC	LD050_2426		trans
1784	1.173047184	1.173047184	['ALO1', 'UIP4']	Fluconazole	LD050_445		trans
11912	-0.574406482	0.574406482	['ALO1', 'UIP4']	Fluconazole	LD050_2420		trans
11918	-0.931055407	0.931055407	['ALO1', 'UIP4']	Fluconazole	LD050_2421		trans
11935	-0.578813596	0.578813596	['ALO1', 'UIP4']	Fluconazole	LD050_2426		trans
11946	-0.61415972	0.61415972	['ALO1', 'UIP4']	Fluconazole	LD050_2428		trans
8522	-0.802114416	0.802114416	['ALO1', 'UIP4']	Metformin	LD050_1763	ALO1	cis
10438	-0.871119858	0.871119858	['ALO1', 'UIP4']	Metformin	LD050_2147		trans
10480	-0.580997715	0.580997715	['ALO1', 'UIP4']	Metformin	LD050_2157		trans
11897	-0.525142938	0.525142938	['ALO1', 'UIP4']	Metformin	LD050_2418		trans
6985	0.587632641	0.587632641	['ALO1', 'UIP4']	Trifluoperazine	LD050_1443		trans
6989	0.56995044	0.56995044	['ALO1', 'UIP4']	Trifluoperazine	LD050_1445		trans
10438	-1.108831864	1.108831864	['ALO1', 'UIP4']	Trifluoperazine	LD050_2147		trans
10480	-0.564488442	0.564488442	['ALO1', 'UIP4']	Trifluoperazine	LD050_2157		trans
11912	-0.580768704	0.580768704	['ALO1', 'UIP4']	Trifluoperazine	LD050_2420		trans
11928	-0.564796447	0.564796447	['ALO1', 'UIP4']	Trifluoperazine	LD050_2424		trans
10417	-0.653774707	0.653774707	['ALO1', 'UIP4']	noDrug	LD050_2137		trans
10419	-0.785704956	0.785704956	['ALO1', 'UIP4']	noDrug	LD050_2139		trans
10420	-0.621118471	0.621118471	['ALO1', 'UIP4']	noDrug	LD050_2140		trans
10425	-0.69711944	0.69711944	['ALO1', 'UIP4']	noDrug	LD050_2143		trans
10438	-1.016240868	1.016240868	['ALO1', 'UIP4']	noDrug	LD050_2147		trans
10480	-0.618890874	0.618890874	['ALO1', 'UIP4']	noDrug	LD050_2157		trans
11897	-0.651432383	0.651432383	['ALO1', 'UIP4']	noDrug	LD050_2418		trans
11912	-0.651286605	0.651286605	['ALO1', 'UIP4']	noDrug	LD050_2420		trans
11928	-0.602280302	0.602280302	['ALO1', 'UIP4']	noDrug	LD050_2424		trans
11931	-1.217008384	1.217008384	['ALO1', 'UIP4']	noDrug	LD050_2425		trans
11944	-0.622673763	0.622673763	['ALO1', 'UIP4']	noDrug	LD050_2428		trans
10438	-0.824845591	0.824845591	['DHH1', 'LSM3']	5-FC	LD050_2147		trans
3134	0.613770124	0.613770124	['DHH1', 'LSM3']	Fluconazole	LD050_665		trans
3143	0.626616959	0.626616959	['DHH1', 'LSM3']	Fluconazole	LD050_667		trans
3144	1.458055304	1.458055304	['DHH1', 'LSM3']	Fluconazole	LD050_668		trans
4914	0.624449892	0.624449892	['DHH1', 'LSM3']	Fluconazole	LD050_1052		trans
9430	-0.582860666	0.582860666	['DHH1', 'LSM3']	Fluconazole	LD050_1911		trans
10419	-0.692679882	0.692679882	['DHH1', 'LSM3']	Fluconazole	LD050_2139		trans
10425	-0.628541633	0.628541633	['DHH1', 'LSM3']	Fluconazole	LD050_2143		trans
7115	-0.269925191	0.269925191	['DHH1', 'LSM3']	Metformin	LD050_1468		trans
7123	-0.308439893	0.308439893	['DHH1', 'LSM3']	Metformin	LD050_1470		trans
7128	-0.280485791	0.280485791	['DHH1', 'LSM3']	Metformin	LD050_1471		trans
5793	-1.091562269	1.091562269	['DHH1', 'LSM3']	noDrug	LD050_1227		trans
11897	-0.610518866	0.610518866	['DHH1', 'LSM3']	noDrug	LD050_2418		trans
9995	-1.1281231	1.1281231	['ERG11', 'ACF2']	5-FC	LD050_2033		trans
10389	0.769108732	0.769108732	['ERG11', 'ACF2']	5-FC	LD050_2127		trans
10419	-0.657961996	0.657961996	['ERG11', 'ACF2']	5-FC	LD050_2139		trans
10438	-0.940397843	0.940397843	['ERG11', 'ACF2']	5-FC	LD050_2147		trans
11910	-0.598399617	0.598399617	['ERG11', 'ACF2']	5-FC	LD050_2418		trans
11912	-0.597531359	0.597531359	['ERG11', 'ACF2']	5-FC	LD050_2420		trans
11924	-0.559079149	0.559079149	['ERG11', 'ACF2']	5-FC	LD050_2422		trans
11928	-0.57794965	0.57794965	['ERG11', 'ACF2']	5-FC	LD050_2424		trans
11931	-1.201058569	1.201058569	['ERG11', 'ACF2']	5-FC	LD050_2425		trans
11940	-0.625071678	0.625071678	['ERG11', 'ACF2']	5-FC	LD050_2426		trans
11946	-0.639489074	0.639489074	['ERG11', 'ACF2']	5-FC	LD050_2428		trans
3129	0.481753934	0.481753934	['ERG11', 'ACF2']	Fluconazole	LD050_665		trans
3136	0.49249057	0.49249057	['ERG11', 'ACF2']	Fluconazole	LD050_667		trans
3757	-0.596117426	0.596117426	['ERG11', 'ACF2']	Fluconazole	LD050_783		trans
4732	1.08280352	1.08280352	['ERG11', 'ACF2']	Metformin	LD050_1004		trans
10419	-0.628382061	0.628382061	['ERG11', 'ACF2']	Metformin	LD050_2139		trans
10425	-0.535970745	0.535970745	['ERG11', 'ACF2']	Metformin	LD050_2143		trans
10438	-0.921855552	0.921855552	['ERG11', 'ACF2']	Metformin	LD050_2147		trans
10480	-0.527043166	0.527043166	['ERG11', 'ACF2']	Metformin	LD050_2157		trans
11917	-1.000995361	1.000995361	['ERG11', 'ACF2']	Metformin	LD050_2421		trans
6983	0.57867792	0.57867792	['ERG11', 'ACF2']	Trifluoperazine	LD050_1443		trans
10425	-0.51617317	0.51617317	['ERG11', 'ACF2']	Trifluoperazine	LD050_2143		trans
10438	-0.922678095	0.922678095	['ERG11', 'ACF2']	Trifluoperazine	LD050_2147		trans
10389	0.743577274	0.743577274	['ERG11', 'ACF2']	noDrug	LD050_2127		trans
10438	-0.894086526	0.894086526	['ERG11', 'ACF2']	noDrug	LD050_2147		trans
11910	-0.613608386	0.613608386	['ERG11', 'ACF2']	noDrug	LD050_2418		trans
11912	-0.57531933	0.57531933	['ERG11', 'ACF2']	noDrug	LD050_2420		trans
11921	-0.521706575	0.521706575	['ERG11', 'ACF2']	noDrug	LD050_2422		trans
11940	-0.542345292	0.542345292	['ERG11', 'ACF2']	noDrug	LD050_2426		trans
11946	-0.565271051	0.565271051	['ERG11', 'ACF2']	noDrug	LD050_2428		trans
9717	1.265421219	1.265421219	['ERG11', 'ERG5']	Fluconazole	LD050_1966		trans
11900	-0.450814284	0.450814284	['ERG11', 'ERG5']	Fluconazole	LD050_2418		trans
11912	-0.470481797	0.470481797	['ERG11', 'ERG5']	Fluconazole	LD050_2420		trans
11918	-0.635726349	0.635726349	['ERG11', 'ERG5']	Fluconazole	LD050_2421		trans
11921	-0.442645641	0.442645641	['ERG11', 'ERG5']	Fluconazole	LD050_2422		trans
11926	-0.425632944	0.425632944	['ERG11', 'ERG5']	Fluconazole	LD050_2424		trans
8795	0.274926308	0.274926308	['ERG11', 'ERG5']	Metformin	LD050_1807		trans
10262	-1.038612466	1.038612466	['ERG11', 'ERG5']	Metformin	LD050_2105		trans
10438	-0.493444927	0.493444927	['ERG11', 'ERG5']	Trifluoperazine	LD050_2147		trans
10456	-0.929550634	0.929550634	['ERG11', 'ERG5']	Trifluoperazine	LD050_2151		trans
10480	-0.309114311	0.309114311	['ERG11', 'ERG5']	Trifluoperazine	LD050_2157		trans
8471	-0.488889771	0.488889771	['ERG11', 'ERG5']	noDrug	LD050_1760	ALO1	trans
10480	-0.422586295	0.422586295	['ERG11', 'ERV25']	5-FC	LD050_2157		trans
3815	0.50021191	0.50021191	['ERG11', 'ERV25']	Fluconazole	LD050_796	RET2	trans
10104	-0.897315115	0.897315115	['ERG11', 'ERV25']	Fluconazole	LD050_2067		trans
3141	0.287433384	0.287433384	['ERG11', 'ERV25']	Metformin	LD050_667		trans
3148	0.27300292	0.27300292	['ERG11', 'ERV25']	Metformin	LD050_670		trans
648	0.429143668	0.429143668	['ERG11', 'ERV25']	noDrug	LD050_152		trans
667	0.948079372	0.948079372	['ERG11', 'ERV25']	noDrug	LD050_159		trans
3871	0.710971404	0.710971404	['ERG11', 'ERV25']	noDrug	LD050_813		trans
4116	-0.915622524	0.915622524	['ERG11', 'ERV25']	noDrug	LD050_881		trans
6201	-0.766103648	0.766103648	['ERG11', 'ERV25']	noDrug	LD050_1325		trans
10480	-0.437315995	0.437315995	['ERG11', 'ERV25']	noDrug	LD050_2157		trans
10862	-0.421775136	0.421775136	['ERG11', 'ERV25']	noDrug	LD050_2206		trans
7455	-0.302214469	0.302214469	['ERG11', 'HYR1']	5-FC	LD050_1537		trans
7936	0.937062438	0.937062438	['ERG11', 'HYR1']	5-FC	LD050_1635		trans
11395	-0.539438787	0.539438787	['ERG11', 'HYR1']	5-FC	LD050_2327		trans
1784	0.938947975	0.938947975	['ERG11', 'HYR1']	Fluconazole	LD050_445		trans
3951	-0.44817073	0.44817073	['ERG11', 'HYR1']	Fluconazole	LD050_836		trans
4290	0.462088778	0.462088778	['ERG11', 'HYR1']	Fluconazole	LD050_922	PMC1	trans
4891	0.464346575	0.464346575	['ERG11', 'HYR1']	Fluconazole	LD050_1041		trans
4972	0.465339011	0.465339011	['ERG11', 'HYR1']	Fluconazole	LD050_1061	ERG11	cis
9574	1.168105637	1.168105637	['ERG11', 'HYR1']	Fluconazole	LD050_1931		trans
10438	-0.542460351	0.542460351	['ERG11', 'HYR1']	Trifluoperazine	LD050_2147		trans
9553	-0.368761874	0.368761874	['ERG11', 'HYR1']	noDrug	LD050_1929		trans
10438	-0.687680581	0.687680581	['ERG11', 'HYR1']	noDrug	LD050_2147		trans
10438	-0.73615625	0.73615625	['ERG11', 'MID2']	5-FC	LD050_2147		trans
10456	-1.39997688	1.39997688	['ERG11', 'MID2']	5-FC	LD050_2151		trans
10480	-0.487860369	0.487860369	['ERG11', 'MID2']	5-FC	LD050_2157		trans
4285	0.463345741	0.463345741	['ERG11', 'MID2']	Fluconazole	LD050_918		trans
4290	0.472782738	0.472782738	['ERG11', 'MID2']	Fluconazole	LD050_922	PMC1	trans
9430	-0.454167713	0.454167713	['ERG11', 'MID2']	Fluconazole	LD050_1911		trans
9793	0.446199525	0.446199525	['ERG11', 'MID2']	Fluconazole	LD050_1992		trans
1147	0.313735218	0.313735218	['ERG11', 'MID2']	Metformin	LD050_307		trans
8774	0.273762895	0.273762895	['ERG11', 'MID2']	Metformin	LD050_1805	PGM2	trans
9283	-0.268597877	0.268597877	['ERG11', 'MID2']	Metformin	LD050_1896		trans
10438	-0.844600009	0.844600009	['ERG11', 'MID2']	Trifluoperazine	LD050_2147		trans
10456	-1.641374523	1.641374523	['ERG11', 'MID2']	Trifluoperazine	LD050_2151		trans
10480	-0.518760905	0.518760905	['ERG11', 'MID2']	Trifluoperazine	LD050_2157		trans
11899	-0.49782393	0.49782393	['ERG11', 'MID2']	Trifluoperazine	LD050_2418		trans
11912	-0.481335028	0.481335028	['ERG11', 'MID2']	Trifluoperazine	LD050_2420		trans
10480	-0.565697035	0.565697035	['ERG11', 'MID2']	noDrug	LD050_2157		trans
8792	0.480509401	0.480509401	['ERG11', 'ORM2']	5-FC	LD050_1805	PGM2	trans
8795	0.501939111	0.501939111	['ERG11', 'ORM2']	5-FC	LD050_1807		trans
8797	0.474276541	0.474276541	['ERG11', 'ORM2']	5-FC	LD050_1809	ADE17	trans
8810	0.532774041	0.532774041	['ERG11', 'ORM2']	5-FC	LD050_1811	ADE17	trans
11873	-1.835347024	1.835347024	['ERG11', 'ORM2']	5-FC	LD050_2416		trans
11910	-0.549697844	0.549697844	['ERG11', 'ORM2']	5-FC	LD050_2418		trans
11912	-0.606341027	0.606341027	['ERG11', 'ORM2']	5-FC	LD050_2420		trans
11917	-0.911267845	0.911267845	['ERG11', 'ORM2']	5-FC	LD050_2421		trans
11924	-0.543281492	0.543281492	['ERG11', 'ORM2']	5-FC	LD050_2422		trans
11928	-0.566592565	0.566592565	['ERG11', 'ORM2']	5-FC	LD050_2424		trans
11931	-1.104338848	1.104338848	['ERG11', 'ORM2']	5-FC	LD050_2425		trans
11940	-0.531906882	0.531906882	['ERG11', 'ORM2']	5-FC	LD050_2426		trans
11943	-0.552203506	0.552203506	['ERG11', 'ORM2']	5-FC	LD050_2428		trans
819	0.508264363	0.508264363	['ERG11', 'ORM2']	Fluconazole	LD050_199		trans
2015	0.513286045	0.513286045	['ERG11', 'ORM2']	Fluconazole	LD050_483		trans
3847	0.503526013	0.503526013	['ERG11', 'ORM2']	Fluconazole	LD050_802		trans
4852	0.498385309	0.498385309	['ERG11', 'ORM2']	Fluconazole	LD050_1036		trans
4901	0.478470816	0.478470816	['ERG11', 'ORM2']	Fluconazole	LD050_1045		trans
4904	0.478624569	0.478624569	['ERG11', 'ORM2']	Fluconazole	LD050_1047		trans
4978	0.497536302	0.497536302	['ERG11', 'ORM2']	Fluconazole	LD050_1061	ERG11	cis
4198	-0.280660866	0.280660866	['ERG11', 'ORM2']	Metformin	LD050_900		trans
4206	-0.29539375	0.29539375	['ERG11', 'ORM2']	Metformin	LD050_902		trans
4209	-0.29192578	0.29192578	['ERG11', 'ORM2']	Metformin	LD050_905		trans
4223	-0.326621323	0.326621323	['ERG11', 'ORM2']	Metformin	LD050_907		trans
4532	-0.28109405	0.28109405	['ERG11', 'ORM2']	Metformin	LD050_961	TPO2	trans
5668	-0.274120574	0.274120574	['ERG11', 'ORM2']	Metformin	LD050_1204		trans
5671	-0.278778237	0.278778237	['ERG11', 'ORM2']	Metformin	LD050_1206		trans
8792	0.400423781	0.400423781	['ERG11', 'ORM2']	Metformin	LD050_1805	PGM2	trans
8795	0.353721599	0.353721599	['ERG11', 'ORM2']	Metformin	LD050_1807		trans
8799	0.412412063	0.412412063	['ERG11', 'ORM2']	Metformin	LD050_1809	ADE17	trans
8810	0.401646805	0.401646805	['ERG11', 'ORM2']	Metformin	LD050_1811	ADE17	trans
657	0.461538959	0.461538959	['ERG11', 'ORM2']	Trifluoperazine	LD050_155		trans
8792	0.526999588	0.526999588	['ERG11', 'ORM2']	Trifluoperazine	LD050_1805	PGM2	trans
8794	0.527110163	0.527110163	['ERG11', 'ORM2']	Trifluoperazine	LD050_1807		trans
8802	0.525324641	0.525324641	['ERG11', 'ORM2']	Trifluoperazine	LD050_1809	ADE17	trans
8810	0.516702185	0.516702185	['ERG11', 'ORM2']	Trifluoperazine	LD050_1811	ADE17	trans
10438	-0.774645212	0.774645212	['ERG11', 'ORM2']	Trifluoperazine	LD050_2147		trans
11909	-0.546242742	0.546242742	['ERG11', 'ORM2']	Trifluoperazine	LD050_2418		trans
11912	-0.531551774	0.531551774	['ERG11', 'ORM2']	Trifluoperazine	LD050_2420		trans
11921	-0.548704771	0.548704771	['ERG11', 'ORM2']	Trifluoperazine	LD050_2422		trans
11928	-0.539724324	0.539724324	['ERG11', 'ORM2']	Trifluoperazine	LD050_2424		trans
11931	-1.02969757	1.02969757	['ERG11', 'ORM2']	Trifluoperazine	LD050_2425		trans
11944	-0.456490365	0.456490365	['ERG11', 'ORM2']	Trifluoperazine	LD050_2428		trans
8792	0.549444786	0.549444786	['ERG11', 'ORM2']	noDrug	LD050_1805	PGM2	trans
10438	-1.088830687	1.088830687	['ERG11', 'ORM2']	noDrug	LD050_2147		trans
10456	-1.721923014	1.721923014	['ERG11', 'ORM2']	noDrug	LD050_2151		trans
10480	-0.645911186	0.645911186	['ERG11', 'ORM2']	noDrug	LD050_2157		trans
11912	-0.584168099	0.584168099	['ERG11', 'ORM2']	noDrug	LD050_2420		trans
11928	-0.571165712	0.571165712	['ERG11', 'ORM2']	noDrug	LD050_2424		trans
11931	-1.149824416	1.149824416	['ERG11', 'ORM2']	noDrug	LD050_2425		trans
8522	-0.803774446	0.803774446	['ERG11', 'PIS1']	5-FC	LD050_1763	ALO1	trans
10438	-0.980175104	0.980175104	['ERG11', 'PIS1']	5-FC	LD050_2147		trans
10480	-0.586631464	0.586631464	['ERG11', 'PIS1']	5-FC	LD050_2157		trans
11912	-0.545530723	0.545530723	['ERG11', 'PIS1']	5-FC	LD050_2420		trans
4976	0.491823818	0.491823818	['ERG11', 'PIS1']	Fluconazole	LD050_1061	ERG11	cis
7226	-0.29959742	0.29959742	['ERG11', 'PIS1']	Metformin	LD050_1500		trans
8522	-0.457903491	0.457903491	['ERG11', 'PIS1']	Metformin	LD050_1763	ALO1	trans
8792	0.288584832	0.288584832	['ERG11', 'PIS1']	Metformin	LD050_1805	PGM2	trans
8805	0.324888753	0.324888753	['ERG11', 'PIS1']	Metformin	LD050_1809	ADE17	trans
8816	0.317269101	0.317269101	['ERG11', 'PIS1']	Metformin	LD050_1811	ADE17	trans
8522	-0.804698648	0.804698648	['ERG11', 'PIS1']	Trifluoperazine	LD050_1763	ALO1	trans
10425	-0.500647084	0.500647084	['ERG11', 'PIS1']	Trifluoperazine	LD050_2143		trans
10438	-0.930693987	0.930693987	['ERG11', 'PIS1']	Trifluoperazine	LD050_2147		trans
10480	-0.502768305	0.502768305	['ERG11', 'PIS1']	Trifluoperazine	LD050_2157		trans
11912	-0.503126814	0.503126814	['ERG11', 'PIS1']	Trifluoperazine	LD050_2420		trans
10438	-1.009384581	1.009384581	['ERG11', 'PIS1']	noDrug	LD050_2147		trans
10480	-0.593390009	0.593390009	['ERG11', 'PIS1']	noDrug	LD050_2157		trans
11910	-0.538159074	0.538159074	['ERG11', 'PIS1']	noDrug	LD050_2418		trans
11912	-0.551067804	0.551067804	['ERG11', 'PIS1']	noDrug	LD050_2420		trans
7484	0.504837048	0.504837048	['ERG11', 'TPO4']	5-FC	LD050_1541	TPO1	trans
10425	-0.498899004	0.498899004	['ERG11', 'TPO4']	5-FC	LD050_2143		trans
10438	-1.007851557	1.007851557	['ERG11', 'TPO4']	5-FC	LD050_2147		trans
10480	-0.49537234	0.49537234	['ERG11', 'TPO4']	5-FC	LD050_2157		trans
10848	-0.503028491	0.503028491	['ERG11', 'TPO4']	5-FC	LD050_2204		trans
537	-0.496157031	0.496157031	['ERG11', 'TPO4']	Fluconazole	LD050_131	SLM4	trans
551	-0.51659538	0.51659538	['ERG11', 'TPO4']	Fluconazole	LD050_136		trans
556	-0.514252965	0.514252965	['ERG11', 'TPO4']	Fluconazole	LD050_137		trans
4285	0.524393155	0.524393155	['ERG11', 'TPO4']	Fluconazole	LD050_918		trans
4291	0.503229554	0.503229554	['ERG11', 'TPO4']	Fluconazole	LD050_922	PMC1	trans
10482	-0.487097589	0.487097589	['ERG11', 'TPO4']	Fluconazole	LD050_2158		trans
3064	0.293616826	0.293616826	['ERG11', 'TPO4']	Metformin	LD050_646		trans
3066	0.301939886	0.301939886	['ERG11', 'TPO4']	Metformin	LD050_647		trans
3070	0.315866743	0.315866743	['ERG11', 'TPO4']	Metformin	LD050_648		trans
3072	0.303328757	0.303328757	['ERG11', 'TPO4']	Metformin	LD050_650		trans
8792	0.325583622	0.325583622	['ERG11', 'TPO4']	Metformin	LD050_1805	PGM2	trans
8794	0.321001204	0.321001204	['ERG11', 'TPO4']	Metformin	LD050_1807		trans
8802	0.333396575	0.333396575	['ERG11', 'TPO4']	Metformin	LD050_1809	ADE17	trans
8815	0.328438067	0.328438067	['ERG11', 'TPO4']	Metformin	LD050_1811	ADE17	trans
10425	-0.494904742	0.494904742	['ERG11', 'TPO4']	Trifluoperazine	LD050_2143		trans
10438	-0.999534169	0.999534169	['ERG11', 'TPO4']	Trifluoperazine	LD050_2147		trans
10438	-1.030483683	1.030483683	['ERG11', 'TPO4']	noDrug	LD050_2147		trans
4528	-0.569133029	0.569133029	['ERG27', 'ACF2']	5-FC	LD050_960		trans
11928	-0.57734552	0.57734552	['ERG27', 'ACF2']	5-FC	LD050_2424		trans
11931	-1.120965276	1.120965276	['ERG27', 'ACF2']	5-FC	LD050_2425		trans
11940	-0.657107978	0.657107978	['ERG27', 'ACF2']	5-FC	LD050_2426		trans
11944	-0.653595936	0.653595936	['ERG27', 'ACF2']	5-FC	LD050_2428		trans
10210	-0.637401315	0.637401315	['ERG27', 'ACF2']	Fluconazole	LD050_2082		trans
4528	-0.532433888	0.532433888	['ERG27', 'ACF2']	Metformin	LD050_960		trans
5741	-0.492172978	0.492172978	['ERG27', 'ACF2']	Metformin	LD050_1215		trans
5792	-0.507405298	0.507405298	['ERG27', 'ACF2']	Metformin	LD050_1226		trans
10480	-0.493568049	0.493568049	['ERG27', 'ACF2']	Metformin	LD050_2157		trans
4528	-0.590071436	0.590071436	['ERG27', 'ACF2']	Trifluoperazine	LD050_960		trans
10848	-0.548501242	0.548501242	['ERG27', 'ACF2']	Trifluoperazine	LD050_2204		trans
11940	-0.584246125	0.584246125	['ERG27', 'ACF2']	Trifluoperazine	LD050_2426		trans
11944	-0.54846448	0.54846448	['ERG27', 'ACF2']	Trifluoperazine	LD050_2428		trans
6983	0.595386061	0.595386061	['ERG27', 'ACF2']	noDrug	LD050_1443		trans
11910	-0.580693719	0.580693719	['ERG27', 'ACF2']	noDrug	LD050_2418		trans
11912	-0.629021634	0.629021634	['ERG27', 'ACF2']	noDrug	LD050_2420		trans
11920	-0.601504468	0.601504468	['ERG27', 'ACF2']	noDrug	LD050_2422		trans
11929	-0.631895233	0.631895233	['ERG27', 'ACF2']	noDrug	LD050_2424		trans
11931	-1.170546478	1.170546478	['ERG27', 'ACF2']	noDrug	LD050_2425		trans
11940	-0.706760756	0.706760756	['ERG27', 'ACF2']	noDrug	LD050_2426		trans
11944	-0.660628711	0.660628711	['ERG27', 'ACF2']	noDrug	LD050_2428		trans
8218	0.698719939	0.698719939	['ERV25', 'EMP47']	5-FC	LD050_1701		trans
4901	0.654032395	0.654032395	['ERV25', 'EMP47']	Fluconazole	LD050_1045		trans
8894	-0.63742077	0.63742077	['ERV25', 'EMP47']	Fluconazole	LD050_1821		trans
4528	-0.475720799	0.475720799	['ERV25', 'EMP47']	Metformin	LD050_960		trans
8522	-0.770785449	0.770785449	['ERV25', 'EMP47']	Metformin	LD050_1763	ALO1	trans
4528	-0.661608785	0.661608785	['ERV25', 'EMP47']	Trifluoperazine	LD050_960		trans
10848	-0.618841061	0.618841061	['ERV25', 'EMP47']	Trifluoperazine	LD050_2204		trans
3871	0.808970044	0.808970044	['ERV25', 'EMP47']	noDrug	LD050_813		trans
5735	-0.615336447	0.615336447	['ERV25', 'EMP47']	noDrug	LD050_1215		trans
5747	-0.635842376	0.635842376	['ERV25', 'EMP47']	noDrug	LD050_1216		trans
5766	-0.640246671	0.640246671	['ERV25', 'EMP47']	noDrug	LD050_1219		trans
5780	-0.632063781	0.632063781	['ERV25', 'EMP47']	noDrug	LD050_1223		trans
6983	0.536761124	0.536761124	['ERV25', 'ERG5']	5-FC	LD050_1443		trans
10438	-0.898663333	0.898663333	['ERV25', 'ERG5']	5-FC	LD050_2147		trans
10480	-0.569040661	0.569040661	['ERV25', 'ERG5']	5-FC	LD050_2157		trans
4285	0.656968361	0.656968361	['ERV25', 'ERG5']	Fluconazole	LD050_918		trans
4291	0.628885864	0.628885864	['ERV25', 'ERG5']	Fluconazole	LD050_922	PMC1	trans
4909	0.567007721	0.567007721	['ERV25', 'ERG5']	Fluconazole	LD050_1049		trans
4913	1.162580474	1.162580474	['ERV25', 'ERG5']	Fluconazole	LD050_1051		trans
4914	0.636048086	0.636048086	['ERV25', 'ERG5']	Fluconazole	LD050_1052		trans
4972	0.558835946	0.558835946	['ERV25', 'ERG5']	Fluconazole	LD050_1061	ERG11	trans
9438	-0.643877366	0.643877366	['ERV25', 'ERG5']	Fluconazole	LD050_1911		trans
9554	-0.582706597	0.582706597	['ERV25', 'ERG5']	Fluconazole	LD050_1929		trans
10040	1.336997268	1.336997268	['ERV25', 'ERG5']	Fluconazole	LD050_2055		trans
10438	-0.484702217	0.484702217	['ERV25', 'ERG5']	Metformin	LD050_2147		trans
6983	0.527975932	0.527975932	['ERV25', 'ERG5']	Trifluoperazine	LD050_1443		trans
10480	-0.532469487	0.532469487	['ERV25', 'ERG5']	Trifluoperazine	LD050_2157		trans
10861	-1.063663438	1.063663438	['ERV25', 'ERG5']	Trifluoperazine	LD050_2205		trans
11897	-0.534846327	0.534846327	['ERV25', 'ERG5']	Trifluoperazine	LD050_2418		trans
667	0.967215494	0.967215494	['ERV25', 'ORM2']	5-FC	LD050_159		trans
789	-0.504294211	0.504294211	['ERV25', 'ORM2']	5-FC	LD050_194		trans
792	-0.526593161	0.526593161	['ERV25', 'ORM2']	5-FC	LD050_196		trans
798	-0.476860796	0.476860796	['ERV25', 'ORM2']	5-FC	LD050_197		trans
10438	-0.982165999	0.982165999	['ERV25', 'ORM2']	5-FC	LD050_2147		trans
3143	0.607394269	0.607394269	['ERV25', 'ORM2']	Fluconazole	LD050_667		trans
3144	1.282666453	1.282666453	['ERV25', 'ORM2']	Fluconazole	LD050_668		trans
4286	0.626351423	0.626351423	['ERV25', 'ORM2']	Fluconazole	LD050_918		trans
4290	0.604755037	0.604755037	['ERV25', 'ORM2']	Fluconazole	LD050_922	PMC1	trans
4904	0.601885803	0.601885803	['ERV25', 'ORM2']	Fluconazole	LD050_1047		trans
4914	0.644052627	0.644052627	['ERV25', 'ORM2']	Fluconazole	LD050_1052		trans
9465	-0.275936638	0.275936638	['ERV25', 'ORM2']	Metformin	LD050_1917		trans
10438	-0.497494212	0.497494212	['ERV25', 'ORM2']	Metformin	LD050_2147		trans
779	-0.449284435	0.449284435	['ERV25', 'ORM2']	Trifluoperazine	LD050_192		trans
789	-0.51216032	0.51216032	['ERV25', 'ORM2']	Trifluoperazine	LD050_194		trans
792	-0.532481158	0.532481158	['ERV25', 'ORM2']	Trifluoperazine	LD050_196		trans
797	-0.449361214	0.449361214	['ERV25', 'ORM2']	Trifluoperazine	LD050_197		trans
8515	-0.504599364	0.504599364	['ERV25', 'ORM2']	Trifluoperazine	LD050_1760	ALO1	trans
10438	-0.813086175	0.813086175	['ERV25', 'ORM2']	Trifluoperazine	LD050_2147		trans
789	-0.537121488	0.537121488	['ERV25', 'ORM2']	noDrug	LD050_194		trans
793	-0.579931273	0.579931273	['ERV25', 'ORM2']	noDrug	LD050_196		trans
10438	-1.216291976	1.216291976	['ERV25', 'ORM2']	noDrug	LD050_2147		trans
653	0.591280227	0.591280227	['ERV25', 'PIS1']	5-FC	LD050_155		trans
11694	0.597756086	0.597756086	['ERV25', 'PIS1']	5-FC	LD050_2378		trans
6	0.73581029	0.73581029	['ERV25', 'PIS1']	Fluconazole	LD050_5		trans
649	0.567570224	0.567570224	['ERV25', 'PIS1']	Fluconazole	LD050_152		trans
7077	0.569510235	0.569510235	['ERV25', 'PIS1']	Fluconazole	LD050_1460		trans
9431	-0.538067761	0.538067761	['ERV25', 'PIS1']	Fluconazole	LD050_1911		trans
10214	-0.546321593	0.546321593	['ERV25', 'PIS1']	Fluconazole	LD050_2083		trans
7481	0.600730467	0.600730467	['ERV25', 'RBD2']	5-FC	LD050_1540	TPO1	trans
1505	-1.19347931	1.19347931	['ERV25', 'RBD2']	Metformin	LD050_388		trans
11910	-0.730804262	0.730804262	['ERV25', 'UIP4']	5-FC	LD050_2418		trans
11912	-0.768545386	0.768545386	['ERV25', 'UIP4']	5-FC	LD050_2420		trans
11918	-0.938835779	0.938835779	['ERV25', 'UIP4']	5-FC	LD050_2421		trans
11924	-0.675008049	0.675008049	['ERV25', 'UIP4']	5-FC	LD050_2422		trans
11928	-0.755511415	0.755511415	['ERV25', 'UIP4']	5-FC	LD050_2424		trans
11931	-1.448746744	1.448746744	['ERV25', 'UIP4']	5-FC	LD050_2425		trans
11940	-0.773100993	0.773100993	['ERV25', 'UIP4']	5-FC	LD050_2426		trans
11944	-0.768063883	0.768063883	['ERV25', 'UIP4']	5-FC	LD050_2428		trans
11948	-0.655183949	0.655183949	['ERV25', 'UIP4']	5-FC	LD050_2430		trans
1784	1.139619507	1.139619507	['ERV25', 'UIP4']	Fluconazole	LD050_445		trans
9430	-0.701994099	0.701994099	['ERV25', 'UIP4']	Fluconazole	LD050_1911		trans
9541	-0.512123749	0.512123749	['ERV25', 'UIP4']	Metformin	LD050_1929		trans
9968	-0.462197434	0.462197434	['ERV25', 'UIP4']	Metformin	LD050_2029		trans
11903	-0.457104244	0.457104244	['ERV25', 'UIP4']	Metformin	LD050_2418		trans
11944	-0.484504088	0.484504088	['ERV25', 'UIP4']	Metformin	LD050_2428		trans
9266	1.372846539	1.372846539	['ERV25', 'UIP4']	Trifluoperazine	LD050_1889		trans
11910	-0.593848953	0.593848953	['ERV25', 'UIP4']	Trifluoperazine	LD050_2418		trans
11912	-0.608896816	0.608896816	['ERV25', 'UIP4']	Trifluoperazine	LD050_2420		trans
11928	-0.597855781	0.597855781	['ERV25', 'UIP4']	Trifluoperazine	LD050_2424		trans
5734	-0.638152875	0.638152875	['ERV25', 'UIP4']	noDrug	LD050_1215		trans
10848	-0.64651889	0.64651889	['ERV25', 'UIP4']	noDrug	LD050_2204		trans
11903	-0.66506689	0.66506689	['ERV25', 'UIP4']	noDrug	LD050_2418		trans
11912	-0.675885143	0.675885143	['ERV25', 'UIP4']	noDrug	LD050_2420		trans
11928	-0.656532189	0.656532189	['ERV25', 'UIP4']	noDrug	LD050_2424		trans
11940	-0.67502376	0.67502376	['ERV25', 'UIP4']	noDrug	LD050_2426		trans
11944	-0.682783512	0.682783512	['ERV25', 'UIP4']	noDrug	LD050_2428		trans
11948	-0.64373629	0.64373629	['ERV25', 'UIP4']	noDrug	LD050_2430		trans
10438	-0.977390846	0.977390846	['FMP45', 'HNM1']	5-FC	LD050_2147		trans
11900	-0.565235371	0.565235371	['FMP45', 'HNM1']	5-FC	LD050_2418		trans
3099	0.609957307	0.609957307	['FMP45', 'HNM1']	Fluconazole	LD050_654		trans
3104	0.618923753	0.618923753	['FMP45', 'HNM1']	Fluconazole	LD050_659		trans
3134	0.628555866	0.628555866	['FMP45', 'HNM1']	Fluconazole	LD050_665		trans
3139	0.62284695	0.62284695	['FMP45', 'HNM1']	Fluconazole	LD050_667		trans
9430	-0.606064243	0.606064243	['FMP45', 'HNM1']	Fluconazole	LD050_1911		trans
11942	-0.567020495	0.567020495	['FMP45', 'HNM1']	Fluconazole	LD050_2428		trans
10438	-0.750899346	0.750899346	['FMP45', 'HNM1']	Metformin	LD050_2147		trans
2858	-0.553877852	0.553877852	['FMP45', 'HNM1']	noDrug	LD050_605		trans
11704	0.560261362	0.560261362	['FMP45', 'HNM1']	noDrug	LD050_2378		trans
10438	-0.988144008	0.988144008	['FMP45', 'MEP1']	5-FC	LD050_2147		trans
10480	-0.599509593	0.599509593	['FMP45', 'MEP1']	5-FC	LD050_2157		trans
11900	-0.702461738	0.702461738	['FMP45', 'MEP1']	5-FC	LD050_2418		trans
11912	-0.742969905	0.742969905	['FMP45', 'MEP1']	5-FC	LD050_2420		trans
11920	-0.683284924	0.683284924	['FMP45', 'MEP1']	5-FC	LD050_2422		trans
11928	-0.733608206	0.733608206	['FMP45', 'MEP1']	5-FC	LD050_2424		trans
11931	-1.34670502	1.34670502	['FMP45', 'MEP1']	5-FC	LD050_2425		trans
11940	-0.687550855	0.687550855	['FMP45', 'MEP1']	5-FC	LD050_2426		trans
11944	-0.678483375	0.678483375	['FMP45', 'MEP1']	5-FC	LD050_2428		trans
649	0.610875152	0.610875152	['FMP45', 'MEP1']	Fluconazole	LD050_152		trans
9430	-0.618753588	0.618753588	['FMP45', 'MEP1']	Fluconazole	LD050_1911		trans
10848	-0.473912897	0.473912897	['FMP45', 'MEP1']	Metformin	LD050_2204		trans
10866	-0.470625812	0.470625812	['FMP45', 'MEP1']	Metformin	LD050_2206		trans
6983	0.527831014	0.527831014	['FMP45', 'MEP1']	Trifluoperazine	LD050_1443		trans
6983	0.573932911	0.573932911	['FMP45', 'MEP1']	noDrug	LD050_1443		trans
654	0.64105547	0.64105547	['FMP45', 'MID2']	5-FC	LD050_155		trans
10438	-0.970308943	0.970308943	['FMP45', 'MID2']	5-FC	LD050_2147		trans
11699	0.622866881	0.622866881	['FMP45', 'MID2']	5-FC	LD050_2378		trans
11899	-0.598313448	0.598313448	['FMP45', 'MID2']	5-FC	LD050_2418		trans
11912	-0.629050452	0.629050452	['FMP45', 'MID2']	5-FC	LD050_2420		trans
11928	-0.593536576	0.593536576	['FMP45', 'MID2']	5-FC	LD050_2424		trans
11931	-1.193263084	1.193263084	['FMP45', 'MID2']	5-FC	LD050_2425		trans
649	0.668971695	0.668971695	['FMP45', 'MID2']	Fluconazole	LD050_152		trans
1850	0.578882249	0.578882249	['FMP45', 'MID2']	Fluconazole	LD050_451		trans
11946	-0.602018416	0.602018416	['FMP45', 'MID2']	Fluconazole	LD050_2428		trans
10438	-0.790960556	0.790960556	['FMP45', 'MID2']	Metformin	LD050_2147		trans
10480	-0.478030496	0.478030496	['FMP45', 'MID2']	Metformin	LD050_2157		trans
11912	-0.497777804	0.497777804	['FMP45', 'MID2']	Metformin	LD050_2420		trans
11917	-0.988807469	0.988807469	['FMP45', 'MID2']	Metformin	LD050_2421		trans
11935	-0.477117581	0.477117581	['FMP45', 'MID2']	Metformin	LD050_2426		trans
654	0.538845511	0.538845511	['FMP45', 'MID2']	Trifluoperazine	LD050_155		trans
10438	-0.858428385	0.858428385	['FMP45', 'MID2']	Trifluoperazine	LD050_2147		trans
11704	0.564919902	0.564919902	['FMP45', 'MID2']	Trifluoperazine	LD050_2378		trans
648	0.550704624	0.550704624	['FMP45', 'MID2']	noDrug	LD050_152		trans
654	0.558067692	0.558067692	['FMP45', 'MID2']	noDrug	LD050_155		trans
10389	0.773163507	0.773163507	['FMP45', 'MID2']	noDrug	LD050_2127		trans
11701	0.603558312	0.603558312	['FMP45', 'MID2']	noDrug	LD050_2378		trans
1784	0.998524915	0.998524915	['GTR1', 'SLM4']	Fluconazole	LD050_445		trans
3140	0.505610801	0.505610801	['GTR1', 'SLM4']	Fluconazole	LD050_667		trans
4914	0.474945549	0.474945549	['GTR1', 'SLM4']	Fluconazole	LD050_1052		trans
7430	1.247318988	1.247318988	['GTR1', 'SLM4']	Fluconazole	LD050_1536		trans
1211	1.19954004	1.19954004	['GTR1', 'SLM4']	Trifluoperazine	LD050_316		trans
7033	0.796179537	0.796179537	['GTR1', 'SLM4']	Trifluoperazine	LD050_1450		trans
11395	-0.812956582	0.812956582	['GTR1', 'SLM4']	Trifluoperazine	LD050_2327		trans
10419	-0.755846436	0.755846436	['HNM1', 'ERG11']	5-FC	LD050_2139		trans
10425	-0.607772916	0.607772916	['HNM1', 'ERG11']	5-FC	LD050_2143		trans
10438	-1.150306635	1.150306635	['HNM1', 'ERG11']	5-FC	LD050_2147		trans
10480	-0.631356198	0.631356198	['HNM1', 'ERG11']	5-FC	LD050_2157		trans
11900	-0.648962032	0.648962032	['HNM1', 'ERG11']	5-FC	LD050_2418		trans
11912	-0.62888235	0.62888235	['HNM1', 'ERG11']	5-FC	LD050_2420		trans
11929	-0.650872451	0.650872451	['HNM1', 'ERG11']	5-FC	LD050_2424		trans
11931	-1.282659375	1.282659375	['HNM1', 'ERG11']	5-FC	LD050_2425		trans
3134	0.656326595	0.656326595	['HNM1', 'ERG11']	Fluconazole	LD050_665		trans
3141	0.62755618	0.62755618	['HNM1', 'ERG11']	Fluconazole	LD050_667		trans
3144	1.349199503	1.349199503	['HNM1', 'ERG11']	Fluconazole	LD050_668		trans
3147	0.585633709	0.585633709	['HNM1', 'ERG11']	Fluconazole	LD050_670		trans
10425	-0.41381858	0.41381858	['HNM1', 'ERG11']	Metformin	LD050_2143		trans
10438	-0.781228192	0.781228192	['HNM1', 'ERG11']	Metformin	LD050_2147		trans
10480	-0.471961931	0.471961931	['HNM1', 'ERG11']	Metformin	LD050_2157		trans
10438	-0.93964774	0.93964774	['HNM1', 'ERG11']	Trifluoperazine	LD050_2147		trans
11900	-0.579581847	0.579581847	['HNM1', 'ERG11']	Trifluoperazine	LD050_2418		trans
11929	-0.613976184	0.613976184	['HNM1', 'ERG11']	Trifluoperazine	LD050_2424		trans
11931	-1.206194788	1.206194788	['HNM1', 'ERG11']	Trifluoperazine	LD050_2425		trans
10438	-0.991557977	0.991557977	['HNM1', 'ERG11']	noDrug	LD050_2147		trans
11903	-0.633889466	0.633889466	['HNM1', 'ERG11']	noDrug	LD050_2418		trans
11912	-0.638126529	0.638126529	['HNM1', 'ERG11']	noDrug	LD050_2420		trans
11928	-0.659066254	0.659066254	['HNM1', 'ERG11']	noDrug	LD050_2424		trans
11931	-1.236206632	1.236206632	['HNM1', 'ERG11']	noDrug	LD050_2425		trans
11940	-0.625980713	0.625980713	['HNM1', 'ERG11']	noDrug	LD050_2426		trans
11944	-0.657207683	0.657207683	['HNM1', 'ERG11']	noDrug	LD050_2428		trans
10479	-0.541172129	0.541172129	['HNM1', 'MAM33']	5-FC	LD050_2157		trans
1505	-1.072682743	1.072682743	['HNM1', 'MAM33']	Fluconazole	LD050_388		trans
10213	-0.659657891	0.659657891	['HNM1', 'MAM33']	Fluconazole	LD050_2083		trans
9266	0.920706366	0.920706366	['HNM1', 'MAM33']	Metformin	LD050_1889		trans
9266	1.206235691	1.206235691	['HNM1', 'MAM33']	Trifluoperazine	LD050_1889		trans
10438	-0.886018901	0.886018901	['HNM1', 'MID2']	5-FC	LD050_2147		trans
3137	0.517396041	0.517396041	['HNM1', 'MID2']	Fluconazole	LD050_667		trans
8905	-0.950661727	0.950661727	['HNM1', 'MID2']	Fluconazole	LD050_1824		trans
9427	-0.534213667	0.534213667	['HNM1', 'MID2']	Fluconazole	LD050_1911		trans
9574	1.394611606	1.394611606	['HNM1', 'MID2']	Fluconazole	LD050_1931		trans
8778	0.267356793	0.267356793	['HNM1', 'MID2']	Metformin	LD050_1805	PGM2	trans
10480	-0.24218035	0.24218035	['HNM1', 'MID2']	Metformin	LD050_2157		trans
11377	-0.2530019	0.2530019	['HNM1', 'MID2']	Metformin	LD050_2326		trans
10438	-0.935973345	0.935973345	['HNM1', 'MID2']	Trifluoperazine	LD050_2147		trans
11900	-0.57024806	0.57024806	['HNM1', 'MID2']	Trifluoperazine	LD050_2418		trans
10438	-0.903519297	0.903519297	['HNM1', 'MID2']	noDrug	LD050_2147		trans
11903	-0.612991379	0.612991379	['HNM1', 'MID2']	noDrug	LD050_2418		trans
11912	-0.5677271	0.5677271	['HNM1', 'MID2']	noDrug	LD050_2420		trans
11928	-0.579791634	0.579791634	['HNM1', 'MID2']	noDrug	LD050_2424		trans
9441	-0.599767016	0.599767016	['HNM1', 'RBD2']	5-FC	LD050_1911		trans
10212	-0.722048759	0.722048759	['HNM1', 'RBD2']	5-FC	LD050_2082		trans
10216	-0.675610087	0.675610087	['HNM1', 'RBD2']	5-FC	LD050_2083		trans
10220	-0.601738993	0.601738993	['HNM1', 'RBD2']	5-FC	LD050_2086		trans
2936	-0.690544453	0.690544453	['HNM1', 'RBD2']	Fluconazole	LD050_625		trans
6039	0.845430752	0.845430752	['HNM1', 'RBD2']	Fluconazole	LD050_1290		trans
7430	1.541883204	1.541883204	['HNM1', 'RBD2']	Fluconazole	LD050_1536		trans
10211	-0.571064667	0.571064667	['HNM1', 'RBD2']	Fluconazole	LD050_2082		trans
10213	-0.625346865	0.625346865	['HNM1', 'RBD2']	Fluconazole	LD050_2083		trans
10220	-0.565917291	0.565917291	['HNM1', 'RBD2']	Fluconazole	LD050_2086		trans
10227	-0.513249688	0.513249688	['HNM1', 'RBD2']	Fluconazole	LD050_2088		trans
10228	-0.972673298	0.972673298	['HNM1', 'RBD2']	Fluconazole	LD050_2089		trans
10229	-0.540697201	0.540697201	['HNM1', 'RBD2']	Fluconazole	LD050_2090		trans
10233	-0.488040753	0.488040753	['HNM1', 'RBD2']	Fluconazole	LD050_2094		trans
11744	0.477433829	0.477433829	['HNM1', 'RBD2']	Fluconazole	LD050_2386		trans
5741	-0.426433651	0.426433651	['HNM1', 'RBD2']	Metformin	LD050_1215		trans
5745	-0.401959781	0.401959781	['HNM1', 'RBD2']	Metformin	LD050_1216		trans
9446	-0.404301208	0.404301208	['HNM1', 'RBD2']	Metformin	LD050_1913		trans
10208	-0.5194535	0.5194535	['HNM1', 'RBD2']	Metformin	LD050_2082		trans
10214	-0.436537798	0.436537798	['HNM1', 'RBD2']	Metformin	LD050_2083		trans
11701	0.518593816	0.518593816	['HNM1', 'RBD2']	Trifluoperazine	LD050_2378		trans
9718	-1.383756437	1.383756437	['HNM1', 'RBD2']	noDrug	LD050_1966		trans
11699	0.497009709	0.497009709	['HNM1', 'RBD2']	noDrug	LD050_2378		trans
3817	0.589486337	0.589486337	['HNM1', 'TPO1']	Fluconazole	LD050_796	RET2	trans
10208	-0.671410609	0.671410609	['HNM1', 'TPO1']	Fluconazole	LD050_2082		trans
10213	-0.599144253	0.599144253	['HNM1', 'TPO1']	Fluconazole	LD050_2083		trans
11910	-0.580181216	0.580181216	['HNM1', 'TPO2']	5-FC	LD050_2418		trans
11912	-0.63697255	0.63697255	['HNM1', 'TPO2']	5-FC	LD050_2420		trans
981	0.680553827	0.680553827	['HNM1', 'TPO2']	Fluconazole	LD050_270		trans
5713	-0.586869005	0.586869005	['HNM1', 'TPO2']	Fluconazole	LD050_1210		trans
7983	0.580870267	0.580870267	['HNM1', 'TPO2']	Fluconazole	LD050_1652		trans
10210	-0.742659734	0.742659734	['HNM1', 'TPO2']	Fluconazole	LD050_2082		trans
10213	-0.707573898	0.707573898	['HNM1', 'TPO2']	Fluconazole	LD050_2083		trans
2926	-0.452344551	0.452344551	['HNM1', 'TPO2']	Metformin	LD050_623		trans
4529	-0.349802474	0.349802474	['HNM1', 'TPO2']	Metformin	LD050_960		trans
4533	-0.350230521	0.350230521	['HNM1', 'TPO2']	Metformin	LD050_961		trans
4657	-0.408490585	0.408490585	['HNM1', 'TPO2']	Metformin	LD050_993		trans
11912	-0.359339589	0.359339589	['HNM1', 'TPO2']	Metformin	LD050_2420		trans
277	0.548474918	0.548474918	['HNM1', 'TPO2']	Trifluoperazine	LD050_74		trans
11912	-0.556517059	0.556517059	['HNM1', 'TPO2']	Trifluoperazine	LD050_2420		trans
11912	-0.615896721	0.615896721	['HNM1', 'TPO2']	noDrug	LD050_2420		trans
11900	-0.580220473	0.580220473	['HNM1', 'TPO4']	5-FC	LD050_2418		trans
11929	-0.554005799	0.554005799	['HNM1', 'TPO4']	5-FC	LD050_2424		trans
11940	-0.556552594	0.556552594	['HNM1', 'TPO4']	5-FC	LD050_2426		trans
11946	-0.554391388	0.554391388	['HNM1', 'TPO4']	5-FC	LD050_2428		trans
5618	-0.600660526	0.600660526	['HNM1', 'TPO4']	Fluconazole	LD050_1187		trans
10210	-0.761488118	0.761488118	['HNM1', 'TPO4']	Fluconazole	LD050_2082		trans
10213	-0.700061765	0.700061765	['HNM1', 'TPO4']	Fluconazole	LD050_2083		trans
10222	-0.603869888	0.603869888	['HNM1', 'TPO4']	Fluconazole	LD050_2088		trans
10234	-0.612842594	0.612842594	['HNM1', 'TPO4']	Fluconazole	LD050_2094		trans
2312	0.329049278	0.329049278	['HNM1', 'TPO4']	Metformin	LD050_514		trans
8816	0.325877243	0.325877243	['HNM1', 'TPO4']	Metformin	LD050_1811	ADE17	trans
10480	-0.398408702	0.398408702	['HNM1', 'TPO4']	Metformin	LD050_2157		trans
11901	-0.327571582	0.327571582	['HNM1', 'TPO4']	Metformin	LD050_2418		trans
11900	-0.543667534	0.543667534	['HNM1', 'TPO4']	noDrug	LD050_2418		trans
11924	-0.536111465	0.536111465	['HNM1', 'TPO4']	noDrug	LD050_2422		trans
11929	-0.594163026	0.594163026	['HNM1', 'TPO4']	noDrug	LD050_2424		trans
11931	-1.104385309	1.104385309	['HNM1', 'TPO4']	noDrug	LD050_2425		trans
11940	-0.544899861	0.544899861	['HNM1', 'TPO4']	noDrug	LD050_2426		trans
5766	-0.564390945	0.564390945	['HUG1', 'ADE17']	5-FC	LD050_1219		trans
5776	-1.259447854	1.259447854	['HUG1', 'ADE17']	5-FC	LD050_1221		trans
6437	1.060573905	1.060573905	['HUG1', 'ADE17']	5-FC	LD050_1380		trans
11900	-0.62512873	0.62512873	['HUG1', 'ADE17']	5-FC	LD050_2418		trans
11940	-0.583995728	0.583995728	['HUG1', 'ADE17']	5-FC	LD050_2426		trans
11944	-0.580454644	0.580454644	['HUG1', 'ADE17']	5-FC	LD050_2428		trans
5736	-0.553619638	0.553619638	['HUG1', 'ADE17']	Fluconazole	LD050_1215		trans
9956	-0.503237212	0.503237212	['HUG1', 'ADE17']	Metformin	LD050_2029		trans
11903	-0.609094075	0.609094075	['HUG1', 'ADE17']	Metformin	LD050_2418		trans
11912	-0.50704132	0.50704132	['HUG1', 'ADE17']	Metformin	LD050_2420		trans
658	0.595063452	0.595063452	['HUG1', 'ADE17']	Trifluoperazine	LD050_155		trans
660	0.604966448	0.604966448	['HUG1', 'ADE17']	Trifluoperazine	LD050_157		trans
1210	-1.558998315	1.558998315	['HUG1', 'ADE17']	Trifluoperazine	LD050_315		trans
11903	-0.602786951	0.602786951	['HUG1', 'ADE17']	noDrug	LD050_2418		trans
11944	-0.585692785	0.585692785	['HUG1', 'ADE17']	noDrug	LD050_2428		trans
5792	-0.67590631	0.67590631	['HUG1', 'ALO1']	5-FC	LD050_1226		trans
9955	-1.365565177	1.365565177	['HUG1', 'ALO1']	5-FC	LD050_2028		trans
9956	-0.697098223	0.697098223	['HUG1', 'ALO1']	5-FC	LD050_2029		trans
11910	-0.765805094	0.765805094	['HUG1', 'ALO1']	5-FC	LD050_2418		trans
11912	-0.786657575	0.786657575	['HUG1', 'ALO1']	5-FC	LD050_2420		trans
11918	-1.039640361	1.039640361	['HUG1', 'ALO1']	5-FC	LD050_2421		trans
11920	-0.709829479	0.709829479	['HUG1', 'ALO1']	5-FC	LD050_2422		trans
11928	-0.723604089	0.723604089	['HUG1', 'ALO1']	5-FC	LD050_2424		trans
11931	-1.491536582	1.491536582	['HUG1', 'ALO1']	5-FC	LD050_2425		trans
11940	-0.797514998	0.797514998	['HUG1', 'ALO1']	5-FC	LD050_2426		trans
11946	-0.746495578	0.746495578	['HUG1', 'ALO1']	5-FC	LD050_2428		trans
3142	0.691860593	0.691860593	['HUG1', 'ALO1']	Fluconazole	LD050_667		trans
3251	0.675177915	0.675177915	['HUG1', 'ALO1']	Fluconazole	LD050_687		trans
5693	-0.736458984	0.736458984	['HUG1', 'ALO1']	Fluconazole	LD050_1208	MAM33	trans
4528	-0.605295151	0.605295151	['HUG1', 'ALO1']	Metformin	LD050_960		trans
9969	-0.561050018	0.561050018	['HUG1', 'ALO1']	Metformin	LD050_2029		trans
10480	-0.589816637	0.589816637	['HUG1', 'ALO1']	Metformin	LD050_2157		trans
11899	-0.592381829	0.592381829	['HUG1', 'ALO1']	Metformin	LD050_2418		trans
667	1.258756181	1.258756181	['HUG1', 'ALO1']	Trifluoperazine	LD050_159		trans
11940	-0.622174001	0.622174001	['HUG1', 'ALO1']	Trifluoperazine	LD050_2426		trans
11946	-0.573292362	0.573292362	['HUG1', 'ALO1']	Trifluoperazine	LD050_2428		trans
667	1.462465774	1.462465774	['HUG1', 'ALO1']	noDrug	LD050_159		trans
9955	-1.351455334	1.351455334	['HUG1', 'ALO1']	noDrug	LD050_2028		trans
9960	-0.652844688	0.652844688	['HUG1', 'ALO1']	noDrug	LD050_2029		trans
11910	-0.666322331	0.666322331	['HUG1', 'ALO1']	noDrug	LD050_2418		trans
11915	-0.668527421	0.668527421	['HUG1', 'ALO1']	noDrug	LD050_2420		trans
11929	-0.696497203	0.696497203	['HUG1', 'ALO1']	noDrug	LD050_2424		trans
11931	-1.37137394	1.37137394	['HUG1', 'ALO1']	noDrug	LD050_2425		trans
11940	-0.757975724	0.757975724	['HUG1', 'ALO1']	noDrug	LD050_2426		trans
11946	-0.720560071	0.720560071	['HUG1', 'ALO1']	noDrug	LD050_2428		trans
667	1.479721548	1.479721548	['HUG1', 'PGM2']	5-FC	LD050_159		trans
4528	-0.7202409	0.7202409	['HUG1', 'PGM2']	5-FC	LD050_960		trans
9955	-1.377343519	1.377343519	['HUG1', 'PGM2']	5-FC	LD050_2028		trans
9960	-0.727201119	0.727201119	['HUG1', 'PGM2']	5-FC	LD050_2029		trans
9995	-1.364397145	1.364397145	['HUG1', 'PGM2']	5-FC	LD050_2033		trans
10002	-1.508677481	1.508677481	['HUG1', 'PGM2']	5-FC	LD050_2035		trans
10425	-0.707435324	0.707435324	['HUG1', 'PGM2']	5-FC	LD050_2143		trans
11900	-0.749113322	0.749113322	['HUG1', 'PGM2']	5-FC	LD050_2418		trans
11912	-0.711877932	0.711877932	['HUG1', 'PGM2']	5-FC	LD050_2420		trans
11932	-0.672229192	0.672229192	['HUG1', 'PGM2']	5-FC	LD050_2426		trans
3142	0.631012808	0.631012808	['HUG1', 'PGM2']	Fluconazole	LD050_667		trans
4528	-0.688490591	0.688490591	['HUG1', 'PGM2']	Fluconazole	LD050_960		trans
4528	-0.51232146	0.51232146	['HUG1', 'PGM2']	Metformin	LD050_960		trans
10425	-0.515972239	0.515972239	['HUG1', 'PGM2']	Metformin	LD050_2143		trans
10438	-0.858092107	0.858092107	['HUG1', 'PGM2']	Metformin	LD050_2147		trans
10480	-0.616597598	0.616597598	['HUG1', 'PGM2']	Metformin	LD050_2157		trans
11899	-0.523797516	0.523797516	['HUG1', 'PGM2']	Metformin	LD050_2418		trans
10438	-1.014204764	1.014204764	['HUG1', 'PGM2']	Trifluoperazine	LD050_2147		trans
11910	-0.658353624	0.658353624	['HUG1', 'PGM2']	Trifluoperazine	LD050_2418		trans
11912	-0.629307496	0.629307496	['HUG1', 'PGM2']	Trifluoperazine	LD050_2420		trans
667	1.560253988	1.560253988	['HUG1', 'PGM2']	noDrug	LD050_159		trans
9955	-1.356648249	1.356648249	['HUG1', 'PGM2']	noDrug	LD050_2028		trans
9960	-0.674966304	0.674966304	['HUG1', 'PGM2']	noDrug	LD050_2029		trans
11910	-0.732899937	0.732899937	['HUG1', 'PGM2']	noDrug	LD050_2418		trans
11912	-0.774357789	0.774357789	['HUG1', 'PGM2']	noDrug	LD050_2420		trans
11921	-0.676226523	0.676226523	['HUG1', 'PGM2']	noDrug	LD050_2422		trans
11927	-0.681811535	0.681811535	['HUG1', 'PGM2']	noDrug	LD050_2424		trans
11935	-0.763861767	0.763861767	['HUG1', 'PGM2']	noDrug	LD050_2426		trans
11944	-0.753117599	0.753117599	['HUG1', 'PGM2']	noDrug	LD050_2428		trans
254	0.604885235	0.604885235	['MID2', 'MAM33']	Fluconazole	LD050_67		trans
260	0.643719537	0.643719537	['MID2', 'MAM33']	Fluconazole	LD050_68		trans
264	0.627898552	0.627898552	['MID2', 'MAM33']	Fluconazole	LD050_71		trans
268	0.682071063	0.682071063	['MID2', 'MAM33']	Fluconazole	LD050_72		trans
4530	-0.634644151	0.634644151	['MID2', 'MAM33']	Fluconazole	LD050_960		trans
4732	1.068667727	1.068667727	['MID2', 'MAM33']	Metformin	LD050_1004		trans
667	1.454465778	1.454465778	['MID2', 'MAM33']	Trifluoperazine	LD050_159		trans
10438	-1.044792047	1.044792047	['MID2', 'MAM33']	Trifluoperazine	LD050_2147		trans
11928	-0.608543407	0.608543407	['MID2', 'MAM33']	Trifluoperazine	LD050_2424		trans
667	1.412260856	1.412260856	['MID2', 'MAM33']	noDrug	LD050_159		trans
10438	-1.008900898	1.008900898	['MID2', 'MAM33']	noDrug	LD050_2147		trans
11912	-0.634328541	0.634328541	['MID2', 'MAM33']	noDrug	LD050_2420		trans
11924	-0.647842736	0.647842736	['MID2', 'MAM33']	noDrug	LD050_2422		trans
11928	-0.703393014	0.703393014	['MID2', 'MAM33']	noDrug	LD050_2424		trans
11931	-1.301766085	1.301766085	['MID2', 'MAM33']	noDrug	LD050_2425		trans
11940	-0.669965433	0.669965433	['MID2', 'MAM33']	noDrug	LD050_2426		trans
667	1.143411731	1.143411731	['MID2', 'PIN2']	5-FC	LD050_159		trans
3871	0.736971682	0.736971682	['MID2', 'PIN2']	5-FC	LD050_813		trans
10438	-0.868009317	0.868009317	['MID2', 'PIN2']	5-FC	LD050_2147		trans
10456	-1.817407447	1.817407447	['MID2', 'PIN2']	5-FC	LD050_2151		trans
10480	-0.54928066	0.54928066	['MID2', 'PIN2']	5-FC	LD050_2157		trans
11898	-0.529128774	0.529128774	['MID2', 'PIN2']	5-FC	LD050_2418		trans
7430	1.74573052	1.74573052	['MID2', 'PIN2']	Fluconazole	LD050_1536		trans
11921	-0.616278127	0.616278127	['MID2', 'PIN2']	Fluconazole	LD050_2422		trans
11929	-0.647336932	0.647336932	['MID2', 'PIN2']	Fluconazole	LD050_2424		trans
11940	-0.600733104	0.600733104	['MID2', 'PIN2']	Fluconazole	LD050_2426		trans
10425	-0.477136249	0.477136249	['MID2', 'PIN2']	Metformin	LD050_2143		trans
10438	-0.788050885	0.788050885	['MID2', 'PIN2']	Metformin	LD050_2147		trans
10456	-1.48969644	1.48969644	['MID2', 'PIN2']	Metformin	LD050_2151		trans
10480	-0.598898988	0.598898988	['MID2', 'PIN2']	Metformin	LD050_2157		trans
11899	-0.477990194	0.477990194	['MID2', 'PIN2']	Metformin	LD050_2418		trans
8520	-0.579380803	0.579380803	['MID2', 'PIN2']	Trifluoperazine	LD050_1762	ALO1	trans
11912	-0.516405827	0.516405827	['MID2', 'PIN2']	Trifluoperazine	LD050_2420		trans
11928	-0.511649288	0.511649288	['MID2', 'PIN2']	Trifluoperazine	LD050_2424		trans
10438	-1.077004579	1.077004579	['MID2', 'RSN1']	5-FC	LD050_2147		trans
10480	-0.583090979	0.583090979	['MID2', 'RSN1']	5-FC	LD050_2157		trans
11897	-0.575295995	0.575295995	['MID2', 'RSN1']	5-FC	LD050_2418		trans
10438	-1.041686448	1.041686448	['MID2', 'RSN1']	Metformin	LD050_2147		trans
10456	-1.697837035	1.697837035	['MID2', 'RSN1']	Metformin	LD050_2151		trans
10480	-0.5687345	0.5687345	['MID2', 'RSN1']	Metformin	LD050_2157		trans
11900	-0.501491906	0.501491906	['MID2', 'RSN1']	noDrug	LD050_2418		trans
11915	-0.500045661	0.500045661	['MID2', 'RSN1']	noDrug	LD050_2420		trans
11917	-0.998436769	0.998436769	['MID2', 'RSN1']	noDrug	LD050_2421		trans
11924	-0.488307239	0.488307239	['MID2', 'RSN1']	noDrug	LD050_2422		trans
11929	-0.527952764	0.527952764	['MID2', 'RSN1']	noDrug	LD050_2424		trans
11931	-1.09543873	1.09543873	['MID2', 'RSN1']	noDrug	LD050_2425		trans
11940	-0.570890123	0.570890123	['MID2', 'RSN1']	noDrug	LD050_2426		trans
11946	-0.543494824	0.543494824	['MID2', 'RSN1']	noDrug	LD050_2428		trans
10438	-1.01566041	1.01566041	['MID2', 'TPO2']	5-FC	LD050_2147		trans
11542	0.60472225	0.60472225	['MID2', 'TPO2']	5-FC	LD050_2348		trans
968	0.677333895	0.677333895	['MID2', 'TPO2']	Fluconazole	LD050_268	SRO9	trans
1784	1.297480072	1.297480072	['MID2', 'TPO2']	Fluconazole	LD050_445		trans
4097	-1.428176157	1.428176157	['MID2', 'TPO2']	Fluconazole	LD050_874		trans
5311	-1.244096944	1.244096944	['MID2', 'TPO2']	Fluconazole	LD050_1126	CTR2	trans
5317	-0.672005177	0.672005177	['MID2', 'TPO2']	Fluconazole	LD050_1130	CTR2	trans
11929	-0.657669408	0.657669408	['MID2', 'TPO2']	Fluconazole	LD050_2424		trans
4528	-0.465612617	0.465612617	['MID2', 'TPO2']	Metformin	LD050_960		trans
4533	-0.447594846	0.447594846	['MID2', 'TPO2']	Metformin	LD050_961		trans
4545	-0.459654607	0.459654607	['MID2', 'TPO2']	Metformin	LD050_964		trans
4551	-0.439697797	0.439697797	['MID2', 'TPO2']	Metformin	LD050_967		trans
4571	-0.411931383	0.411931383	['MID2', 'TPO2']	Metformin	LD050_975		trans
8522	-0.63766761	0.63766761	['MID2', 'TPO2']	Metformin	LD050_1763	ALO1	trans
10425	-0.425943595	0.425943595	['MID2', 'TPO2']	Metformin	LD050_2143		trans
10438	-0.705185704	0.705185704	['MID2', 'TPO2']	Metformin	LD050_2147		trans
10480	-0.464240292	0.464240292	['MID2', 'TPO2']	Metformin	LD050_2157		trans
10438	-1.023169786	1.023169786	['MID2', 'TPO2']	Trifluoperazine	LD050_2147		trans
10480	-0.579050652	0.579050652	['MID2', 'TPO2']	Trifluoperazine	LD050_2157		trans
11900	-0.486269745	0.486269745	['MID2', 'TPO2']	noDrug	LD050_2418		trans
11915	-0.517680006	0.517680006	['MID2', 'TPO2']	noDrug	LD050_2420		trans
11918	-0.729418988	0.729418988	['MID2', 'TPO2']	noDrug	LD050_2421		trans
11924	-0.474350063	0.474350063	['MID2', 'TPO2']	noDrug	LD050_2422		trans
11929	-0.513969263	0.513969263	['MID2', 'TPO2']	noDrug	LD050_2424		trans
11931	-1.093694608	1.093694608	['MID2', 'TPO2']	noDrug	LD050_2425		trans
11940	-0.559659018	0.559659018	['MID2', 'TPO2']	noDrug	LD050_2426		trans
11942	-0.525573544	0.525573544	['MID2', 'TPO2']	noDrug	LD050_2428		trans
653	0.644005656	0.644005656	['MID2', 'TPO4']	5-FC	LD050_155		trans
9433	-0.622054577	0.622054577	['MID2', 'TPO4']	5-FC	LD050_1911		trans
11897	-0.59846258	0.59846258	['MID2', 'TPO4']	5-FC	LD050_2418		trans
1784	1.327754961	1.327754961	['MID2', 'TPO4']	Fluconazole	LD050_445		trans
3099	0.707676698	0.707676698	['MID2', 'TPO4']	Fluconazole	LD050_654		trans
3100	1.275898538	1.275898538	['MID2', 'TPO4']	Fluconazole	LD050_655		trans
3105	0.664621129	0.664621129	['MID2', 'TPO4']	Fluconazole	LD050_659		trans
5776	-1.408734614	1.408734614	['MID2', 'TPO4']	Fluconazole	LD050_1221		trans
8629	0.932809889	0.932809889	['MID2', 'TPO4']	Fluconazole	LD050_1789		trans
8638	0.649926754	0.649926754	['MID2', 'TPO4']	Fluconazole	LD050_1790	ERG5	trans
8689	0.975814193	0.975814193	['MID2', 'TPO4']	Fluconazole	LD050_1797		trans
9090	0.696565246	0.696565246	['MID2', 'TPO4']	Fluconazole	LD050_1853		trans
11940	-0.617254093	0.617254093	['MID2', 'TPO4']	Fluconazole	LD050_2426		trans
10438	-0.589139794	0.589139794	['MID2', 'TPO4']	Metformin	LD050_2147		trans
10480	-0.361351129	0.361351129	['MID2', 'TPO4']	Metformin	LD050_2157		trans
10425	-0.575152898	0.575152898	['MID2', 'TPO4']	Trifluoperazine	LD050_2143		trans
6201	-0.934044293	0.934044293	['MID2', 'TPO4']	noDrug	LD050_1325		trans
8616	0.548830063	0.548830063	['MID2', 'TPO4']	noDrug	LD050_1786	ERV25	trans
8623	0.510390696	0.510390696	['MID2', 'TPO4']	noDrug	LD050_1788		trans
8633	0.540953472	0.540953472	['MID2', 'TPO4']	noDrug	LD050_1790	ERG5	trans
8807	0.579076307	0.579076307	['MID2', 'WSC2']	5-FC	LD050_1809	ADE17	trans
11542	0.567243355	0.567243355	['MID2', 'WSC2']	5-FC	LD050_2348		trans
905	0.690455762	0.690455762	['MID2', 'WSC2']	Fluconazole	LD050_239		trans
910	0.615170241	0.615170241	['MID2', 'WSC2']	Fluconazole	LD050_242		trans
911	0.644705807	0.644705807	['MID2', 'WSC2']	Fluconazole	LD050_243		trans
915	1.142425591	1.142425591	['MID2', 'WSC2']	Fluconazole	LD050_247		trans
917	0.832076372	0.832076372	['MID2', 'WSC2']	Fluconazole	LD050_248		trans
920	1.163535385	1.163535385	['MID2', 'WSC2']	Fluconazole	LD050_249		trans
924	0.636290695	0.636290695	['MID2', 'WSC2']	Fluconazole	LD050_252		trans
2862	-0.687928808	0.687928808	['MID2', 'WSC2']	Fluconazole	LD050_606		trans
8807	0.648607599	0.648607599	['MID2', 'WSC2']	Fluconazole	LD050_1809	ADE17	trans
8810	0.60679747	0.60679747	['MID2', 'WSC2']	Fluconazole	LD050_1811	ADE17	trans
7484	0.512623694	0.512623694	['MID2', 'WSC2']	Metformin	LD050_1541	TPO1	trans
8807	0.529872409	0.529872409	['MID2', 'WSC2']	Metformin	LD050_1809	ADE17	trans
10415	-0.542481579	0.542481579	['MID2', 'WSC2']	Metformin	LD050_2137		trans
10420	-0.503150408	0.503150408	['MID2', 'WSC2']	Metformin	LD050_2140		trans
10425	-0.529256092	0.529256092	['MID2', 'WSC2']	Metformin	LD050_2143		trans
925	0.58416595	0.58416595	['MID2', 'WSC2']	Trifluoperazine	LD050_252		trans
928	0.604538052	0.604538052	['MID2', 'WSC2']	Trifluoperazine	LD050_255		trans
8807	0.581733315	0.581733315	['MID2', 'WSC2']	Trifluoperazine	LD050_1809	ADE17	trans
11540	0.574505448	0.574505448	['MID2', 'WSC2']	Trifluoperazine	LD050_2348		trans
11910	-0.763202472	0.763202472	['PLM2', 'HNM1']	5-FC	LD050_2418		trans
11912	-0.800454061	0.800454061	['PLM2', 'HNM1']	5-FC	LD050_2420		trans
11918	-1.032166623	1.032166623	['PLM2', 'HNM1']	5-FC	LD050_2421		trans
11920	-0.758868475	0.758868475	['PLM2', 'HNM1']	5-FC	LD050_2422		trans
11928	-0.704384677	0.704384677	['PLM2', 'HNM1']	5-FC	LD050_2424		trans
11931	-1.491026657	1.491026657	['PLM2', 'HNM1']	5-FC	LD050_2425		trans
11940	-0.65860502	0.65860502	['PLM2', 'HNM1']	5-FC	LD050_2426		trans
11946	-0.630312537	0.630312537	['PLM2', 'HNM1']	5-FC	LD050_2428		trans
575	-0.55909594	0.55909594	['PLM2', 'HNM1']	Fluconazole	LD050_139		trans
598	-0.655866383	0.655866383	['PLM2', 'HNM1']	Fluconazole	LD050_144		trans
3140	0.588050773	0.588050773	['PLM2', 'HNM1']	Fluconazole	LD050_667		trans
11929	-0.599733064	0.599733064	['PLM2', 'HNM1']	Fluconazole	LD050_2424		trans
11931	-1.107797889	1.107797889	['PLM2', 'HNM1']	Fluconazole	LD050_2425		trans
11938	-0.594048655	0.594048655	['PLM2', 'HNM1']	Fluconazole	LD050_2426		trans
11946	-0.595898281	0.595898281	['PLM2', 'HNM1']	Fluconazole	LD050_2428		trans
277	0.533922989	0.533922989	['PLM2', 'HNM1']	Metformin	LD050_74		trans
11900	-0.514074257	0.514074257	['PLM2', 'HNM1']	Metformin	LD050_2418		trans
11912	-0.512943592	0.512943592	['PLM2', 'HNM1']	Metformin	LD050_2420		trans
11917	-1.030689759	1.030689759	['PLM2', 'HNM1']	Metformin	LD050_2421		trans
11929	-0.497968179	0.497968179	['PLM2', 'HNM1']	Metformin	LD050_2424		trans
11931	-1.01036056	1.01036056	['PLM2', 'HNM1']	Metformin	LD050_2425		trans
7430	1.529672784	1.529672784	['PLM2', 'HNM1']	Trifluoperazine	LD050_1536		trans
10419	-0.593394759	0.593394759	['PLM2', 'HNM1']	Trifluoperazine	LD050_2139		trans
10438	-0.825854819	0.825854819	['PLM2', 'HNM1']	Trifluoperazine	LD050_2147		trans
925	0.567451907	0.567451907	['PLM2', 'HNM1']	noDrug	LD050_252		trans
11910	-0.681688305	0.681688305	['PLM2', 'HNM1']	noDrug	LD050_2418		trans
11915	-0.746711394	0.746711394	['PLM2', 'HNM1']	noDrug	LD050_2420		trans
11917	-1.277505178	1.277505178	['PLM2', 'HNM1']	noDrug	LD050_2421		trans
11920	-0.752927786	0.752927786	['PLM2', 'HNM1']	noDrug	LD050_2422		trans
11929	-0.756743859	0.756743859	['PLM2', 'HNM1']	noDrug	LD050_2424		trans
11931	-1.548296754	1.548296754	['PLM2', 'HNM1']	noDrug	LD050_2425		trans
11934	-0.710540793	0.710540793	['PLM2', 'HNM1']	noDrug	LD050_2426		trans
11944	-0.690294845	0.690294845	['PLM2', 'HNM1']	noDrug	LD050_2428		trans
7430	1.567672671	1.567672671	['PLM2', 'SNA3']	5-FC	LD050_1536		trans
9431	-0.590393918	0.590393918	['PLM2', 'SNA3']	5-FC	LD050_1911		trans
7430	1.459028454	1.459028454	['PLM2', 'SNA3']	Fluconazole	LD050_1536		trans
9574	1.396325378	1.396325378	['PLM2', 'SNA3']	Fluconazole	LD050_1931		trans
10023	1.838967855	1.838967855	['PLM2', 'SNA3']	Fluconazole	LD050_2048		trans
10211	-0.522049055	0.522049055	['PLM2', 'SNA3']	Fluconazole	LD050_2082		trans
2525	0.459640962	0.459640962	['PLM2', 'SNA3']	Metformin	LD050_535		trans
2530	0.465482684	0.465482684	['PLM2', 'SNA3']	Metformin	LD050_537		trans
4098	-1.383712148	1.383712148	['PLM2', 'SNA3']	Trifluoperazine	LD050_874		trans
7430	1.522702669	1.522702669	['PLM2', 'SNA3']	noDrug	LD050_1536		trans
1920	0.629315526	0.629315526	['PMC1', 'CTR2']	5-FC	LD050_468		trans
10438	-1.019364969	1.019364969	['PMC1', 'CTR2']	5-FC	LD050_2147		trans
11910	-0.733465402	0.733465402	['PMC1', 'CTR2']	5-FC	LD050_2418		trans
11912	-0.737531808	0.737531808	['PMC1', 'CTR2']	5-FC	LD050_2420		trans
11917	-1.263660715	1.263660715	['PMC1', 'CTR2']	5-FC	LD050_2421		trans
11920	-0.743641544	0.743641544	['PMC1', 'CTR2']	5-FC	LD050_2422		trans
11928	-0.785257889	0.785257889	['PMC1', 'CTR2']	5-FC	LD050_2424		trans
11931	-1.564113929	1.564113929	['PMC1', 'CTR2']	5-FC	LD050_2425		trans
11940	-0.81685075	0.81685075	['PMC1', 'CTR2']	5-FC	LD050_2426		trans
11942	-0.77132116	0.77132116	['PMC1', 'CTR2']	5-FC	LD050_2428		trans
11948	-0.697803603	0.697803603	['PMC1', 'CTR2']	5-FC	LD050_2430		trans
11929	-0.602181	0.602181	['PMC1', 'CTR2']	Fluconazole	LD050_2424		trans
11940	-0.656168009	0.656168009	['PMC1', 'CTR2']	Fluconazole	LD050_2426		trans
11946	-0.652611009	0.652611009	['PMC1', 'CTR2']	Fluconazole	LD050_2428		trans
10438	-0.844415834	0.844415834	['PMC1', 'CTR2']	Metformin	LD050_2147		trans
10480	-0.551757147	0.551757147	['PMC1', 'CTR2']	Metformin	LD050_2157		trans
11898	-0.57970934	0.57970934	['PMC1', 'CTR2']	Metformin	LD050_2418		trans
11912	-0.505778855	0.505778855	['PMC1', 'CTR2']	Metformin	LD050_2420		trans
11940	-0.500953258	0.500953258	['PMC1', 'CTR2']	Metformin	LD050_2426		trans
11944	-0.486198897	0.486198897	['PMC1', 'CTR2']	Metformin	LD050_2428		trans
667	1.373757852	1.373757852	['PMC1', 'CTR2']	Trifluoperazine	LD050_159		trans
10438	-1.113573238	1.113573238	['PMC1', 'CTR2']	Trifluoperazine	LD050_2147		trans
11940	-0.619057735	0.619057735	['PMC1', 'CTR2']	Trifluoperazine	LD050_2426		trans
11944	-0.60779557	0.60779557	['PMC1', 'CTR2']	Trifluoperazine	LD050_2428		trans
667	1.358735493	1.358735493	['PMC1', 'CTR2']	noDrug	LD050_159		trans
6983	0.653262587	0.653262587	['PMC1', 'CTR2']	noDrug	LD050_1443		trans
6988	0.629425214	0.629425214	['PMC1', 'CTR2']	noDrug	LD050_1445		trans
11910	-0.614421289	0.614421289	['PMC1', 'CTR2']	noDrug	LD050_2418		trans
11928	-0.662390707	0.662390707	['PMC1', 'CTR2']	noDrug	LD050_2424		trans
11931	-1.240927443	1.240927443	['PMC1', 'CTR2']	noDrug	LD050_2425		trans
11940	-0.700219253	0.700219253	['PMC1', 'CTR2']	noDrug	LD050_2426		trans
11944	-0.694019308	0.694019308	['PMC1', 'CTR2']	noDrug	LD050_2428		trans
1920	0.613009769	0.613009769	['PMC1', 'GTR2']	5-FC	LD050_468		trans
10438	-0.970938041	0.970938041	['PMC1', 'GTR2']	5-FC	LD050_2147		trans
11900	-0.691219366	0.691219366	['PMC1', 'GTR2']	5-FC	LD050_2418		trans
11912	-0.697205812	0.697205812	['PMC1', 'GTR2']	5-FC	LD050_2420		trans
11924	-0.682218472	0.682218472	['PMC1', 'GTR2']	5-FC	LD050_2422		trans
11928	-0.775841153	0.775841153	['PMC1', 'GTR2']	5-FC	LD050_2424		trans
11931	-1.432144226	1.432144226	['PMC1', 'GTR2']	5-FC	LD050_2425		trans
11940	-0.784412908	0.784412908	['PMC1', 'GTR2']	5-FC	LD050_2426		trans
11946	-0.757740262	0.757740262	['PMC1', 'GTR2']	5-FC	LD050_2428		trans
11948	-0.643521392	0.643521392	['PMC1', 'GTR2']	5-FC	LD050_2430		trans
3134	0.788669057	0.788669057	['PMC1', 'GTR2']	Fluconazole	LD050_665		trans
9427	-0.753104776	0.753104776	['PMC1', 'GTR2']	Fluconazole	LD050_1911		trans
11928	-0.715060675	0.715060675	['PMC1', 'GTR2']	Fluconazole	LD050_2424		trans
10438	-0.900247847	0.900247847	['PMC1', 'GTR2']	Metformin	LD050_2147		trans
11898	-0.556821248	0.556821248	['PMC1', 'GTR2']	Metformin	LD050_2418		trans
11912	-0.524940424	0.524940424	['PMC1', 'GTR2']	Metformin	LD050_2420		trans
11920	-0.502572736	0.502572736	['PMC1', 'GTR2']	Metformin	LD050_2422		trans
11928	-0.506933477	0.506933477	['PMC1', 'GTR2']	Metformin	LD050_2424		trans
11940	-0.542054038	0.542054038	['PMC1', 'GTR2']	Metformin	LD050_2426		trans
11946	-0.542476613	0.542476613	['PMC1', 'GTR2']	Metformin	LD050_2428		trans
10438	-1.136920239	1.136920239	['PMC1', 'GTR2']	Trifluoperazine	LD050_2147		trans
11910	-0.705559683	0.705559683	['PMC1', 'GTR2']	Trifluoperazine	LD050_2418		trans
11912	-0.696732326	0.696732326	['PMC1', 'GTR2']	Trifluoperazine	LD050_2420		trans
11924	-0.732632448	0.732632448	['PMC1', 'GTR2']	Trifluoperazine	LD050_2422		trans
11928	-0.792951389	0.792951389	['PMC1', 'GTR2']	Trifluoperazine	LD050_2424		trans
11931	-1.474140274	1.474140274	['PMC1', 'GTR2']	Trifluoperazine	LD050_2425		trans
11940	-0.836674914	0.836674914	['PMC1', 'GTR2']	Trifluoperazine	LD050_2426		trans
11946	-0.78620041	0.78620041	['PMC1', 'GTR2']	Trifluoperazine	LD050_2428		trans
11948	-0.66124495	0.66124495	['PMC1', 'GTR2']	Trifluoperazine	LD050_2430		trans
648	0.666610162	0.666610162	['PMC1', 'GTR2']	noDrug	LD050_152		trans
667	1.3389086	1.3389086	['PMC1', 'GTR2']	noDrug	LD050_159		trans
10438	-1.055702762	1.055702762	['PMC1', 'GTR2']	noDrug	LD050_2147		trans
11910	-0.647725688	0.647725688	['PMC1', 'GTR2']	noDrug	LD050_2418		trans
11912	-0.661447818	0.661447818	['PMC1', 'GTR2']	noDrug	LD050_2420		trans
11924	-0.691786992	0.691786992	['PMC1', 'GTR2']	noDrug	LD050_2422		trans
11928	-0.735850751	0.735850751	['PMC1', 'GTR2']	noDrug	LD050_2424		trans
11931	-1.395208756	1.395208756	['PMC1', 'GTR2']	noDrug	LD050_2425		trans
11940	-0.790985267	0.790985267	['PMC1', 'GTR2']	noDrug	LD050_2426		trans
11946	-0.737724084	0.737724084	['PMC1', 'GTR2']	noDrug	LD050_2428		trans
11948	-0.620458239	0.620458239	['PMC1', 'GTR2']	noDrug	LD050_2430		trans
2274	0.421531101	0.421531101	['RET2', 'EMP47']	5-FC	LD050_512		trans
2528	0.449072587	0.449072587	['RET2', 'EMP47']	5-FC	LD050_537		trans
3871	0.572317527	0.572317527	['RET2', 'EMP47']	5-FC	LD050_813		trans
649	0.426566104	0.426566104	['RET2', 'EMP47']	Fluconazole	LD050_152		trans
981	0.507203036	0.507203036	['RET2', 'EMP47']	Fluconazole	LD050_270		trans
3142	0.4162044	0.4162044	['RET2', 'EMP47']	Fluconazole	LD050_667		trans
3147	0.414933342	0.414933342	['RET2', 'EMP47']	Fluconazole	LD050_670		trans
6174	-0.395930029	0.395930029	['RET2', 'EMP47']	Fluconazole	LD050_1320		trans
7430	1.023426817	1.023426817	['RET2', 'EMP47']	Fluconazole	LD050_1536		trans
3871	0.434819058	0.434819058	['RET2', 'EMP47']	Metformin	LD050_813		trans
8367	0.661368532	0.661368532	['RET2', 'EMP47']	Metformin	LD050_1731	LSM3	trans
8774	0.315516407	0.315516407	['RET2', 'EMP47']	Metformin	LD050_1805	PGM2	trans
10480	-0.349912142	0.349912142	['RET2', 'EMP47']	Metformin	LD050_2157		trans
10425	-0.412062616	0.412062616	['RET2', 'EMP47']	Trifluoperazine	LD050_2143		trans
11899	-0.438797032	0.438797032	['RET2', 'EMP47']	Trifluoperazine	LD050_2418		trans
2274	0.472752006	0.472752006	['RET2', 'EMP47']	noDrug	LD050_512		trans
779	-0.446317665	0.446317665	['RET2', 'EMP70']	5-FC	LD050_192		trans
10480	-0.408272804	0.408272804	['RET2', 'EMP70']	5-FC	LD050_2157		trans
11904	-0.404220246	0.404220246	['RET2', 'EMP70']	5-FC	LD050_2418		trans
649	0.428843453	0.428843453	['RET2', 'EMP70']	Fluconazole	LD050_152		trans
981	0.513033366	0.513033366	['RET2', 'EMP70']	Fluconazole	LD050_270		trans
3100	0.787907788	0.787907788	['RET2', 'EMP70']	Fluconazole	LD050_655		trans
3139	0.410349966	0.410349966	['RET2', 'EMP70']	Fluconazole	LD050_667		trans
10210	-0.43930966	0.43930966	['RET2', 'EMP70']	Fluconazole	LD050_2082		trans
10213	-0.430486898	0.430486898	['RET2', 'EMP70']	Fluconazole	LD050_2083		trans
1142	0.420132496	0.420132496	['RET2', 'EMP70']	Metformin	LD050_305		trans
5793	-0.747438595	0.747438595	['RET2', 'EMP70']	Metformin	LD050_1227		trans
5793	-0.794433686	0.794433686	['RET2', 'EMP70']	Trifluoperazine	LD050_1227		trans
11903	-0.434159949	0.434159949	['RET2', 'EMP70']	Trifluoperazine	LD050_2418		trans
2847	-0.447673328	0.447673328	['RET2', 'EMP70']	noDrug	LD050_605		trans
2866	-0.457654845	0.457654845	['RET2', 'EMP70']	noDrug	LD050_607		trans
779	-0.438358233	0.438358233	['RET2', 'SNA3']	5-FC	LD050_192		trans
11900	-0.448674196	0.448674196	['RET2', 'SNA3']	5-FC	LD050_2418		trans
3357	-0.395742447	0.395742447	['RET2', 'SNA3']	Fluconazole	LD050_704		trans
3369	-0.412939934	0.412939934	['RET2', 'SNA3']	Fluconazole	LD050_705		trans
6430	-0.439728292	0.439728292	['RET2', 'SNA3']	Fluconazole	LD050_1379		trans
2312	0.408856395	0.408856395	['RET2', 'SNA3']	Metformin	LD050_514		trans
2523	0.409414567	0.409414567	['RET2', 'SNA3']	Metformin	LD050_535		trans
3563	-0.684944567	0.684944567	['RET2', 'SNA3']	Metformin	LD050_724		trans
5793	-0.761299218	0.761299218	['RET2', 'SNA3']	Trifluoperazine	LD050_1227		trans
2752	0.623420643	0.623420643	['RET2', 'SNA3']	noDrug	LD050_573		trans
5793	-0.725296525	0.725296525	['RET2', 'SNA3']	noDrug	LD050_1227		trans
11897	-0.392602904	0.392602904	['RET2', 'SNA3']	noDrug	LD050_2418		trans
10438	-0.831399063	0.831399063	['SNA4', 'GTR2']	5-FC	LD050_2147		trans
10480	-0.547957713	0.547957713	['SNA4', 'GTR2']	5-FC	LD050_2157		trans
11908	-0.571590322	0.571590322	['SNA4', 'GTR2']	5-FC	LD050_2418		trans
11912	-0.607887428	0.607887428	['SNA4', 'GTR2']	5-FC	LD050_2420		trans
11928	-0.510034512	0.510034512	['SNA4', 'GTR2']	5-FC	LD050_2424		trans
3357	-0.571364885	0.571364885	['SNA4', 'GTR2']	Fluconazole	LD050_704		trans
3363	-0.691059436	0.691059436	['SNA4', 'GTR2']	Fluconazole	LD050_705		trans
3445	-0.608211651	0.608211651	['SNA4', 'GTR2']	Fluconazole	LD050_713		trans
8522	-0.820595974	0.820595974	['SNA4', 'GTR2']	Trifluoperazine	LD050_1763	ALO1	trans
11912	-0.532101861	0.532101861	['SNA4', 'GTR2']	Trifluoperazine	LD050_2420		trans
11940	-0.525681261	0.525681261	['SNA4', 'GTR2']	Trifluoperazine	LD050_2426		trans
11946	-0.531353717	0.531353717	['SNA4', 'GTR2']	Trifluoperazine	LD050_2428		trans
344	-1.543480348	1.543480348	['SNA4', 'GTR2']	noDrug	LD050_88		trans
11912	-0.599303383	0.599303383	['SNA4', 'GTR2']	noDrug	LD050_2420		trans
3143	0.532714753	0.532714753	['SNA4', 'VAC8']	Fluconazole	LD050_667		trans
3144	1.109562707	1.109562707	['SNA4', 'VAC8']	Fluconazole	LD050_668		trans
5678	-0.332902188	0.332902188	['SNA4', 'VAC8']	Metformin	LD050_1206		trans
11373	-0.316513017	0.316513017	['SNA4', 'VAC8']	Metformin	LD050_2326		trans
5415	-0.95851484	0.95851484	['SNA4', 'VAC8']	Trifluoperazine	LD050_1154		trans
3071	0.87952738	0.87952738	['SNA4', 'VAC8']	noDrug	LD050_649		trans
653	0.594255946	0.594255946	['SRO9', 'DHH1']	5-FC	LD050_155		trans
667	1.223756363	1.223756363	['SRO9', 'DHH1']	5-FC	LD050_159		trans
10438	-0.970877161	0.970877161	['SRO9', 'DHH1']	5-FC	LD050_2147		trans
10456	-1.73284706	1.73284706	['SRO9', 'DHH1']	5-FC	LD050_2151		trans
11900	-0.61852142	0.61852142	['SRO9', 'DHH1']	5-FC	LD050_2418		trans
11912	-0.615281024	0.615281024	['SRO9', 'DHH1']	5-FC	LD050_2420		trans
11924	-0.565610023	0.565610023	['SRO9', 'DHH1']	5-FC	LD050_2422		trans
11929	-0.611387033	0.611387033	['SRO9', 'DHH1']	5-FC	LD050_2424		trans
11931	-1.24470489	1.24470489	['SRO9', 'DHH1']	5-FC	LD050_2425		trans
3134	0.662655809	0.662655809	['SRO9', 'DHH1']	Fluconazole	LD050_665		trans
7430	1.675032126	1.675032126	['SRO9', 'DHH1']	Fluconazole	LD050_1536		trans
10848	-0.593258426	0.593258426	['SRO9', 'DHH1']	Fluconazole	LD050_2204		trans
11912	-0.599364134	0.599364134	['SRO9', 'DHH1']	Fluconazole	LD050_2420		trans
11929	-0.631791953	0.631791953	['SRO9', 'DHH1']	Fluconazole	LD050_2424		trans
10480	-0.349079266	0.349079266	['SRO9', 'DHH1']	Metformin	LD050_2157		trans
11897	-0.371189954	0.371189954	['SRO9', 'DHH1']	Metformin	LD050_2418		trans
370	-0.663812464	0.663812464	['SRO9', 'DHH1']	Trifluoperazine	LD050_95		trans
10438	-0.893761827	0.893761827	['SRO9', 'DHH1']	Trifluoperazine	LD050_2147		trans
11897	-0.577769989	0.577769989	['SRO9', 'DHH1']	Trifluoperazine	LD050_2418		trans
11910	-0.620973943	0.620973943	['SRO9', 'DHH1']	noDrug	LD050_2418		trans
11912	-0.647679439	0.647679439	['SRO9', 'DHH1']	noDrug	LD050_2420		trans
11917	-1.098545162	1.098545162	['SRO9', 'DHH1']	noDrug	LD050_2421		trans
11924	-0.603866118	0.603866118	['SRO9', 'DHH1']	noDrug	LD050_2422		trans
11929	-0.619440551	0.619440551	['SRO9', 'DHH1']	noDrug	LD050_2424		trans
11931	-1.235293665	1.235293665	['SRO9', 'DHH1']	noDrug	LD050_2425		trans
11940	-0.5729583	0.5729583	['SRO9', 'DHH1']	noDrug	LD050_2426		trans
10479	-0.338019404	0.338019404	['SRO9', 'GIS2']	5-FC	LD050_2157		trans
10508	-0.496059744	0.496059744	['SRO9', 'GIS2']	Fluconazole	LD050_2161	PIN2	trans
8804	0.243328601	0.243328601	['SRO9', 'GIS2']	Metformin	LD050_1809	ADE17	trans
10182	-0.342316282	0.342316282	['SRO9', 'GIS2']	Metformin	LD050_2078		trans
10204	-0.49218497	0.49218497	['SRO9', 'GIS2']	Metformin	LD050_2079		trans
10438	-0.516274493	0.516274493	['SRO9', 'GIS2']	Trifluoperazine	LD050_2147		trans
648	0.496232036	0.496232036	['SRO9', 'GIS2']	noDrug	LD050_152		trans
653	0.465185836	0.465185836	['SRO9', 'GIS2']	noDrug	LD050_155		trans
11910	-0.459924934	0.459924934	['SRO9', 'GIS2']	noDrug	LD050_2418		trans
11912	-0.453800695	0.453800695	['SRO9', 'GIS2']	noDrug	LD050_2420		trans
11940	-0.474055177	0.474055177	['SRO9', 'GIS2']	noDrug	LD050_2426		trans
11942	-0.468390779	0.468390779	['SRO9', 'GIS2']	noDrug	LD050_2428		trans
10425	-0.437251539	0.437251539	['SRO9', 'SGN1']	5-FC	LD050_2143		trans
10438	-0.833020369	0.833020369	['SRO9', 'SGN1']	5-FC	LD050_2147		trans
10480	-0.591116044	0.591116044	['SRO9', 'SGN1']	5-FC	LD050_2157		trans
9430	-0.54034752	0.54034752	['SRO9', 'SGN1']	Fluconazole	LD050_1911		trans
8805	0.235151502	0.235151502	['SRO9', 'SGN1']	Metformin	LD050_1809	ADE17	trans
8816	0.226172442	0.226172442	['SRO9', 'SGN1']	Metformin	LD050_1811	ADE17	trans
11273	0.24022453	0.24022453	['SRO9', 'SGN1']	Metformin	LD050_2312		trans
10438	-0.705571808	0.705571808	['SRO9', 'SGN1']	Trifluoperazine	LD050_2147		trans
10480	-0.582671928	0.582671928	['SRO9', 'SGN1']	Trifluoperazine	LD050_2157		trans
10438	-0.847472346	0.847472346	['SRO9', 'SGN1']	noDrug	LD050_2147		trans
10480	-0.576271564	0.576271564	['SRO9', 'SGN1']	noDrug	LD050_2157		trans
10438	-0.895494942	0.895494942	['SSH1', 'ERG11']	5-FC	LD050_2147		trans
10480	-0.602347472	0.602347472	['SSH1', 'ERG11']	5-FC	LD050_2157		trans
1505	-1.186169747	1.186169747	['SSH1', 'ERG11']	Fluconazole	LD050_388		trans
4275	0.601333678	0.601333678	['SSH1', 'ERG11']	Fluconazole	LD050_916		trans
4282	0.723393233	0.723393233	['SSH1', 'ERG11']	Fluconazole	LD050_918		trans
4291	0.69141353	0.69141353	['SSH1', 'ERG11']	Fluconazole	LD050_922	PMC1	trans
4891	0.572092679	0.572092679	['SSH1', 'ERG11']	Fluconazole	LD050_1041		trans
4900	0.669623827	0.669623827	['SSH1', 'ERG11']	Fluconazole	LD050_1045		trans
8894	-0.681398919	0.681398919	['SSH1', 'ERG11']	Fluconazole	LD050_1821		trans
10207	-0.625973652	0.625973652	['SSH1', 'ERG11']	Fluconazole	LD050_2081		trans
10210	-0.691249767	0.691249767	['SSH1', 'ERG11']	Fluconazole	LD050_2082		trans
10213	-0.623583107	0.623583107	['SSH1', 'ERG11']	Fluconazole	LD050_2083		trans
10220	-0.60382991	0.60382991	['SSH1', 'ERG11']	Fluconazole	LD050_2086		trans
2274	0.355612791	0.355612791	['SSH1', 'ERG11']	Metformin	LD050_512		trans
3045	0.369116866	0.369116866	['SSH1', 'ERG11']	Metformin	LD050_644		trans
10438	-0.722698127	0.722698127	['SSH1', 'ERG11']	Metformin	LD050_2147		trans
10480	-0.398903534	0.398903534	['SSH1', 'ERG11']	Metformin	LD050_2157		trans
282	0.616502076	0.616502076	['SSH1', 'ERG11']	Trifluoperazine	LD050_74		trans
369	0.736553316	0.736553316	['SSH1', 'ERG11']	Trifluoperazine	LD050_95		trans
10438	-0.974229933	0.974229933	['SSH1', 'ERG11']	Trifluoperazine	LD050_2147		trans
280	0.597021897	0.597021897	['SSH1', 'ERG11']	noDrug	LD050_74		trans
10438	-1.145872433	1.145872433	['SSH1', 'ERG11']	noDrug	LD050_2147		trans
10480	-0.587664501	0.587664501	['SSH1', 'ERG11']	noDrug	LD050_2157		trans
282	0.617204919	0.617204919	['SSH1', 'ERV25']	5-FC	LD050_74		trans
10438	-1.111364002	1.111364002	['SSH1', 'ERV25']	5-FC	LD050_2147		trans
11898	-0.617345557	0.617345557	['SSH1', 'ERV25']	5-FC	LD050_2418		trans
3134	0.699890212	0.699890212	['SSH1', 'ERV25']	Fluconazole	LD050_665		trans
3142	0.650378982	0.650378982	['SSH1', 'ERV25']	Fluconazole	LD050_667		trans
11927	-0.642606292	0.642606292	['SSH1', 'ERV25']	Fluconazole	LD050_2424		trans
282	0.41495287	0.41495287	['SSH1', 'ERV25']	Metformin	LD050_74		trans
10208	-0.50920411	0.50920411	['SSH1', 'ERV25']	Metformin	LD050_2082		trans
10438	-0.730757673	0.730757673	['SSH1', 'ERV25']	Metformin	LD050_2147		trans
10456	-1.450028698	1.450028698	['SSH1', 'ERV25']	Metformin	LD050_2151		trans
277	0.646116492	0.646116492	['SSH1', 'ERV25']	Trifluoperazine	LD050_74		trans
369	0.797191455	0.797191455	['SSH1', 'ERV25']	Trifluoperazine	LD050_95		trans
10438	-1.148405912	1.148405912	['SSH1', 'ERV25']	Trifluoperazine	LD050_2147		trans
11898	-0.599727496	0.599727496	['SSH1', 'ERV25']	Trifluoperazine	LD050_2418		trans
369	0.882280288	0.882280288	['SSH1', 'ERV25']	noDrug	LD050_95		trans
10438	-1.125149249	1.125149249	['SSH1', 'ERV25']	noDrug	LD050_2147		trans
11898	-0.622189646	0.622189646	['SSH1', 'ERV25']	noDrug	LD050_2418		trans
11912	-0.635611298	0.635611298	['SSH1', 'ERV25']	noDrug	LD050_2420		trans
11928	-0.634523853	0.634523853	['SSH1', 'ERV25']	noDrug	LD050_2424		trans
10419	-0.776700597	0.776700597	['SSH1', 'ORM2']	5-FC	LD050_2139		trans
10438	-1.184113531	1.184113531	['SSH1', 'ORM2']	5-FC	LD050_2147		trans
10456	-1.879322036	1.879322036	['SSH1', 'ORM2']	5-FC	LD050_2151		trans
3099	0.59107344	0.59107344	['SSH1', 'ORM2']	Fluconazole	LD050_654		trans
3105	0.570275808	0.570275808	['SSH1', 'ORM2']	Fluconazole	LD050_659		trans
3139	0.590850364	0.590850364	['SSH1', 'ORM2']	Fluconazole	LD050_667		trans
3757	-0.677483633	0.677483633	['SSH1', 'ORM2']	Fluconazole	LD050_783		trans
3759	-0.601484345	0.601484345	['SSH1', 'ORM2']	Fluconazole	LD050_785		trans
8894	-0.592863012	0.592863012	['SSH1', 'ORM2']	Fluconazole	LD050_1821		trans
265	0.458106992	0.458106992	['SSH1', 'ORM2']	Metformin	LD050_71		trans
10419	-0.560231464	0.560231464	['SSH1', 'ORM2']	Metformin	LD050_2139		trans
10438	-0.89884267	0.89884267	['SSH1', 'ORM2']	Metformin	LD050_2147		trans
10456	-1.367261115	1.367261115	['SSH1', 'ORM2']	Metformin	LD050_2151		trans
10480	-0.525744306	0.525744306	['SSH1', 'ORM2']	Metformin	LD050_2157		trans
9283	-0.576136458	0.576136458	['SSH1', 'ORM2']	Trifluoperazine	LD050_1896		trans
10419	-0.712600138	0.712600138	['SSH1', 'ORM2']	Trifluoperazine	LD050_2139		trans
10438	-1.139502324	1.139502324	['SSH1', 'ORM2']	Trifluoperazine	LD050_2147		trans
274	0.594273968	0.594273968	['SSH1', 'ORM2']	noDrug	LD050_73		trans
10419	-0.790892148	0.790892148	['SSH1', 'ORM2']	noDrug	LD050_2139		trans
10420	-0.630660578	0.630660578	['SSH1', 'ORM2']	noDrug	LD050_2140		trans
10425	-0.618549188	0.618549188	['SSH1', 'ORM2']	noDrug	LD050_2143		trans
10438	-1.424358323	1.424358323	['SSH1', 'ORM2']	noDrug	LD050_2147		trans
51	-0.750117584	0.750117584	['SSH1', 'PIS1']	5-FC	LD050_23		trans
3139	0.560346154	0.560346154	['SSH1', 'PIS1']	Fluconazole	LD050_667		trans
3755	-0.553911035	0.553911035	['SSH1', 'PIS1']	Fluconazole	LD050_783		trans
10208	-0.652015142	0.652015142	['SSH1', 'PIS1']	Fluconazole	LD050_2082		trans
10214	-0.631390476	0.631390476	['SSH1', 'PIS1']	Fluconazole	LD050_2083		trans
10222	-0.577861041	0.577861041	['SSH1', 'PIS1']	Fluconazole	LD050_2088		trans
51	-0.596248308	0.596248308	['SSH1', 'PIS1']	Metformin	LD050_23		trans
51	-0.695319223	0.695319223	['SSH1', 'PIS1']	Trifluoperazine	LD050_23		trans
10419	-0.687810024	0.687810024	['SSH1', 'PIS1']	Trifluoperazine	LD050_2139		trans
10438	-0.925216295	0.925216295	['SSH1', 'PIS1']	Trifluoperazine	LD050_2147		trans
51	-0.669136259	0.669136259	['SSH1', 'PIS1']	noDrug	LD050_23		trans
10419	-0.703476696	0.703476696	['SSH1', 'PIS1']	noDrug	LD050_2139		trans
11900	-0.635287195	0.635287195	['TPO1', 'MID2']	5-FC	LD050_2418		trans
11912	-0.593205405	0.593205405	['TPO1', 'MID2']	5-FC	LD050_2420		trans
11920	-0.602117975	0.602117975	['TPO1', 'MID2']	5-FC	LD050_2422		trans
11928	-0.613146285	0.613146285	['TPO1', 'MID2']	5-FC	LD050_2424		trans
11931	-1.259463466	1.259463466	['TPO1', 'MID2']	5-FC	LD050_2425		trans
11932	-0.592470373	0.592470373	['TPO1', 'MID2']	5-FC	LD050_2426		trans
11946	-0.588641821	0.588641821	['TPO1', 'MID2']	5-FC	LD050_2428		trans
3134	0.62246894	0.62246894	['TPO1', 'MID2']	Fluconazole	LD050_665		trans
5741	-0.588021956	0.588021956	['TPO1', 'MID2']	Fluconazole	LD050_1215		trans
4528	-0.366524045	0.366524045	['TPO1', 'MID2']	Metformin	LD050_960		trans
8187	-0.357779211	0.357779211	['TPO1', 'MID2']	Metformin	LD050_1697	ORM2	trans
8778	0.433371949	0.433371949	['TPO1', 'MID2']	Metformin	LD050_1805	PGM2	trans
10480	-0.387962954	0.387962954	['TPO1', 'MID2']	Metformin	LD050_2157		trans
11897	-0.645601573	0.645601573	['TPO1', 'MID2']	Trifluoperazine	LD050_2418		trans
11912	-0.577614784	0.577614784	['TPO1', 'MID2']	Trifluoperazine	LD050_2420		trans
11921	-0.556396355	0.556396355	['TPO1', 'MID2']	Trifluoperazine	LD050_2422		trans
11928	-0.608657156	0.608657156	['TPO1', 'MID2']	Trifluoperazine	LD050_2424		trans
11931	-1.214583448	1.214583448	['TPO1', 'MID2']	Trifluoperazine	LD050_2425		trans
11940	-0.558630067	0.558630067	['TPO1', 'MID2']	Trifluoperazine	LD050_2426		trans
11900	-0.624436617	0.624436617	['TPO1', 'MID2']	noDrug	LD050_2418		trans
11912	-0.5825046	0.5825046	['TPO1', 'MID2']	noDrug	LD050_2420		trans
11924	-0.596075046	0.596075046	['TPO1', 'MID2']	noDrug	LD050_2422		trans
11928	-0.624762791	0.624762791	['TPO1', 'MID2']	noDrug	LD050_2424		trans
11931	-1.289810944	1.289810944	['TPO1', 'MID2']	noDrug	LD050_2425		trans
11940	-0.608188199	0.608188199	['TPO1', 'MID2']	noDrug	LD050_2426		trans
11946	-0.610965825	0.610965825	['TPO1', 'MID2']	noDrug	LD050_2428		trans
8778	0.616759692	0.616759692	['TPO1', 'TCB2']	5-FC	LD050_1805	PGM2	trans
10480	-0.618155629	0.618155629	['TPO1', 'TCB2']	5-FC	LD050_2157		trans
11897	-0.666465469	0.666465469	['TPO1', 'TCB2']	5-FC	LD050_2418		trans
11920	-0.655428592	0.655428592	['TPO1', 'TCB2']	5-FC	LD050_2422		trans
11928	-0.691221067	0.691221067	['TPO1', 'TCB2']	5-FC	LD050_2424		trans
11931	-1.376414887	1.376414887	['TPO1', 'TCB2']	5-FC	LD050_2425		trans
11940	-0.624412506	0.624412506	['TPO1', 'TCB2']	5-FC	LD050_2426		trans
11944	-0.611518096	0.611518096	['TPO1', 'TCB2']	5-FC	LD050_2428		trans
649	0.811742581	0.811742581	['TPO1', 'TCB2']	Fluconazole	LD050_152		trans
981	0.703042349	0.703042349	['TPO1', 'TCB2']	Fluconazole	LD050_270		trans
11928	-0.638358161	0.638358161	['TPO1', 'TCB2']	Fluconazole	LD050_2424		trans
11931	-1.310326227	1.310326227	['TPO1', 'TCB2']	Fluconazole	LD050_2425		trans
5741	-0.547219737	0.547219737	['TPO1', 'TCB2']	Metformin	LD050_1215		trans
10480	-0.515887817	0.515887817	['TPO1', 'TCB2']	Metformin	LD050_2157		trans
11921	-0.389201022	0.389201022	['TPO1', 'TCB2']	Trifluoperazine	LD050_2422		trans
11928	-0.396989332	0.396989332	['TPO1', 'TCB2']	Trifluoperazine	LD050_2424		trans
11931	-0.808166751	0.808166751	['TPO1', 'TCB2']	Trifluoperazine	LD050_2425		trans
10480	-0.523220859	0.523220859	['TPO1', 'TCB2']	noDrug	LD050_2157		trans
11897	-0.562329996	0.562329996	['TPO1', 'TCB2']	noDrug	LD050_2418		trans
11912	-0.54050099	0.54050099	['TPO1', 'TCB2']	noDrug	LD050_2420		trans
11921	-0.557871461	0.557871461	['TPO1', 'TCB2']	noDrug	LD050_2422		trans
11928	-0.57696478	0.57696478	['TPO1', 'TCB2']	noDrug	LD050_2424		trans
11931	-1.08977166	1.08977166	['TPO1', 'TCB2']	noDrug	LD050_2425		trans
11940	-0.550951427	0.550951427	['TPO1', 'TCB2']	noDrug	LD050_2426		trans
11944	-0.536134255	0.536134255	['TPO1', 'TCB2']	noDrug	LD050_2428		trans
10419	-0.570956522	0.570956522	['TPO1', 'TPO2']	5-FC	LD050_2139		trans
10438	-0.79109295	0.79109295	['TPO1', 'TPO2']	5-FC	LD050_2147		trans
10480	-0.466349315	0.466349315	['TPO1', 'TPO2']	5-FC	LD050_2157		trans
11905	-0.509225171	0.509225171	['TPO1', 'TPO2']	5-FC	LD050_2418		trans
11928	-0.485215571	0.485215571	['TPO1', 'TPO2']	5-FC	LD050_2424		trans
11931	-1.044814359	1.044814359	['TPO1', 'TPO2']	5-FC	LD050_2425		trans
11932	-0.499536139	0.499536139	['TPO1', 'TPO2']	5-FC	LD050_2426		trans
648	0.657674079	0.657674079	['TPO1', 'TPO2']	Fluconazole	LD050_152		trans
977	0.678849992	0.678849992	['TPO1', 'TPO2']	Fluconazole	LD050_269		trans
1784	1.245094565	1.245094565	['TPO1', 'TPO2']	Fluconazole	LD050_445		trans
3134	0.644181026	0.644181026	['TPO1', 'TPO2']	Fluconazole	LD050_665		trans
4528	-0.629741725	0.629741725	['TPO1', 'TPO2']	Fluconazole	LD050_960		trans
11897	-0.427214085	0.427214085	['TPO1', 'TPO2']	Metformin	LD050_2418		trans
10456	-1.762203458	1.762203458	['TPO1', 'TPO2']	Trifluoperazine	LD050_2151		trans
10480	-0.589171467	0.589171467	['TPO1', 'TPO2']	Trifluoperazine	LD050_2157		trans
11897	-0.661553212	0.661553212	['TPO1', 'TPO2']	Trifluoperazine	LD050_2418		trans
11912	-0.589532773	0.589532773	['TPO1', 'TPO2']	Trifluoperazine	LD050_2420		trans
11921	-0.613611183	0.613611183	['TPO1', 'TPO2']	Trifluoperazine	LD050_2422		trans
11928	-0.633761834	0.633761834	['TPO1', 'TPO2']	Trifluoperazine	LD050_2424		trans
11931	-1.338524059	1.338524059	['TPO1', 'TPO2']	Trifluoperazine	LD050_2425		trans
11940	-0.608016981	0.608016981	['TPO1', 'TPO2']	Trifluoperazine	LD050_2426		trans
11946	-0.613964737	0.613964737	['TPO1', 'TPO2']	Trifluoperazine	LD050_2428		trans
274	0.634672741	0.634672741	['TPO1', 'TPO2']	noDrug	LD050_73		trans
648	0.670000755	0.670000755	['TPO1', 'TPO2']	noDrug	LD050_152		trans
5741	-0.65830148	0.65830148	['TPO1', 'TPO2']	noDrug	LD050_1215		trans
10480	-0.681051057	0.681051057	['TPO1', 'TPO2']	noDrug	LD050_2157		trans
11910	-0.642399685	0.642399685	['TPO1', 'TPO2']	noDrug	LD050_2418		trans
11921	-0.65911489	0.65911489	['TPO1', 'TPO2']	noDrug	LD050_2422		trans
11928	-0.674516237	0.674516237	['TPO1', 'TPO2']	noDrug	LD050_2424		trans
11931	-1.470430794	1.470430794	['TPO1', 'TPO2']	noDrug	LD050_2425		trans
11932	-0.686974438	0.686974438	['TPO1', 'TPO2']	noDrug	LD050_2426		trans
11946	-0.674409603	0.674409603	['TPO1', 'TPO2']	noDrug	LD050_2428		trans
