snp_marker,PPI_DRUGs,colocaled_eQTL_peaks,colocaled_eQTL_genes,colocaled_pQTL_peaks,colocaled_pQTL_proteins
chr10:314882,RET2_EMP47(Fluconazole),303316;303583;306632;309358;311273;312482;315237;316206;319864;323030;323802;325332;325505;326293;328274;329858;329903;330767;331064;331865;331934;332541;333136;337895;338042;339013;339657,ALP1;BIM1;CBC2;CDC10;DMA1;DPB3;GPI11;GPI15;HCH1;HSP10;HSP60;HSP82;ILM1;LST8;MED1;MRPL8;PMS1;POL30;PRP39;PSF2;RCE1;RFA2;ROQ1;SGT2;SIS1;SSA1;SSA4;YAF9;YDJ1;YHR127W;YJL070C;YOL029C;ZPS1,,
chr11:191520,ERG11_ACF2(Trifluoperazine);ERG27_ACF2(noDrug);ERV25_ERG5(5-FC);ERV25_ERG5(Trifluoperazine);FMP45_MEP1(Trifluoperazine);FMP45_MEP1(noDrug);PMC1_CTR2(noDrug),150554;166502;170526;171227;174509;176335;177557;181420;182825;183657;186668;191390;193550;194564,CAD1;CSH1;FDC1;FRE2;HPF1;HSP31;ILV3;LTV1;MIP6;MOG1;PUP2;RPN12;RPT1;RPT3;SHE2;TDA5;TIP1;VTI1;YDR222W;YDR248C;YFR006W;YPR1,186196;186408;191520;193196,ARG8;DLD3;GLK1; HOR3;MLC1;YHB1; YHB
chr11:195507,ALO1_UIP4(5-FC);ALO1_UIP4(Trifluoperazine),150554;166502;170526;171227;174509;176335;177557;181420;182825;183657;186668;191390;193550;194564,CAD1;CSH1;FDC1;FRE2;HPF1;HSP31;ILV3;LTV1;MIP6;MOG1;PUP2;RMA1;RPN12;RPT1;RPT3;SHE2;TDA5;TIP1;VTI1;YDR222W;YDR248C;YFR006W;YPR1,186196;186408;191520;193196,ARG8;DLD3;GLK1; HOR3;MLC1;YHB1; YHB
chr11:196560,PMC1_CTR2(noDrug),197099;200393,ARC35;PTC2;TIS11,,
chr11:196565,ALO1_UIP4(5-FC),197099;200393,ARC35;PTC2;TIS11,,
chr11:196914,ALO1_UIP4(Trifluoperazine),197099;200393,ARC35;PTC2;TIS11,,
chr11:285782,ADE17_HYR1(Fluconazole),286581;301521;302097,AFG1;ATO2;DLD1;FBP26;GPA2;GPP2;MCO32;MRX18;OM45;PGA3;PHM8;PTM1;RHO1;RRT8;SFK1;SQT1;SRV2;TPK1;TSC13;VMA5;YJR096W;YKL091C;YME2;YPS1,285782;298716,MDH1;MNN2;YMR125W
chr11:286321,ERV25_PIS1(Fluconazole),286581;301521;302097,AFG1;ATO2;DLD1;FBP26;GPA2;GPP2;MCO32;MRX18;OM45;PGA3;PHM8;PTM1;RHO1;RRT8;SFK1;SQT1;SRV2;TPK1;TSC13;VMA5;YJR096W;YKL091C;YME2;YPS1,285782;298716,MDH1;MNN2;YMR125W
chr11:294571,ADE17_GIS2(Fluconazole),301521;302097,AFG1;ALD4;ATO2;DLD1;FBP26;GPA2;GPP2;HXT5;MCO32;MDR1;MRX18;OM45;PGA3;PHM8;PTM1;RHO1;RRT8;SFK1;SQT1;SRV2;SSE2;TPK1;TSC13;UFD2;YJR096W;YKL091C;YME2;YPF1;YPS1,285782;298716,MDH1;MNN2;YMR125W
chr11:350701,DHH1_LSM3(Metformin),340231,ASK1,348254,YHB1; YHB
chr11:355187,DHH1_LSM3(Metformin),353786;355096;357004;358366,DCW1;DDR48;GRE3;MMO1;PCS60;PHD1;PRI2;RGT1;RIM8;YFL002W-A;YGR161W-B,352832;352980;355180;356064,ATP19;ATP3;RPB11;RPL37A; RPL35A;TPI1
chr11:360267,DHH1_LSM3(Metformin),360267;362247;367086,HSP30;PLB3;RRG1;SPG1;VPS24,362163;364620,COX13;NFU1; NUB1
chr11:463846,ERG11_PIS1(Metformin),463846,PRY2,462463,ZRT1
chr12:37884,ERG11_HYR1(5-FC),26922;36311;46414;48833;52687;56781,AFT1;ARE2;CCC2;COT1;ENB1;FET3;FET5;FTH1;PDR12;THR1;VPS13;YHR219W;YLL056C;YML037C,24735;25742;26922;32580;35196;43295,ATP5; OSCP;COR1; QCR1;GPP1; RHR2;HTS1;PET9; AAC2;PRP43
chr12:570923,HNM1_TPO2(Fluconazole),568917;570032;570786;572946;574950;575257;575473;576167;582503;583133;586321;587581,ACB1;AIM44;BRN1;BUD4;BUD6;BUD8;BUD9;CCR4;CDC5;CDS1;CTR9;CWC2;DSE1;EGT2;EPL1;ERP6;ERT1;FCP1;IRC4;KAP104;KCC4;LRG1;MCK1;MCM6;MCM7;MET18;MRS6;NST1;NUP133;NUP192;PRS5;PRY3;RIB2;RLF2;RRP6;RVB1;SCS2;SIN3;SKG3;SNF5;SPA2;STU2;SWD2;SWI6;TIF34;TIF6;TOF2;TYW1;YCK2;YDL071C;YGR054W;YLL032C;YLR225C;YPR158C-D;YPT31,568225;569918;569926;570032;570630;570792;570843;570923;572030;574586;576037,AAT2; ASP5;ACO2;ADE12;ADE13;ADH1; ADC1;ADH3;ARG1;ARO4;ATP1;ATP15;ATP17;ATP18;ATP19;ATP2;ATP20;ATP3;ATP5; OSCP;ATP7;BAT1;CCS1; LYS7;CDC12;CDC19; PYK1;CIT1;CLU1; TIF31;COR1; QCR1;COX13;COX2; OXI1;COX4;COX5A;COX6;COX8;CPA2;CTP1;CYT1; CTC1;DNM1;DYS1;ERG1;ERG10;ERG13; HMGS;FAA1;FRD1;FUM1;GOR1;GPM1; GPM;GPP1; RHR2;GPP2; HOR2;HBN1;HIS4;HIS5;HOM2;HXK2;HXT3;KGD1; OGD1;KGD2;LEU2;LSC1;LSC2;LYS12;LYS2;LYS20;LYS4; LYS3;MAE1;MCR1;MDH1;MEF1;MET17;MIC10;MIC19;MIC60;MTD1;NDE1; NDH1;OAC1;OPI3; PEM2;OYE2;PAN1;PDC1;PET10;PET9; AAC2;PGK1;PHB1; PHB;PHO88; SND3;PNC1;POR1;PRX1;PUP2; DOA5;PUT2;QCR2;QCR7;RIP1;RPL7A;RPL7B;RPS2;RSM19;RTN1;SCP160; HX;SDH1; SDHA;SDH3; CYB3;SHM1; SHMT1;SHM2; SHMT2;SOD1;SOD2;TAL1;TIM11; ATP21;TRP5;VMA1;YER156C;YHB1; YHB;YLR257W;YME1;YMR226C; YM9959.08C;YPR010C-A;ZWF1; MET19
chr12:82740,ERV25_RBD2(5-FC),82946,NPT1,84341,HTS1
chr12:837460,TPO1_MID2(Metformin),833760;835059;835110;835800;837118;837460;837919;839722;840287;840577;841354;841667;842368;842770,ABP1;ADD37;BNA5;CMC4;CRN1;CTF3;DAL1;DER1;ENB1;FET5;GAS5;GLO4;GRH1;GVP36;HIS6;ICT1;IDI1;INO1;KRE5;LAT1;LOA1;LUG1;MPD1;NUS1;PCL9;PMI40;PMT1;PMT3;PRO3;QRI7;RET2;RPS25B;RSA1;RTN1;RTS3;SEC18;SEC27;SIL1;SLY1;SRY1;SSF2;SWA2;SYN8;TAL1;THI21;TOS3;TPO4;URA1;YDR034C-D;YEL023C;YGL081W;YHK8;YIL089W;YIL100C-A;YIL108W;YOL057W,829993;832184,ADE17
chr13:248552,MID2_TPO4(noDrug),234266;234329;234542;234851;236156;237965;238380;241597;242460;242871;243473;244141;245459;245572;247590;248645;249155;250460;253667,AMN1;APA1;ATM1;CFD1;CLD1;ERG28;FKH2;GLR1;GYP6;HEM4;HTD2;IML3;MEP3;MIG2;MRH1;MRM1;MRPL39;MUP1;NSG1;PMA1;PMP2;PSP2;RAD28;RAD33;RIB7;SOD1;SPT5;TDA6;TRM9;YGR126W;YIH1;YKR070W;YML037C;YML119W;YNL190W,244183,ARG1
chr13:261178,MID2_TPO4(noDrug),257100;259069;259259;259663;260462;260580;262071,ADH6;AHP1;ANB1;AST1;AXL1;BNA6;DAL5;DPL1;EFM6;ERG6;FCY21;FIG4;GIS4;GLO1;GPP2;GPX2;GTO1;HSP31;HXT2;ITR2;IZH3;KTR7;MOG1;NRE1;OYE3;PDE1;PDR12;PHM8;PHO13;PLB3;PSG1;RMA1;SAY1;SFK1;STP3;SYG1;TPH3;TRR1;UBA4;UGA4;VCX1;YAL037W;YAP1;YDR222W;YEH2;YHL026C;YIL047C-A;YLH47;YLR326W;YML002W;YML131W;YRO2,258020;262788,GLO1;PYC1; PYV
chr13:268402,MID2_TPO4(noDrug),271498;272762;273179;273468;277529;279667;281820;281871;282022;282738;286577;287411;289929;290088;291580;292852;295950;297132;299524;301985,AAD3;ADI1;ARG82;ARO80;ASK1;ATF2;ATG22;AUR1;CAC2;CIR2;DCG1;DUR3;ERG4;FMP52;GSH1;HMS1;HST2;IMD3;IRC25;ISC1;LEM3;LIP5;MIX17;MLF3;MMT1;NPY1;RBD2;RHO5;ROG3;SUL1;TAF4;TAH11;THI22;TMA22;TPO3;TSA1;URA3;YFR034W-A;YKL107W;YML003W;YPR117W,268600,HOM3
chr13:278674,MID2_TPO4(Fluconazole),271498;272762;273179;273468;277529;279667;281820;281871;282022;282738;286577;287411;289929;290088;291580;292852;295950;297132;299524;301985,AAD3;ADI1;ARG82;ARO80;ASK1;ATF2;ATG22;AUR1;CAC2;CIR2;DCG1;DUR3;ERG4;FMP52;GSH1;HMS1;HST2;IMD3;IRC25;ISC1;LEM3;LIP5;MIX17;MLF3;MMT1;NPY1;PLB2;RBD2;RHO5;ROG3;SUL1;TAF4;TAH11;THI22;TMA22;TPO3;TSA1;URA3;YFR034W-A;YKL107W;YML003W;YMR007W;YPR117W,268600,HOM3
chr13:459157,ERG11_MID2(Metformin);RET2_EMP47(Metformin),426996;429941;430167;432625;436342;436343;436396;436456;437323;438030;438265;439839;439978;439990;440197;448688;450562;451494;458388;462521;463819;466416;469663;474399;477739;481481,AGE1;AHK1;AIM45;AKR2;ATG39;ATP10;ATP25;ATP3;BDF1;CCM1;CIN1;CMR2;COA2;COX5A;CRP1;CWH41;DNM1;FTR1;GAA1;HAP3;HMI1;HRP1;ILV2;JID1;KGD2;KTR6;LIP2;LSO1;MAM33;MCM4;MEF2;MNT2;MRPL24;MSK1;MUB1;NAM2;NRD1;NUP49;PAC10;PIL1;QDR2;RAD54;RFC1;RIM2;RIM4;RIP1;SCT1;SDH3;SDH4;SEG1;TAF1;ULS1;YAL037W;YCK2;YDR476C;YER138C;YER160C;YGK3;YGR027W-A;YHR033W;YHR210C;YIL080W;YKL031W;YKU80;YML020W;YMR119W-A;YOR283W,475855,PGM2
chr13:463519,HNM1_MID2(Metformin);TPO1_MID2(Metformin);TPO1_TCB2(5-FC),426996;429941;430167;432625;436342;436343;436396;436456;437323;438030;438265;439839;439978;439990;440197;448688;450562;451494;458388;462521;463819;466416;469663;474399;477739;481481,AGE1;AHK1;AIM45;AKR2;ATG39;ATP10;ATP25;ATP3;BDF1;CCM1;CIN1;CMR2;COA2;COX5A;CRP1;CWH41;DNM1;FTR1;GAA1;HAP3;HMI1;HRP1;ILV2;JID1;KGD2;KTR6;LIP2;LSO1;MAM33;MEF2;MNT2;MRPL24;MSK1;MUB1;NAM2;NRD1;NUP49;PIL1;QDR2;RAD54;RFC1;RIM2;RIM4;RIP1;SCT1;SDH3;SDH4;SEG1;TAF1;ULS1;YAL037W;YCK2;YDR476C;YER138C;YER160C;YGK3;YGR027W-A;YHR033W;YHR210C;YIL080W;YKL031W;YKU80;YML020W;YMR119W-A;YOR283W,475855,PGM2
chr13:489572,ERG11_ORM2(5-FC);ERG11_ORM2(Metformin);ERG11_ORM2(Trifluoperazine);ERG11_ORM2(noDrug);ERG11_PIS1(Metformin);ERG11_TPO4(Metformin),429941;430167;432625;436342;436343;436396;438265;439978;440197;451494;458388;462521;463819;469663;474399;477739;481481,AGE1;AHK1;AKR2;ATG39;ATP10;ATP3;BDF1;CCM1;CIN1;COX5A;CWH41;DNM1;GAA1;HFD1;HMI1;HRP1;ILV2;JID1;KGD2;KTR6;LIP2;LSO1;MEF2;MRPL24;MSK1;MUB1;NAM2;NRD1;NUP49;QDR2;RAD54;RFC1;RIM4;RIP1;SCT1;SEG1;TAF1;ULS1;YCK2;YER138C;YER160C;YHR033W;YHR210C;YKL031W;YKU80;YMR119W-A,,
chr13:491360,ERG11_ORM2(5-FC),492459;493334;494957;496111;496310;496955;497568,BIR1;CTA1;DSS1;EUC1;GLG2;LEU1;LEU5;NDI1;RPB2;SAT4;TIM44;WHI3;YMR114C,,
chr13:495175,ERG11_ORM2(Metformin),492459;493334;494957;496111;496310;496955;497568,BIR1;CTA1;DSS1;EUC1;FOL3;GLG2;LEU1;LEU5;MED11;NDI1;RPB2;SAT4;TIM44;WHI3;YMR114C,499228;500365;500701,APT1;GLT1;IDH2;MET10;RPS7B;SER2;SHB17
chr13:500062,ERG11_ORM2(Trifluoperazine);ERG11_TPO4(Metformin),492459;493334;494957;496111;496310;496955;497568,BIR1;CTA1;DSS1;EUC1;GLG2;LEU1;LEU5;NDI1;RPB2;SAT4;TIM44;WHI3;YMR114C,499228;500365;500701;502913,APT1;ATP2;CYT1; CTC1;GLT1;IDH2;MET10;RPS7B;SER2;SHB17
chr13:500701,SRO9_GIS2(Metformin),492459;493334;494957;496111;496310;496955;497568;500701,BIR1;CTA1;DSS1;EUC1;GLG2;LEU1;LEU5;NDI1;RPB2;SAT4;SPC24;TIM44;WHI3;YMR114C,499228;500365;500701;502913,APT1;ATP2;CYT1; CTC1;GLT1;IDH2;MET10;RPS7B;SER2;SHB17
chr13:501075,ERG11_PIS1(Metformin);SRO9_SGN1(Metformin),492459;493334;494957;496111;496310;496955;497568;500701,BIR1;CTA1;DSS1;EUC1;GLG2;LEU1;LEU5;NDI1;RPB2;SAT4;SPC24;TIM44;WHI3;YMR114C,499228;500365;500701;502913,APT1;ATP2;CYT1; CTC1;GLT1;IDH2;MET10;RPS7B;SER2;SHB17
chr13:503363,MID2_WSC2(5-FC);MID2_WSC2(Fluconazole);MID2_WSC2(Metformin);MID2_WSC2(Trifluoperazine),492459;493334;494957;496111;496310;496955;497568;500701,BIR1;CTA1;DSS1;EUC1;GLG2;LEU1;LEU5;NDI1;RPB2;SAT4;SPC24;TIM44;WHI3;YMR114C,499228;500365;500701;502913,APT1;ATP2;CYT1; CTC1;GLT1;IDH2;MET10;RPS7B;SER2;SHB17
chr13:505070,ERG11_ORM2(5-FC);ERG11_ORM2(Metformin);ERG11_ORM2(Trifluoperazine);MID2_WSC2(Fluconazole),504775;504829;508918;510091;510966;512104;524221;531104,ADE17;AGC1;ASC1;CBK1;FMP25;GAT2;LDO45;MGR3;MPC3;SHH3;SOG2;YAP6,503653;506197;509480;509524;510249;510643;510968,"ADE1;ADE16;ADE17;ADE2;ADE4;ADE5,7;ADE8;APA1; DTP;ASN1;ATP1;ATP15;ATP17;ATP18;ATP19;ATP2;ATP3;ATP4;CIT1;COR1; QCR1;COX12;COX13;COX5A;COX6;COX9;CYT1; CTC1;DPH5;ETR1;FUM1;GLY1;HOM6;LYS20;MDH1;MTD1;NDE1; NDH1;NDI1;PHB1; PHB;QCR2;QCR7;SDH1; SDHA;SDH2;SER3;TAL1;TIM11; ATP21;TKL2;TUF1; TUFM;VMA1;VMA4; VAT5;YHB1; YHB;YIR035C;YNK1;YPR010C-A"
chr13:509480,ERG11_TPO4(Metformin),504775;508918;509480;510091;510966;512104;524221;531104,ADE17;AGC1;ASC1;CBK1;FMP25;GAT2;LDO45;MPC3;NCW1;SOG2;YAP6,506197;509480;509524;510249;510643;510968;511585;511660;513217,"ADE1;ADE16;ADE17;ADE2;ADE3;ADE4;ADE5,7;ADE6;ADE8;APA1; DTP;ASN1;ATP1;ATP15;ATP17;ATP18;ATP19;ATP2;ATP20;ATP3;ATP4;BDH1; BDH;CIT1;COR1; QCR1;COX12;COX13;COX5A;COX6;COX9;CYT1; CTC1;DPH5;ETR1;FUM1;GLY1;HOM6;IMD3;LYS20;MDH1;MTD1;NDI1;QCR2;QCR7;SDH1; SDHA;SDH2;SER3;SHM2; SHMT2;TAL1;TIM11; ATP21;TKL2;TUF1; TUFM;UTH1;VMA1;VMA4; VAT5;YHB1; YHB;YIR035C;YMR31;YNK1;YPR010C-A"
chr13:509524,ERG11_PIS1(Metformin);HNM1_TPO4(Metformin);SRO9_SGN1(Metformin),504775;508918;509480;510091;510966;512104;524221;531104,ADE17;AGC1;ASC1;CBK1;FMP25;GAT2;LDO45;MPC3;NCW1;SOG2;YAP6,506197;509480;509524;510249;510643;510968;511585;511660;513217,"ADE1;ADE16;ADE17;ADE2;ADE3;ADE4;ADE5,7;ADE6;ADE8;APA1; DTP;ASN1;ATP1;ATP15;ATP17;ATP18;ATP19;ATP2;ATP20;ATP3;ATP4;BDH1; BDH;CIT1;COR1; QCR1;COX12;COX13;COX5A;COX6;COX9;CYT1; CTC1;DPH5;ETR1;FUM1;GLY1;HOM6;IMD3;LYS20;MDH1;MTD1;NDI1;QCR2;QCR7;SDH1; SDHA;SDH2;SER3;SHM2; SHMT2;TAL1;TIM11; ATP21;TKL2;TUF1; TUFM;UTH1;VMA1;VMA4; VAT5;YHB1; YHB;YIR035C;YMR31;YNK1;YPR010C-A"
chr13:573670,ERV25_EMP47(Fluconazole);SSH1_ERG11(Fluconazole);SSH1_ORM2(Fluconazole),560337;562620;568577;570462;572995;573842;574719;578615,DFG5;FPY1;HLJ1;NUP53;SCW11;TPP1;YGL114W;YMR155W,577143;582883,RNR4; CRT3;YPK1; SLI2
chr13:577143,ALO1_HYR1(Fluconazole),560337;568577;572995;573842;574719;578615,DFG5;FPY1;HLJ1;SCW11;TPP1;YGL114W,577143;582883,RNR4; CRT3;YPK1; SLI2
chr13:69500,ERG11_ERG5(noDrug),69109;70292;70356;71867;73368;73993;74346;74632;75046;75781;77019;77482;77979;78103;78125;78538;79575;80821;81991;82027;83860;84233;84896;86212;87110;91485;93860;93961;95343;96019;96883;97415,"ADE5,7;AIM45;ARC18;ARG81;ATP20;BAP2;CIP1;COM2;COX6;CPA2;CUE4;DIC1;DSE2;EEB1;EFM6;FCY2;FRK1;FYV7;GGC1;HOM6;HSP150;HTA1;IBA57;LAP3;MDH1;MEF2;MEP2;MEP3;MPC2;MRP1;NFS1;NHP6A;OXA1;OYE2;PDE1;PDR1;PEX19;PLP2;PST1;QCR2;RIB2;RIB3;RIM8;SPI1;SPS4;SRY1;SUN4;TAH18;TAT1;TOM20;TOS1;TPH3;TRP4;VMA1;VMA16;VMA3;VTC5;YCL048W-A;YDR222W;YER076C;YHI9;YLR152C;YLR294C;YLR297W;YMC1;YMR304C-A;YOR248W;YPL245W;YPQ2",66821;67103;68113;69500;70356;70380;71887;72027;73225;73814;74713;76087;76765;77330,"AAT2; ASP5;ACC1;ACH1;ADE3;ADE5,7;ADH3;APA1; DTP;ARG1;ARG5,6;ASN2;ASP1;ATP2;BDH1; BDH;BMH1;COX4;CPA2;CPS1; CPS;CYS4; STR4;DED1; SPP81;DLD3;FUN12;GPD2; GPD3;GPM1; GPM;GUT2;HIS4;HSP26;HTS1;IDP1;KGD1; OGD1;LIA1; MMD1;LYS20;MBF1; SUF13;MET10;MET13;MET14;MET3;MIC60;MRX4;PIL1;PNC1;PRY1;RNR1;RPC40; RPC5;RPS7A; RPS30;SDH5; EMI5;SDH8; FMP21;SSA1;TDH1;TEF4; EFC1;TSL1;VAS1;VPS74;YPR127W"
chr13:738123,MID2_TPO4(Fluconazole),723720;735637;743500;743797;747051;748562,BUD13;ESC1;FMP41;FMP42;HOS2;NIT1;PIP2;RNH1;TES1;TRI1;YGR035C,739183;740880,CBC2;YHM2
chr13:92384,ERV25_ORM2(Trifluoperazine),69109;70292;70356;71867;73368;73993;74346;74632;75046;75781;77019;77482;77979;78103;78125;78538;79575;80821;81991;82027;83860;84233;84896;85889;86212;86794;87110;88542;91485;92384;93860;93961;95343;96019;96883;97415,"ADE5,7;AIM33;AIM45;ALD4;ALD6;ALO1;ARC18;ATP14;ATP15;ATP16;ATP17;ATP18;ATP19;ATP20;ATP3;ATP4;ATP5;ATP7;BAP2;CIP1;COM2;COX12;COX13;COX5A;COX6;COX9;CPA2;CPS1;CUR1;DIC1;EEB1;EFM6;ESS1;FCY2;FRK1;FYV7;GIM5;GIS3;GIS4;HOM6;HSP150;HTA1;IBA57;INH1;IZH3;LAP3;MDH1;MEF2;MEP2;MEP3;MFT1;MIN8;MNN11;MPC2;MRP1;NFS1;NHP6A;NRE1;OXA1;OYE2;PDE1;PDR1;PEX19;PLP2;PRE8;PST1;QCR10;QCR2;QCR7;RIB2;RIM8;RPM2;SOL3;SPI1;SPS4;SRY1;STP3;STP4;SUN4;TAH18;TAT1;TIM11;TOM20;TOM71;TOS1;TPH3;TPN1;TPO3;VBA4;VMA1;VMA16;VMA3;VTC5;YDR222W;YER076C;YGR035C;YLR152C;YLR294C;YLR297W;YLR326W;YMC1;YML096W;YMR304C-A;YNK1;YOR248W;YPL245W;YPQ2;YRO2",81047;81072;81354;82403;87424;88311;89247;91960,ALD6; ALDH1;ALT1;APE3;COX9;ERV14;EUG1;GIM5; PFD5;RIB4;RPL24A;SBH2; SEB2;SRO9;URA6; SOC8;ZWF1; MET19
chr13:97628,MID2_PIN2(Trifluoperazine),98310,UPS2,,
chr13:99275,ALO1_UIP4(Metformin);ERG11_PIS1(5-FC);ERG11_PIS1(Metformin);ERG11_PIS1(Trifluoperazine);ERV25_EMP47(Metformin);MID2_TPO2(Metformin);SNA4_GTR2(Trifluoperazine),99275,RCF2,99275,RPS7B
chr14:220803,HNM1_MID2(Fluconazole);PMC1_GTR2(Fluconazole),199403;201973;202394;204167;205138;209155;209482;209853;213146;213856;214714;215462;218946;220510;225776;226779;229890;231426;232508;232914;233507;234545;234990;235423;236810;237780;238429;241114;242111;243194;243530;247567;249918,APA1;APT2;ARL3;BER1;BNA5;BRR1;CFT1;CIS3;CLN3;CNB1;DAL5;DAL7;DAL80;DBF2;DIF1;ECM2;FOB1;GCR2;GDI1;HAP3;IES4;ILT1;IMD4;JJJ1;LAP3;LEO1;LEU4;LOA1;LYS20;MCM16;MDE1;MMO1;NPT1;NTC20;NUP53;OPT2;PAL1;PAP2;PDR5;PUT1;QNS1;RAD23;RHO3;RIM8;RIM9;RPL14B;RPL6A;RPS14B;SCS3;SEC13;SEN54;SGS1;SHE2;SLD7;SML1;SPN1;SSA4;STT4;SUI3;SWC5;SWM1;THI4;TOS3;UBC6;WWM1;YAR1;YBR190W;YBT1;YDR098C-B;YDR248C;YGL159W;YGL176C;YOL013W-A;YOR283W,205279;206830;210226;211354;214248;233872,ADE13;FRD1;LSC1;MLC1;SSA1;TRX2; TRX1
chr14:228904,DHH1_LSM3(Fluconazole);ERG11_MID2(Fluconazole);ERV25_UIP4(Fluconazole);FMP45_HNM1(Fluconazole);FMP45_MEP1(Fluconazole);SRO9_SGN1(Fluconazole),199403;201973;202394;204167;205138;209155;209482;209853;213146;213856;214714;215462;218946;220510;225776;226779;229890;231426;232508;232914;233507;234545;234990;235423;236810;237780;238429;241114;242111;243194;243530;247567;249918,APA1;APT2;ARL3;BER1;BNA5;BRR1;CFT1;CIS3;CLN3;CNB1;CPR7;DAL5;DAL7;DAL80;DBF2;DIF1;ECM2;FOB1;GCR2;GDI1;HAP3;HCH1;IES4;ILT1;IMD2;IMD3;IMD4;JJJ1;LAP3;LEO1;LEU4;LOA1;LYS20;MCM16;MDE1;MMO1;NPT1;NTC20;NUP53;OPT2;PAL1;PAP2;PDR5;PUT1;QNS1;RAD23;RHO3;RIM8;RPL14B;SCS3;SEC13;SEN54;SGS1;SHE2;SLD7;SML1;SPN1;SSA4;SSU72;STT4;SUI3;SWC5;SWM1;THI4;TOS3;TSR4;UBC6;WWM1;YAR1;YBR190W;YBT1;YDR098C-B;YDR248C;YGL159W;YGL176C;YOL013W-A;YOR283W,233872;237449,CCT5; TCP5;LSC1
chr14:233872,ERV25_PIS1(Fluconazole);PLM2_SNA3(5-FC),199403;201973;202394;204167;205138;209155;209482;209853;213146;213856;214714;215462;218946;220510;225776;226779;229890;231426;232508;232914;233507;234545;234990;235423;236810;237780;238429;241114;242111;243194;243530;247567;249918,ADE12;ALG9;APA1;APT2;ARL3;BER1;BNA5;BRR1;CFT1;CIS3;CLN3;CNB1;CPR7;DAL5;DAL7;DAL80;DBF2;DIF1;DMA2;ECM2;FOB1;FRT1;GCR2;GDI1;HAP3;HCH1;IES4;ILT1;IMD2;IMD3;IMD4;KSP1;LAP3;LEO1;LEU4;LOA1;LYS20;MCM16;MDE1;MMO1;NPT1;NTC20;NUP53;OPT2;PAL1;PAP2;PDR5;PUT1;QNS1;RAD23;RHO3;RIM8;RPL14B;SCS3;SEC13;SEN54;SGS1;SHE2;SLD7;SML1;SSA4;SSD1;SSU72;STT4;SUI3;SWC5;SWM1;THI4;TOS3;TSR4;UBC6;WWM1;YAR1;YBR190W;YBT1;YDR098C-B;YDR248C;YGL159W;YGL176C;YOL013W-A;YOR283W,233872;237449;241114,CCT5; TCP5;LSC1;YHR112C
chr14:237449,MID2_TPO4(5-FC),199403;201973;202394;204167;205138;209155;209482;209853;213146;213856;214714;215462;218946;220510;225776;229890;231426;232508;232914;233507;234545;234990;235423;236810;237780;238429;241114;242111;243194;243530;246138;247567;249918,ADE12;ALG9;APA1;APT2;ARL3;BER1;BNA5;BRR1;CFT1;CIS3;CLN3;CNB1;CPR7;DAL5;DAL7;DAL80;DBF2;DIF1;DMA2;ECM2;FOB1;FRT1;GCR2;GDI1;HAP3;HCH1;IES4;ILT1;IMD3;IMD4;KSP1;LAP3;LEO1;LEU4;LOA1;LYS1;LYS20;MCM16;MDE1;MHP1;MMO1;NPT1;NTC20;NUP53;OPT2;PAL1;PAP2;PDR5;PUT1;QNS1;RAD23;RHO3;RIM8;RPL14B;SCS3;SEC13;SEN54;SGS1;SHE2;SLD7;SML1;SSA4;SSD1;SSU72;STT4;SUI3;SWC5;SWM1;THI4;TOS3;TSR4;UBC6;WWM1;YAR1;YBR190W;YBT1;YDR098C-B;YDR248C;YGL159W;YGL176C;YOL013W-A;YOR283W,233872;237449;241114,CCT5; TCP5;LSC1;YHR112C
chr14:241965,ERV25_ERG5(Fluconazole),199403;201973;202394;204167;205138;209155;209482;209853;213146;213856;215462;218946;220510;225776;229890;231426;232508;232914;233507;234545;234990;235423;236810;237780;238429;241114;242111;243194;243530;246138;247567;249918,ALG9;APA1;APT2;ARL3;BER1;BRR1;CFT1;CIS3;CLN3;CNB1;CPR7;DAL5;DAL7;DBF2;DIF1;DMA2;ECM2;FOB1;FRT1;GCR2;GDI1;HAP3;HCH1;IES4;ILT1;KSP1;LAP3;LEO1;LEU4;LOA1;LYS1;LYS20;MCM16;MDE1;MET13;MHP1;MMO1;NPT1;NTC20;NUP53;PAL1;PAP2;PDR5;PUT1;QNS1;RAD23;RHO3;RIM8;RPL14B;SCS3;SEC13;SEN54;SGS1;SHE2;SLD7;SML1;SSA4;SSD1;STT4;SUI3;SWC5;SWM1;THI4;TOS3;TSR4;UBC6;WWM1;YAR1;YBR190W;YBT1;YDR098C-B;YDR248C;YGL159W;YGL176C;YOL013W-A;YOR283W,237449;241114;250138;250455;250690,CCT5; TCP5;PGK1;RAD23;RPT5; YTA1;SML1;YHR112C
chr14:250138,HNM1_RBD2(5-FC),199403;201973;202394;204167;205138;209155;209482;209853;213146;213856;215462;218946;220510;225776;229890;231426;232508;232914;233507;234545;234990;235423;236810;237780;238429;241114;242111;243194;243530;246138;247567;249918,ALG9;APA1;APT2;ARL3;BER1;BRR1;CFT1;CIS3;CLN3;CNB1;CPR7;DAL5;DAL7;DBF2;DIF1;DMA2;ECM2;FOB1;FRT1;GCR2;GDI1;HAP3;HCH1;IES2;IES4;ILT1;KSP1;LAP3;LEO1;LEU4;LOA1;LYS1;LYS20;MCM16;MDE1;MET13;MHP1;MMO1;NPT1;NTC20;NUP53;PAL1;PAP2;PDR5;PUT1;QNS1;RAD23;RHO3;RIM8;RPL14B;SCS3;SEC13;SEN54;SGS1;SHE2;SLD7;SML1;SSA4;SSD1;STT4;SUI3;SWC5;SWM1;THI4;TOS3;TSR4;UBC6;WWM1;YAR1;YBR190W;YBT1;YDR098C-B;YDR248C;YGL159W;YGL176C;YOL013W-A;YOR283W,241114;250138;250455;250690,PGK1;RAD23;RPT5; YTA1;SML1;YHR112C
chr14:303906,ERV25_ORM2(Metformin),301290;303958;304122;306250;307339;308851;309784;310181;312060;312454;314885;318991;319557;322462;323367;324447;327569;329474;331884;332417,AGC1;AIM11;AIM24;APL5;ARG7;ATE1;ATG40;ATP10;ATP25;ATP5;AVO1;AVT5;BIR1;CBP6;CMI8;COI1;COQ2;COX26;CTA1;CYT2;DDL1;DSE1;DUN1;EAF3;ECM19;EFM5;FIG2;FIS1;FMP48;FMT1;GIR2;GSY2;GUF1;HEL1;HFD1;HMI1;HST1;HST4;HXT7;ISR1;KGD2;KIN82;MCR1;MET17;MIC27;MNC1;MNN5;MOB2;MPS3;MRP20;MRP7;MRPL10;MRPL32;MRPL35;MRPS18;MRPS35;MTC6;NOP13;NPA3;PAU5;PCL8;PDR15;PET100;PET309;PGA3;POP2;PPA2;PRP18;RCI37;RCN1;RER2;RGC1;RGR1;RME1;RML2;RPB10;RPP1;RSM7;SAF1;SAH1;SAM3;SAM4;SDH6;SDP1;SFT2;SGA1;SLX5;SLX8;TAM41;TGL5;TRE1;TUF1;TVP15;UIP3;UIP4;WSC4;YCL012C;YCR006C;YCT1;YDL109C;YDR445C;YEN1;YER039C-A;YFR006W;YGL036W;YIR016W;YKR012C;YLR030W;YLR031W;YLR252W;YNL058C;YPR172W;ZRT1,,
chr14:37934,ERG11_MID2(Metformin);SSH1_ORM2(Trifluoperazine),35550;36225;36441;39235;42770;44718;46179;47714;48880,AIR2;ATP11;CBP1;DAL2;DAL82;ECM19;HMS2;IRC21;PUS9;SMX3;VNX1;YLR146W-A;YNL320W,,
chr14:394591,ERV25_UIP4(Metformin),395338;395542;396544;396730;397661;398341;398505;399956;400049;400976;401891;403835;404051;404479;405756;405802;406068;406274;407338;408355;408377;408786;408945;409114,ACM1;ADE13;ADE3;ADI1;ARL1;ARP1;ATR2;ATX2;CDC43;CHO2;CLA4;COQ21;COX12;COX6;CRP1;CSE4;CSM3;CSN9;CYC1;CYT1;DAD3;DFR1;DUT1;EMA35;ERP1;GCG1;GNA1;HEM1;HEM13;HHF2;HMF1;HST2;HTA1;IES5;IRC24;KIN2;KIN4;LDB18;LIP5;LSM7;MET16;MET30;MET6;MOT2;MOT3;MPS2;NFU1;NHP6A;NIT2;NSP1;NVJ3;OGG1;PLP1;POL30;POP6;PSF1;QCR10;QCR2;QCR9;RAD27;RGT2;RNH201;RNH202;RPL15B;SAC1;SDH2;SHE2;SNC2;SPC24;SUT1;TAF3;TEN1;UBC12;UBC13;WSC3;YAF9;YBL083C;YDR341C;YGR266W;YGR269W;YHL026C;YKL202W;YNR066C;YPR202W;YPS6;ZRT2,,
chr14:408355,ERG11_HYR1(noDrug),395338;395542;396730;397661;398341;398505;399956;400049;400976;401891;403835;404051;404479;405756;405802;406068;406274;407338;408355;408377;408786;408945;409114,ADE13;ADE3;ADI1;ARP1;ATR2;CDC43;CHO2;CLA4;COQ21;COX12;COX6;CRP1;CYT1;DFR1;DUT1;EMA35;GCG1;GNA1;HEM1;HEM13;HHF1;HHF2;HHT1;HMF1;HST2;HTA1;IES5;IRC24;KAP122;KIN2;KIN4;LDB18;LIP5;LSM7;MET16;MET30;MET6;MOT2;MOT3;MPS2;NFU1;NHP6A;NIT2;NSP1;OGG1;PLP1;POL30;POP6;PRP11;QCR10;QCR2;QCR9;RAD27;RGT2;RNH201;RPL15B;SAC1;SDH2;SHE2;SIZ1;SPC24;SST2;SUT1;TAF3;TEN1;TRX1;TUM1;WSC3;YAF9;YBL083C;YDR341C;YGR266W;YGR269W;YHL026C;YKL202W;YNR066C;YPR202W;YPS6,,
chr14:409447,ERV25_ERG5(Fluconazole),395338;395542;396730;397661;398341;398505;399956;400049;400976;401891;403835;404051;404479;405756;405802;406068;406274;407338;408355;408377;408786;408945;409114,ADE13;ADE3;ADI1;ARP1;ATR2;CDC43;CHO2;CLA4;COQ21;COX12;COX6;CRP1;CYT1;DFR1;DUT1;EMA35;GNA1;HEM1;HEM13;HHF1;HHF2;HHT1;HMF1;HST2;HTA1;IES5;IRC24;KAP122;KIN2;KIN4;LDB18;LIP5;LSM7;MET16;MET30;MET6;MOT2;MOT3;MPS2;NFU1;NHP6A;NIT2;NSP1;OGG1;PLP1;POL30;POP6;PRP11;QCR10;QCR2;QCR9;RAD27;RGT2;RPL15B;SAC1;SDH2;SHE2;SIZ1;SPC24;SST2;SUT1;TAF3;TEN1;TRX1;WSC3;YBL083C;YDR341C;YGR266W;YGR269W;YHL026C;YKL202W;YNR066C;YPR202W;YPS6,,
chr14:441268,ERG11_HYR1(Fluconazole);HNM1_MID2(Fluconazole);PLM2_SNA3(Fluconazole),441268,AFT2;ALG7;ATS1;BEM4;BIT61;CKB2;DGA1;FMP52;FUS2;GYP8;HPT1;KSS1;MNT3;NOP53;OPT2;PBP4;PFK27;PHD1;PIS1;PMA1;POC4;RPE1;SHG1;SIW14;SRN2;TUB2;YOR366W;YPR063C,441268,GLO2;MET17
chr14:642445,ERG11_MID2(Fluconazole),636754;637729;639287;644949;646585;646869;648789;649810,APE1;ATM1;CAR2;COS9;DOM34;ERG24;FCP1;GUD1;HEF3;HSC82;MET8;MEU1;NOP4;PRP2;SOK2;TIM54;TRM8;YNL043C;YOR309C;YOR342C;YPR063C,635910;636754;640932;641214;642445;642447;643876;644949;645369;646585;647843;648789,ACT1;ARO4;CDC3;COX9;CYS3;ENO2; ENOB;ERG4;ERG6;ERV14;ESS1;EXG1;FRS1;GPM1; GPM;GTT1;HSP60; MIF4;KRE2; MNT1;LSM6;LSP1;MBF1; SUF13;MDH3;MEX67;NPT1;PET9; AAC2;PNC1;PTC2;RNR2; CRT6;RPF2;RPL10;RPL14B;RPL16A;RPL22A;RPL30; RPL32;RPL32;RPL33A; RPL37A;RPS13; RPS13C;RPS15; RPS21;RPS7A; RPS30;SBA1;SGT2;SUI3; TIF212;TCP1; CCT1;UBA1;VMA2; VAT2;VMA5;YDJ1; MAS5;YOR133W; YDR385W;YPR080W; YBR118W;YPT7; VAM4
chr14:752737,HUG1_ALO1(5-FC);HUG1_ALO1(noDrug);HUG1_PGM2(5-FC);HUG1_PGM2(noDrug),752737,IES6,,
chr15:168558,SRO9_GIS2(Metformin),165998;167627;167650;167656;167794;168294;168708;169333;169704;170921;171150;171511;171745;172468;172956;173814;174019;174465;175142;180534;181433;183788,AAT2;ABF1;ACC1;ACE2;ACO1;ACO2;ACP1;ADE1;ADH4;ADP1;ADR1;AFG3;AFI1;AGC1;AIM34;AIM44;AIM45;AKR2;ALD3;ALD4;ALO1;ALY2;AMD1;AQY1;ARB1;ARC15;ARC18;ARC19;ARC35;ARG8;ARI1;ARK1;ARP2;ASG1;ASH1;ATG19;ATG33;ATG34;ATP1;ATP19;ATP2;ATR2;AVT3;AZF1;BAT2;BCK1;BEM3;BET4;BIR1;BLM10;BNA3;BNI1;BNI4;BOI2;BPH1;BRE4;BRR2;BSP1;BUD3;BUD8;BYE1;BZZ1;CAF120;CAF16;CAM1;CAT8;CBR1;CCC1;CCH1;CCP1;CCS1;CCW12;CCW14;CCW22;CDC1;CDC19;CDC21;CDC24;CDC25;CDC33;CDC37;CDC39;CHC1;CHD1;CHS1;CHS2;CIN1;CIR2;CIS3;CLF1;CLN1;CLU1;CMD1;CMR2;CNA1;COA2;COF1;COM2;COX15;COX20;COX26;COX5A;COX5B;CRC1;CRF1;CRP1;CSF1;CST9;CTF4;CTS1;CUE1;CWP1;CYB2;CYC7;CYM1;CYR1;CYT1;DAL81;DCD1;DCK1;DCP2;DCS2;DER1;DIE2;DML1;DNF1;DNF3;DOC1;DOT6;DPC7;DRS2;DSE2;DSE3;DUG1;DYN1;ECM21;ECM4;EDC1;EGO4;EHD3;EIS1;EMP70;EOS1;ERG10;ERG24;ERG25;ERG27;ERG4;ERG6;ERG7;ERO1;ERP1;ERP5;ERV15;ERV29;ESBP6;ESC8;ESP1;EST3;ETR1;EUG1;EXG1;FAS1;FAS2;FBA1;FHL1;FKS1;FLC2;FLC3;FMO1;FMP27;FMP30;FOL2;FPR2;FRE2;FSH1;FUN12;FUS1;FUS3;GAC1;GAD1;GAL11;GAP1;GAS1;GCY1;GDB1;GDS1;GEP4;GEP5;GEP7;GET3;GFA1;GIM3;GIP1;GIP2;GIP3;GPA1;GPB1;GPH1;GPI10;GPI13;GPM1;GPM3;GRH1;GRX3;GSP2;GTA1;GTO1;GTR1;GUT2;GZF3;HBN1;HBT1;HCH1;HCM1;HCR1;HEM1;HER1;HFA1;HFL1;HHF1;HHO1;HHT1;HIP1;HIR3;HIS5;HMG2;HOC1;HOF1;HOS4;HPA2;HRI1;HSL1;HSP12;HSP26;HSP32;HTB1;HTC1;HXT7;HYP2;ICS2;IDP2;IFA38;IFH1;IKI3;IMA3;IMA4;IML1;IML2;INO80;IRA1;IRC15;IRC24;IRC4;IRC5;IRC7;IRC8;IRR1;ISA1;ISC1;ISR1;IST2;ITC1;IXR1;IZH1;IZH2;KAP104;KAR4;KCC4;KEX1;KIN2;KIN3;KNS1;KOG1;KRE2;KRE6;KTI12;KTR2;LAA1;LAG1;LAT1;LDB18;LDO16;LOA1;LOG1;LPD1;LPX1;LRG1;LSM12;LSM6;LTE1;LYP1;LYS1;LYS20;MAD2;MBP1;MBR1;MCH5;MCM3;MCM4;MCM7;MCR1;MDG1;MDH1;MDH2;MDM32;MDS3;MEC1;MED11;MED4;MEP1;MET10;MET13;MET32;MET4;MGM1;MGM101;MHP1;MIN9;MIP1;MLC1;MLP1;MLP2;MMS1;MNN2;MNN4;MNN5;MOD5;MOT1;MOT3;MPS1;MRC1;MRL1;MRPS35;MRX19;MSA1;MSA2;MSB2;MSC1;MSC3;MSH6;MSN2;MSS4;MSS51;MTC7;MTD1;MTR10;MYG1;NAM8;NAR1;NCA2;NCR1;NGR1;NHA1;NIF3;NIT3;NNF2;NPC2;NPP1;NPP2;NPT1;NQM1;NRK1;NRM1;NST1;NTE1;NTO1;NUM1;NUP116;NUP133;NUP145;NUP157;NUP159;NUP170;NUP49;NVJ2;OCA6;OM45;OPT1;OST2;OST3;PAD1;PAN3;PAN5;PCL1;PCL7;PCM1;PDA1;PDC6;PDR11;PDR3;PDR8;PDS5;PEP4;PEP5;PET127;PEX18;PEX2;PEX8;PGA2;PGM2;PHO13;PIF1;PIR1;PKC1;PKH3;PLB1;PLN1;PMA2;PMC1;PMT6;PMU1;PNS1;POL1;POL2;POL3;POL30;POM33;POP5;PPM1;PPN1;PPN2;PPX1;PRC1;PRE1;PRE4;PRE8;PRE9;PRO3;PRP22;PRP8;PRY1;PRY2;PRY3;PUF3;PUF4;PUP2;PUT4;PYC2;PYP1;QCR2;QCR6;QNS1;RAD5;RAD51;RAD6;RAP1;RBH1;RBH2;RBK1;RCK2;RCR1;RDS3;REA1;REG1;RER2;RET3;REX2;REX4;RFA1;RFC2;RGM1;RGR1;RGT1;RHO5;RIB1;RIM15;RIM4;RLF2;RNH201;RNR1;RNR2;ROT2;ROY1;RPL42B;RPM2;RPN11;RPN13;RPN7;RPN8;RPO21;RPO41;RPS30A;RPT1;RPT5;RPT6;RRN7;RRT6;RSA1;RTC2;RTC4;RTN2;RXT2;SAK1;SAP190;SCH9;SCJ1;SCS2;SCT1;SCW11;SCW4;SCY1;SDD2;SDH1;SDH2;SDL1;SDO1;SEC16;SEC17;SEC28;SEC3;SEC31;SEC4;SEC5;SEC7;SEC72;SED1;SEF1;SEG1;SEN1;SEN54;SFL1;SFT2;SHC1;SHG1;SHH3;SHH4;SIL1;SIN3;SIP18;SIR4;SKI2;SKI3;SKN1;SLH1;SLM1;SLS1;SLY41;SMC1;SMC4;SMC6;SND3;SNF2;SNF5;SNQ2;SNT1;SNT2;SPA2;SPC105;SPC25;SPI1;SPO14;SPO71;SPP41;SPT16;SPT21;SPT23;SPT6;SPT7;SPT8;SRP14;SRX1;SSH1;SST2;STE14;STE23;STE4;STH1;STP1;STP3;STT3;STT4;SUL2;SUN4;SUR7;SUS1;SVL3;SWC3;SWE1;SWH1;SWI1;SWI3;SWI4;SWR1;SYP1;SYT1;TAE1;TAF2;TAF5;TAO3;TCB1;TCB3;TDA3;TDH2;TEL1;TFC3;TFS1;TIM23;TNA1;TOF1;TOK1;TOM1;TOM40;TOM71;TOP2;TOR1;TOR2;TOS4;TOS6;TPI1;TPM1;TPO3;TRA1;TRE1;TRR1;TUB3;TUP1;TUS1;UBC5;UBC7;UBP1;UCC1;UFD4;ULS1;UME6;UPC2;URA2;URA4;USV1;VAC7;VMA1;VMA4;VMA8;VNX1;VPS13;VSB1;WHI2;WHI4;WTM1;WWM1;XBP1;XRN1;YAR028W;YBR012C;YBR016W;YBT1;YCL019W;YCP4;YCR023C;YCR090C;YCT1;YDL085C-A;YDL180W;YDL199C;YDL218W;YDR034C-D;YDR124W;YDR133C;YDR154C;YDR524C-B;YEF1;YEL023C;YER121W;YFL002W-A;YGK3;YGL039W;YGL114W;YGL185C;YGL193C;YGL242C;YGP1;YGR026W;YGR117C;YGR130C;YGR161W-B;YGR182C;YGR201C;YGR266W;YHB1;YHC1;YHI9;YHL026C;YIF1;YIG1;YIL067C;YIL108W;YIL168W;YIP3;YIR016W;YJL163C;YJL213W;YJR015W;YJR084W;YJR120W;YJR142W;YJR154W;YKE2;YKL050C;YKL162C-A;YKL202W;YKR045C;YKR075C;YKT6;YLL020C;YLR126C;YLR152C;YLR297W;YME2;YML131W;YMR090W;YMR196W;YMR226C;YND1;YNL194C;YNL195C;YNL205C;YNL234W;YOP1;YOR1;YOR343W-B;YPF1;YPK3;YPK9;YPL113C;YPL245W;YPR1;YPR117W;YPR170W-B;YRB1;YTA6;YTA7;YTP1;YUH1;ZAP1,165912;166369;168199;168558;168592;168689;169414;170347;170413;170682;170944;171150;171671;172074;172102;173340;179652;180876;180978;181071,"AAC1;AAC3;AAT2; ASP5;ABF2; HIM1;ABP1;ACH1;ACP1;ADE12;ADE13;ADE16;ADE17;ADE2;ADE3;ADE4;ADE5,7;ADE6;ADE8;ADH3;ADH5;ADH6;AIM2;AIM45;AIP1;ALD4;ALD5;AMS1;APE1;APE3;ARA1;ARC18;ARG1;ARG3;ARG4;ARG5,6;ARG7; ECM40;ARO1; AROM;ARO2;ARO4;ARO7; OSM2;ARP3; ACT4;ARX1;ASN1;ASN2;ASP1;ATP1;ATP15;ATP17;ATP18;ATP19;ATP2;ATP20;ATP3;ATP4;ATP5; OSCP;ATP7;BAT1;BBC1; MTI1;BCY1;BGL2; SCW9;BMH1;BMH2;CAP1;CBF5;CCP1;CCT3;CDC19; PYK1;CDC3;CDC48;CDC60;CDS1; CDG1;CHO2; PEM1;CHS5; CAL3;CIR1;CIT1;CLC1;CMD1;CNB1;COA6;COP1;COR1; QCR1;COX12;COX13;COX20;COX2; OXI1;COX4;COX5A;COX6;COX8;COX9;CPA1;CPA2;CPR1;CPR3; CYP3;CRN1;CTP1;CUE5;CYC3;CYS3;CYT1; CTC1;DAK1;DCS1;DED81;DHH1;DLD1; DLD;DLD2; AIP2;DLD3;DPH5;DPS1;DUG1;DUT1;DYS1;ECM33;EDE1; BUD15;EIS1;EMI2;ERG10;ERG13; HMGS;ERG27;ERO1;ERV29;ETR1;EXG1;FAA1;FAA4;FOL2;FPR1;FSF1;FUM1;GAD1;GAS1; GGP1;GAS5;GCD11; TIF213;GCD6; TIF225;GCG1;GCN1;GCV1;GCY1; GCY;GDB1;GDI1; SEC19;GLC7;GLK1; HOR3;GLN1;GLO1;GLO2;GLO3;GLR1;GLT1;GLY1;GND2;GOR1;GPD1;GPD2; GPD3;GPH1;GPM1; GPM;GPM2;GPP1; RHR2;GPP2; HOR2;GRE3;GRX1;GRX2;GTT1;GUA1;GUT2;GVP36;HAS1;HBN1;HCH1;HEM13;HEM2;HIS1;HIS4;HIS5;HIS7;HMO1; HSM2;HOM2;HOM3;HPA3;HSC82;HSP104;HSP12;HSP26;HSP31;HSP78;HTS1;HXK1; HKA;HXK2;HXT3;HYR1;IDH2;IDP1;ILS1;ILV1;ILV2; SMR1;ILV6;IMD4;INH1;INO1;IPP1;IRC24;KAP104;KAP123; YRB4;KGD1; OGD1;KGD2;KRS1; GCD5;KTI12;LAT1;LEU4;LHP1;LIA1; MMD1;LSB5;LSC1;LSC2;LSM6;LSO2;LSP1;LYS1;LYS12;LYS2;LYS20;LYS21;LYS9; LYS13;MAE1;MAM33;MBF1; SUF13;MCR1;MDH1;MDH3;MEF1;MES1;MET10;MET14;MET22; HAL2;MIA40; TIM40;MIC10;MIC19;MIC60;MIG1;MIR1;MKT1;MMF1; IBM1;MNN2;MRH1;MRP1;MRP8;MRT4;MSC1;MTC1;MTD1;NCP1;NDE1; NDH1;NDI1;NHP6A; NHPA;NHP6B; NHPB;NIP1;NIT3;NOG1;NOP2; YNA1;NOP58; NOP5;NPC2;NSP1;NTH1; NTH;NUP57;OAC1;OLA1;OM45;OSH7;OYE2;PAA1;PAI3;PAN1;PBI2;PCM1; AGM1;PDA1;PDB1;PDC1;PEP4;PET10;PET123;PET191;PET9; AAC2;PFK1;PFK2;PGI1;PGM2;PHB1; PHB;PHB2;PHO85; SSG3;PHO88; SND3;PIL1;PMI40;PNC1;POL30;POR1;PRB1;PRC1;PRE6;PRO2;PRP43;PRX1;PRY1;PSA1;PST2;PTC2;PUB1; RNP1;PUP2; DOA5;PUT2;PWP1;PYC1; PYV;QCR2;QCR7;RAP1;RAS2;RBG1; FUN11;RCK2;RDL1;RHO3;RIM1;RIP1;RKI1;RNQ1;RPA12; RRN4;RPA135;RPA190;RPE1;RPG1; TIF32;RPL22A;RPL25;RPL28; CYH2;RPL6A;RPL7A;RPL7B;RPL8B;RPN5; NAS5;RPS12;RPS1A;RPS2;RPS20; URP2;RPS3; SUF14;RPS7A; RPS30;RRP5; FMI1;RSM19;RSP5;RTC3;RVB1;SAH1;SBP1;SCD6;SCS2;SCW10;SCW4;SDH1; SDHA;SDH2;SDH3; CYB3;SDH5; EMI5;SDH8; FMP21;SDS22; EGP1;SDS24;SEC14; PIT1;SEC26;SEC31; WEB1;SEC63;SEC72;SER1; SERC;SER2;SER3;SER33;SFA1; SFA;SHB17;SHM2; SHMT2;SHP1; UBX1;SMD3;SMT3;SOD2;SPE3;SPF1;SRO9;SRV2; CAP1;SSA1;SSA2;SSC1; ENS1;SSE1; MSI3;SSH1;STF2;STM1;SUB2;SVF1; SGI1;SYP1;TAL1;TDH2; GPD2;TEF4; EFC1;TES1; PTE1;THR1;THR4;THS1;TIF4631;TIM10; MRS11;TIM11; ATP21;TIM13;TIM44;TIM9;TKL2;TMA17;TOM22;TPI1;TPM2;TPS2; PFK3;TRM82;TRP2;TRP3;TRP5;TRX2; TRX1;TRX3;TSC10;TSL1;TUB2;TUF1; TUFM;TWF1;UBC1;UBP6;UGA1;UGP1;URA1;URA2;URA4;UTR2; CRH2;VAS1;VMA1;VMA2; VAT2;VMA4; VAT5;VMA5;VPH1;VTC4; PHM3;WTM1;YAR1;YBR085C-A;YBR126C;YCP4;YCR084C;YDJ1; MAS5;YDL124W; D2240;YDR341C; D9651.10;YEF3;YGL101W;YGP1;YGR054W;YGR130C;YHB1; YHB;YHM2;YHR020W;YIP3; PRA1;YJL158C;YJR096W; J1926;YKL002W;YKL033W-A;YKL151C; YKL606;YKR059W; YJL138C;YLR257W;YLR340W;YLR342W;YME1;YML131W; YM4987.04;YMR090W; YM9582.15;YMR099C; YM6543.06C;YMR125W;YMR196W; YM9646.09;YMR226C; YM9959.08C;YMR31;YMR315W; YM9924.07;YNK1;YNR034W-A;YOL039W;YOR133W; YDR385W;YPL260W;YPR010C-A;YPR127W;YPS1; YAP3;YPT52;YRA1;ZRT1;ZWF1; MET19"
chr15:171150,ADE17_PGM2(5-FC),165998;167627;167650;167656;167794;168294;168708;169333;169704;170921;171150;171511;171745;172468;172956;173814;174019;174465;175142;180534;181433;183788,AAT2;ABF1;ACC1;ACE2;ACO1;ACO2;ACP1;ADE1;ADH4;ADP1;ADR1;AFG3;AFI1;AGC1;AIM34;AIM44;AIM45;AKR2;ALD3;ALD4;ALO1;ALY2;AMD1;APE3;AQY1;ARB1;ARC15;ARC18;ARC19;ARC35;ARG8;ARI1;ARK1;ARP2;ASG1;ASH1;ATG33;ATG34;ATP1;ATP19;ATP2;ATR2;AVT3;AZF1;BAT2;BCK1;BEM3;BET4;BIR1;BLM10;BNA3;BNI1;BNI4;BNS1;BOI2;BPH1;BRE4;BRR2;BSP1;BUD3;BUD8;BYE1;BZZ1;CAF120;CAF16;CAM1;CAT8;CBR1;CCC1;CCH1;CCP1;CCS1;CCW12;CCW14;CCW22;CDC1;CDC19;CDC21;CDC24;CDC25;CDC33;CDC37;CDC39;CHC1;CHD1;CHS1;CHS2;CIN1;CIR2;CIS3;CLD1;CLF1;CLN1;CLU1;CMD1;CMR2;CNA1;COA2;COF1;COM2;COX15;COX20;COX26;COX5A;COX5B;CRC1;CRF1;CRP1;CSF1;CST9;CTF4;CTS1;CTT1;CUE1;CWP1;CWP2;CYB2;CYC7;CYM1;CYR1;CYT1;DAL81;DCD1;DCK1;DCP2;DCS2;DDR2;DER1;DIE2;DML1;DNF1;DNF3;DOC1;DOT6;DPC7;DRS2;DSE2;DSE3;DUG1;DYN1;ECM21;ECM4;EDC1;EGO4;EHD3;EIS1;EMP70;EOS1;ERG10;ERG24;ERG25;ERG27;ERG4;ERG6;ERG7;ERO1;ERP1;ERP5;ERV15;ERV29;ESBP6;ESC8;ESP1;EST3;ETR1;EUG1;EXG1;FAS1;FAS2;FBA1;FHL1;FKS1;FLC2;FLC3;FMO1;FMP16;FMP27;FMP30;FMP45;FOL2;FPR2;FRE2;FSH1;FUN12;FUS1;FUS3;GAC1;GAD1;GAL11;GAP1;GAS1;GCY1;GDB1;GDS1;GEP4;GEP5;GEP7;GET3;GFA1;GIM3;GIP1;GIP2;GIP3;GND2;GPA1;GPB1;GPH1;GPI10;GPI13;GPM1;GPM3;GRE1;GRH1;GRX3;GSP2;GTA1;GTO1;GTR1;GUT2;GZF3;HBN1;HBT1;HCH1;HCM1;HCR1;HEM1;HER1;HFA1;HFL1;HHF1;HHO1;HHT1;HIP1;HIR3;HIS5;HMG2;HOC1;HOF1;HOL1;HOS4;HPA2;HRI1;HSL1;HSP12;HSP26;HSP32;HTB1;HTC1;HXT5;HXT7;HYP2;ICS2;IDP2;IFA38;IFH1;IKI3;IMA3;IMA4;IML1;IML2;INO80;IRA1;IRC15;IRC24;IRC4;IRC5;IRC7;IRC8;IRR1;ISA1;ISC1;ISR1;IST2;ITC1;IXR1;IZH1;IZH2;KAP104;KAR4;KCC4;KEX1;KIN2;KIN3;KNS1;KOG1;KRE2;KRE6;KTI12;KTR2;LAA1;LAG1;LAT1;LDB18;LDO16;LOA1;LOG1;LPD1;LPX1;LRG1;LSM12;LSM6;LSP1;LTE1;LYP1;LYS1;LYS20;MAD2;MBP1;MBR1;MCH5;MCM3;MCM4;MCM7;MCR1;MDG1;MDH1;MDH2;MDM32;MDS3;MEC1;MED11;MED4;MEP1;MET10;MET13;MET32;MET4;MGM1;MGM101;MHP1;MIN9;MIP1;MLC1;MLP1;MLP2;MMS1;MNN2;MNN4;MNN5;MOD5;MOT1;MOT3;MPS1;MRC1;MRL1;MRPS35;MRX19;MSA1;MSA2;MSB2;MSC1;MSC3;MSH6;MSN2;MSS4;MSS51;MTC7;MTD1;MTR10;MYG1;NAM8;NAR1;NCA2;NCA3;NCE102;NCR1;NDE2;NGR1;NHA1;NIF3;NIT3;NNF2;NPC2;NPP1;NPP2;NPT1;NQM1;NRK1;NRM1;NST1;NTE1;NTO1;NUM1;NUP116;NUP133;NUP145;NUP157;NUP159;NUP170;NUP49;NVJ2;OCA6;OCH1;OM45;OPT1;OST2;OST3;PAD1;PAN3;PAN5;PCL1;PCL7;PCM1;PDA1;PDC6;PDR11;PDR3;PDR8;PDS5;PEP4;PEP5;PET127;PEX18;PEX2;PEX8;PGA2;PGM2;PHO13;PIF1;PIL1;PIR1;PKC1;PKH3;PLB1;PLN1;PMA2;PMC1;PMT6;PMU1;PNS1;POL1;POL2;POL3;POL30;POM33;POP5;PPM1;PPN1;PPN2;PPX1;PRC1;PRE1;PRE4;PRE8;PRE9;PRO3;PRP22;PRP8;PRY1;PRY2;PRY3;PUF3;PUF4;PUP2;PUT4;PYC2;PYP1;QCR2;QCR6;QNS1;RAD5;RAD51;RAD6;RAP1;RBH1;RBH2;RBK1;RCK2;RCR1;RDS3;REA1;REG1;RER2;RET3;REX2;REX4;RFA1;RFC2;RGM1;RGR1;RGT1;RHO5;RIB1;RIM15;RIM4;RLF2;RNH201;RNR1;RNR2;ROT2;ROY1;RPL42B;RPM2;RPN11;RPN13;RPN7;RPN8;RPO21;RPO41;RPS30A;RPT1;RPT5;RPT6;RRN7;RRT6;RSA1;RTC2;RTC4;RTN2;RXT2;SAK1;SAP190;SCH9;SCJ1;SCS2;SCT1;SCW11;SCW4;SCY1;SDD2;SDH1;SDH2;SDL1;SDO1;SEC16;SEC17;SEC28;SEC3;SEC31;SEC4;SEC5;SEC7;SEC72;SED1;SEF1;SEG1;SEN1;SEN54;SFL1;SFT2;SHC1;SHG1;SHH3;SHH4;SIL1;SIN3;SIP18;SIR4;SKI2;SKI3;SKN1;SLH1;SLM1;SLS1;SLY41;SMC1;SMC4;SMC6;SND3;SNF2;SNF5;SNQ2;SNT1;SNT2;SOL4;SPA2;SPC105;SPC25;SPI1;SPO14;SPO71;SPP41;SPS100;SPT16;SPT21;SPT23;SPT6;SPT7;SPT8;SRP14;SRX1;SSH1;SST2;STE14;STE23;STE4;STH1;STP1;STP3;STT3;STT4;SUL2;SUN4;SUR7;SUS1;SVL3;SWC3;SWE1;SWH1;SWI1;SWI3;SWI4;SWR1;SYP1;SYT1;TAE1;TAF2;TAF5;TAO3;TCB1;TCB3;TDA3;TDH2;TEL1;TFC3;TFS1;TIM23;TKL2;TNA1;TOF1;TOK1;TOM1;TOM40;TOM71;TOP2;TOR1;TOR2;TOS4;TOS6;TPI1;TPM1;TPO3;TRA1;TRE1;TRR1;TUB3;TUP1;TUS1;UBC5;UBC7;UBP1;UCC1;UFD4;UIP4;ULS1;UME6;UPC2;URA2;URA4;USV1;VAC7;VMA1;VMA4;VMA8;VNX1;VPS13;VSB1;WHI2;WHI4;WTM1;WWM1;XBP1;XRN1;YAR028W;YBR012C;YBR016W;YBR116C;YBT1;YCL019W;YCL048W-A;YCP4;YCR023C;YCR090C;YCT1;YDL085C-A;YDL180W;YDL199C;YDL218W;YDR034C-D;YDR124W;YDR133C;YDR154C;YDR524C-B;YEF1;YEL023C;YER121W;YFL002W-A;YGK3;YGL039W;YGL114W;YGL185C;YGL193C;YGL242C;YGP1;YGR026W;YGR117C;YGR130C;YGR161W-B;YGR182C;YGR201C;YGR266W;YHB1;YHC1;YHI9;YHL026C;YIF1;YIG1;YIL067C;YIL108W;YIL165C;YIL168W;YIP3;YIR016W;YJL163C;YJL213W;YJR015W;YJR084W;YJR120W;YJR142W;YJR154W;YKE2;YKL050C;YKL162C-A;YKL202W;YKR045C;YKR075C;YKT6;YLL020C;YLR126C;YLR152C;YLR297W;YME2;YML131W;YMR090W;YMR196W;YMR226C;YND1;YNL194C;YNL195C;YNL205C;YNL234W;YOP1;YOR1;YOR343W-B;YPF1;YPK3;YPK9;YPL113C;YPL245W;YPR1;YPR117W;YPR170W-B;YRB1;YTA6;YTA7;YTP1;YUH1;ZAP1,165912;166369;168199;168558;168592;168689;169414;170347;170413;170682;170944;171150;171671;172074;172102;173340;179652;180876;180978;181071;183037;184074;184082,"AAC1;AAC3;AAT2; ASP5;ABF2; HIM1;ABP1;ACH1;ACP1;ADE12;ADE13;ADE16;ADE17;ADE2;ADE3;ADE4;ADE5,7;ADE6;ADE8;ADH3;ADH5;ADH6;AIM2;AIM45;AIP1;ALD4;ALD5;AMS1;APE1;APE3;ARA1;ARC18;ARG1;ARG3;ARG4;ARG5,6;ARG7; ECM40;ARO1; AROM;ARO2;ARO4;ARO7; OSM2;ARP3; ACT4;ARX1;ASN1;ASN2;ASP1;ATP1;ATP15;ATP17;ATP18;ATP19;ATP2;ATP20;ATP3;ATP4;ATP5; OSCP;ATP7;BAT1;BBC1; MTI1;BCY1;BGL2; SCW9;BMH1;BMH2;CAP1;CBC2;CBF5;CCP1;CCT3;CDC19; PYK1;CDC3;CDC48;CDC60;CDS1; CDG1;CHO2; PEM1;CHS5; CAL3;CIR1;CIT1;CLC1;CMD1;CNB1;COA6;COP1;COR1; QCR1;COX12;COX13;COX20;COX2; OXI1;COX4;COX5A;COX6;COX8;COX9;CPA1;CPA2;CPR1;CPR3; CYP3;CRN1;CTP1;CUE5;CYC3;CYS3;CYT1; CTC1;DAK1;DCS1;DED81;DHH1;DLD1; DLD;DLD2; AIP2;DLD3;DPH5;DPS1;DUG1;DUT1;DYS1;ECM33;EDE1; BUD15;EIS1;EMI2;ERG10;ERG13; HMGS;ERG27;ERO1;ERV29;ETR1;EXG1;FAA1;FAA4;FOL2;FPR1;FRS2;FSF1;FUM1;FUN12;GAD1;GAS1; GGP1;GAS5;GCD11; TIF213;GCD6; TIF225;GCG1;GCN1;GCV1;GCY1; GCY;GDB1;GDI1; SEC19;GLC7;GLK1; HOR3;GLN1;GLO1;GLO2;GLO3;GLR1;GLT1;GLY1;GNA1; PAT1;GND2;GOR1;GPD1;GPD2; GPD3;GPH1;GPM1; GPM;GPM2;GPP1; RHR2;GPP2; HOR2;GRE3;GRX1;GRX2;GTT1;GUA1;GUT2;GVP36;HAS1;HBN1;HCH1;HEM13;HEM2;HIS1;HIS4;HIS5;HIS7;HMO1; HSM2;HOM2;HOM3;HPA3;HSC82;HSP104;HSP12;HSP26;HSP31;HSP78;HTS1;HXK1; HKA;HXK2;HXT3;HYR1;IDH2;IDP1;ILS1;ILV1;ILV2; SMR1;ILV6;IMD4;INH1;INO1;IPP1;IRC24;KAP104;KAP123; YRB4;KGD1; OGD1;KGD2;KRS1; GCD5;KTI12;LAT1;LEU4;LHP1;LIA1; MMD1;LSB5;LSC1;LSC2;LSM6;LSO2;LSP1;LYS1;LYS12;LYS2;LYS20;LYS21;LYS9; LYS13;MAE1;MAM33;MBF1; SUF13;MCR1;MDH1;MDH3;MEF1;MES1;MET10;MET14;MET22; HAL2;MIA40; TIM40;MIC10;MIC19;MIC60;MIG1;MIR1;MKT1;MMF1; IBM1;MNN2;MRH1;MRP1;MRP8;MRT4;MSC1;MTC1;MTD1;NCP1;NDE1; NDH1;NDI1;NHP6A; NHPA;NHP6B; NHPB;NIP1;NIT3;NOG1;NOP2; YNA1;NOP56; SIK1;NOP58; NOP5;NPC2;NSP1;NTH1; NTH;NUP57;OAC1;OLA1;OM45;OSH7;OYE2;PAA1;PAI3;PAN1;PBI2;PCM1; AGM1;PDA1;PDB1;PDC1;PEP4;PET10;PET123;PET191;PET9; AAC2;PFK1;PFK2;PGI1;PGM2;PHB1; PHB;PHB2;PHO85; SSG3;PHO88; SND3;PIL1;PMI40;PNC1;POL30;POR1;PRB1;PRC1;PRE6;PRO1;PRO2;PRP43;PRX1;PRY1;PSA1;PST2;PTC2;PUB1; RNP1;PUP2; DOA5;PUT2;PWP1;PYC1; PYV;QCR2;QCR7;RAP1;RAS2;RBG1; FUN11;RCK2;RDL1;RHO3;RIM1;RIP1;RKI1;RLI1;RNQ1;RPA12; RRN4;RPA135;RPA190;RPE1;RPG1; TIF32;RPL22A;RPL25;RPL28; CYH2;RPL33B; RPL37B;RPL6A;RPL7A;RPL7B;RPL8B;RPN5; NAS5;RPS12;RPS1A;RPS2;RPS20; URP2;RPS3; SUF14;RPS7A; RPS30;RRP5; FMI1;RSM19;RSP5;RTC3;RVB1;SAH1;SBP1;SCD6;SCS2;SCW10;SCW4;SDH1; SDHA;SDH2;SDH3; CYB3;SDH5; EMI5;SDH8; FMP21;SDS22; EGP1;SDS24;SEC14; PIT1;SEC26;SEC31; WEB1;SEC63;SEC72;SER1; SERC;SER2;SER3;SER33;SFA1; SFA;SHB17;SHM2; SHMT2;SHP1; UBX1;SMD3;SMT3;SOD2;SPE3;SPF1;SRO9;SRV2; CAP1;SSA1;SSA2;SSC1; ENS1;SSE1; MSI3;SSH1;STF2;STM1;SUB2;SVF1; SGI1;SYP1;TAL1;TDH2; GPD2;TEF4; EFC1;TES1; PTE1;THR1;THR4;THS1;TIF4631;TIM10; MRS11;TIM11; ATP21;TIM13;TIM44;TIM9;TKL2;TMA17;TOM22;TPI1;TPM2;TPS2; PFK3;TRM82;TRP2;TRP3;TRP5;TRX2; TRX1;TRX3;TSC10;TSL1;TUB2;TUF1; TUFM;TWF1;UBC1;UBP6;UGA1;UGP1;URA1;URA2;URA4;URA7;UTP10;UTR2; CRH2;VAS1;VMA1;VMA2; VAT2;VMA4; VAT5;VMA5;VPH1;VTC4; PHM3;WTM1;YAR1;YBR085C-A;YBR126C;YCP4;YCR084C;YDJ1; MAS5;YDL124W; D2240;YDR341C; D9651.10;YEF3;YGL101W;YGP1;YGR054W;YGR130C;YHB1; YHB;YHM2;YHR020W;YIP3; PRA1;YJL158C;YJR096W; J1926;YKL002W;YKL033W-A;YKL151C; YKL606;YKR059W; YJL138C;YLR257W;YLR340W;YLR342W;YME1;YML131W; YM4987.04;YMR090W; YM9582.15;YMR099C; YM6543.06C;YMR125W;YMR196W; YM9646.09;YMR226C; YM9959.08C;YMR31;YMR315W; YM9924.07;YNK1;YNR034W-A;YOL039W;YOR133W; YDR385W;YPL260W;YPR010C-A;YPR127W;YPS1; YAP3;YPT52;YRA1;ZRT1;ZWF1; MET19"
chr15:185793,SRO9_GIS2(Metformin),185793,ACM1;ASI3;ATP23;AXL2;BNR1;CAF4;CDC50;CIN8;CLB5;CLB6;CLN2;CSI2;CTM1;CTR1;DSE1;ERP4;FIR1;FUI1;GIN4;GNA1;HAL1;HEL2;HIF1;IOC2;KAR9;LDO45;MCD1;MDJ2;MDM1;MDM36;MET2;MET5;MET8;MNE1;MNN11;MNN14;MRS6;MSH1;NIP100;PHO8;PIK1;POL12;RED1;RRM3;RTT107;SET1;SFH1;SPS18;SUV3;SVS1;TDA9;TEL2;TOF2;TUB4;VBA4;VID22;YCS4;YLR108C;YNG1;YNL144C;YOX1;YPK2;YPL068C;YVC1,,
chr15:197493,HNM1_MAM33(Fluconazole);HNM1_RBD2(Fluconazole);HNM1_TPO1(Fluconazole);HNM1_TPO2(Fluconazole);HNM1_TPO4(Fluconazole);RET2_EMP70(Fluconazole);SSH1_ERG11(Fluconazole),197493;199186;201792;202012,DOT5;MDE1;PRP24;RPL22B;RPL8A;RPL9B;RTG1;YAR029W;YCR101C,,
chr15:202330,ADE17_GIS2(5-FC);ERV25_PIS1(Fluconazole);HNM1_RBD2(Metformin);SSH1_PIS1(Fluconazole),197493;199186;201792;202012,DOT5;MDE1;OPI10;PRP24;RPL22B;RPL8A;RPL9B;RTG1;YAR029W;YCR101C,,
chr15:203091,ALO1_HYR1(Fluconazole);HNM1_RBD2(5-FC),197493;199186;201792;202012,DOT5;MDE1;OPI10;PRP24;RPL22B;RPL8A;RPL9B;RTG1;YAR029W;YCR101C,,
chr15:206850,HNM1_TPO4(Fluconazole);SSH1_PIS1(Fluconazole),209157;209483;215715,CRT10;ERG11;RPL7B;SPR6;TAH1,214375,ADH4; ZRG5;ZRT1
chr15:211986,ADE17_GIS2(5-FC),209483;215715,ERG11;RPL7B;SPR6;TAH1,214375,ADH4; ZRG5;ZRT1
chr15:216217,HNM1_RBD2(Fluconazole),209483;215715,ERG11;RPL7B;SPR6;TAH1,214375,ADH4; ZRG5;ZRT1
chr15:216273,HNM1_RBD2(Fluconazole),216273,CDS1,,
chr15:422808,MID2_WSC2(Metformin),421830;425221;425281,BNA7;DPC29;LPL1;RBD2;TMC1,,
chr15:425338,ALO1_UIP4(noDrug),421830;425221;425281,BNA7;DPC29;ETT1;LPL1;RBD2;TMC1,,
chr15:442681,ADE17_HYR1(Trifluoperazine);ADE17_HYR1(noDrug);ADE17_PGM2(Trifluoperazine);ALO1_ADE17(5-FC);ALO1_UIP4(Fluconazole);ERV25_RBD2(5-FC);ERV25_RBD2(Metformin);HNM1_RBD2(Trifluoperazine),440365;442592;443601;445216;445648;446451;447362,CYM1;MAM33;MIX17;MRPL17;SLD7;SNO3;YGR182C;YPS7,442681;446992,CKA2;GND2;SSA1
chr15:443566,GTR1_SLM4(Fluconazole),440365;442592;443601;445216;445648;446451;447362,CYM1;MAM33;MIX17;MRPL17;SLD7;SNO3;YGR182C;YPS7,442681;446992;447362,CKA2;COX2; OXI1;CYT1; CTC1;GND2;SSA1;YCR102C
chr15:448815,ALO1_HYR1(5-FC);ALO1_HYR1(noDrug);ALO1_UIP4(5-FC);ALO1_UIP4(Metformin);ALO1_UIP4(Trifluoperazine);ALO1_UIP4(noDrug);DHH1_LSM3(5-FC);ERG11_ACF2(5-FC);ERG11_ACF2(Metformin);ERG11_ACF2(Trifluoperazine);ERG11_ACF2(noDrug);ERG11_ERG5(Trifluoperazine);ERG11_HYR1(Trifluoperazine);ERG11_HYR1(noDrug);ERG11_MID2(5-FC);ERG11_MID2(Trifluoperazine);ERG11_ORM2(Trifluoperazine);ERG11_ORM2(noDrug);ERG11_PIS1(5-FC);ERG11_PIS1(Trifluoperazine);ERG11_PIS1(noDrug);ERG11_TPO4(5-FC);ERG11_TPO4(Trifluoperazine);ERG11_TPO4(noDrug);ERV25_ERG5(5-FC);ERV25_ERG5(Metformin);ERV25_ORM2(5-FC);ERV25_ORM2(Metformin);ERV25_ORM2(Trifluoperazine);ERV25_ORM2(noDrug);FMP45_HNM1(5-FC);FMP45_HNM1(Metformin);FMP45_MEP1(5-FC);FMP45_MID2(5-FC);FMP45_MID2(Metformin);FMP45_MID2(Trifluoperazine);HNM1_ERG11(5-FC);HNM1_ERG11(Metformin);HNM1_ERG11(Trifluoperazine);HNM1_ERG11(noDrug);HNM1_MID2(5-FC);HNM1_MID2(Trifluoperazine);HNM1_MID2(noDrug);HUG1_PGM2(Metformin);HUG1_PGM2(Trifluoperazine);MID2_MAM33(Trifluoperazine);MID2_MAM33(noDrug);MID2_PIN2(5-FC);MID2_PIN2(Metformin);MID2_RSN1(5-FC);MID2_RSN1(Metformin);MID2_TPO2(5-FC);MID2_TPO2(Metformin);MID2_TPO2(Trifluoperazine);MID2_TPO4(Metformin);PLM2_HNM1(Trifluoperazine);PMC1_CTR2(5-FC);PMC1_CTR2(Metformin);PMC1_CTR2(Trifluoperazine);PMC1_GTR2(5-FC);PMC1_GTR2(Metformin);PMC1_GTR2(Trifluoperazine);PMC1_GTR2(noDrug);SNA4_GTR2(5-FC);SRO9_DHH1(5-FC);SRO9_DHH1(Trifluoperazine);SRO9_GIS2(Trifluoperazine);SRO9_SGN1(5-FC);SRO9_SGN1(Trifluoperazine);SRO9_SGN1(noDrug);SSH1_ERG11(5-FC);SSH1_ERG11(Metformin);SSH1_ERG11(Trifluoperazine);SSH1_ERG11(noDrug);SSH1_ERV25(5-FC);SSH1_ERV25(Metformin);SSH1_ERV25(Trifluoperazine);SSH1_ERV25(noDrug);SSH1_ORM2(5-FC);SSH1_ORM2(Metformin);SSH1_ORM2(Trifluoperazine);SSH1_ORM2(noDrug);SSH1_PIS1(Trifluoperazine);TPO1_TPO2(5-FC),448831,MRPS12;RTC6,448815,AIM2;FAA1;GOR1;GPH1
chr15:483470,HNM1_MAM33(5-FC);SRO9_GIS2(5-FC),483751;484332;484571;484596;485252;485781,ASP1;ATP15;ATP7;AVT6;CBP4;CYT2;FIS1;HGH1;IRC24;LHP1;MBA1;MCO76;MRPL35;MRPL4;MRPL40;MSS51;NAM2;NOP13;NOP58;OSH6;PAL2;PHB2;PIM1;PSP1;RDL1;RRP1;SCO2;SDH4;SOL4;TAZ1;TIM11;TRM1;YCR102C;YGL188C-A;YGL204C;YGR161C-D;YIP4;YLR152C;ZUO1,,
chr15:484698,ALO1_UIP4(5-FC);ALO1_UIP4(Metformin);ALO1_UIP4(Trifluoperazine);ALO1_UIP4(noDrug);ERG11_ACF2(Metformin);ERG11_ERG5(Trifluoperazine);ERG11_ERV25(5-FC);ERG11_ERV25(noDrug);ERG11_MID2(5-FC);ERG11_MID2(Trifluoperazine);ERG11_MID2(noDrug);ERG11_ORM2(noDrug);ERG11_PIS1(5-FC);ERG11_PIS1(Trifluoperazine);ERG11_PIS1(noDrug);ERG11_TPO4(5-FC);ERG27_ACF2(Metformin);ERV25_ERG5(5-FC);ERV25_ERG5(Trifluoperazine);FMP45_MEP1(5-FC);FMP45_MID2(Metformin);HNM1_ERG11(5-FC);HNM1_ERG11(Metformin);HNM1_MID2(Metformin);HNM1_TPO4(Metformin);HUG1_ALO1(Metformin);HUG1_PGM2(Metformin);MID2_PIN2(5-FC);MID2_PIN2(Metformin);MID2_RSN1(5-FC);MID2_RSN1(Metformin);MID2_TPO2(Metformin);MID2_TPO2(Trifluoperazine);MID2_TPO4(Metformin);PMC1_CTR2(Metformin);RET2_EMP47(Metformin);RET2_EMP70(5-FC);SNA4_GTR2(5-FC);SRO9_DHH1(Metformin);SRO9_SGN1(5-FC);SRO9_SGN1(Trifluoperazine);SRO9_SGN1(noDrug);SSH1_ERG11(5-FC);SSH1_ERG11(Metformin);SSH1_ERG11(noDrug);SSH1_ORM2(Metformin);TPO1_MID2(Metformin);TPO1_TCB2(5-FC);TPO1_TCB2(Metformin);TPO1_TCB2(noDrug);TPO1_TPO2(5-FC);TPO1_TPO2(Trifluoperazine);TPO1_TPO2(noDrug),483751;484332;484571;484596;485252;485781,ASP1;ATP15;ATP7;AVT6;CBP4;CYT2;FIS1;HGH1;IRC24;LHP1;MBA1;MCO76;MRPL35;MRPL4;MRPL40;MSS51;NAM2;NOP13;NOP58;OSH6;PAL2;PHB2;PIM1;PSP1;RDL1;RRP1;SCO2;SDH4;SOL4;TAZ1;TIM11;TRM1;YCR102C;YGL188C-A;YGL204C;YGR161C-D;YIP4;YLR152C;ZUO1,,
chr15:487554,ERG11_TPO4(Fluconazole),487554;487952;488280;488435,ISM1;LAM4;MSD1;POM33;PPH3;PRS3;RRD1;SIP3;SLM5;VPS55;YDL199C;YME2,,
chr15:525000,SRO9_GIS2(Fluconazole),491429;492116;492545;492719;494669;496482;496695;496782;497271;497904;503533;503561;507079;507805;508178;508412;509248;511243;512566;513015;513038;513988;514344;514857;515948;516336;516896;517989;520650;521864;522705;524541;525385;526435;529675;530989;531421;533544,AAC1;AAH1;ACH1;ADK2;ADP1;ADY3;AGP2;AGX1;AIM18;AIM19;AIM32;AIM33;AIM39;AIR1;ALD4;APA2;APE3;ARA1;ARA2;ARC40;ARO2;ART10;ASI1;ATG33;ATG4;ATG42;ATG7;ATO2;ATP14;ATP16;ATP4;AVT1;AYR1;BCP1;BDH2;BMH2;BNA3;BRO1;BUD20;BXI1;CAP1;CAT8;CEX1;CIP1;CMK1;COA1;COQ1;COQ2;COQ5;COX15;COX20;COX26;COX5A;COX5B;CPR4;CSG2;CTT1;CYT1;DAK1;DCS1;DCS2;DDR2;DNM1;DPI34;DPP1;DRE2;ECM4;EMI1;EMI2;ENP1;ERG5;ETP1;ETR1;FAR8;FEX2;FMO1;FMP10;FMP40;FMP45;GAD1;GCD10;GDB1;GGA1;GID8;GIP2;GLC3;GLG1;GLK1;GLR1;GOR1;GPD1;GPG1;GPH1;GPP1;GPT2;GRE3;GRX2;GSH1;GSP2;GSY1;GSY2;GUA1;GUT2;HER1;HFD1;HFL1;HMT1;HOR7;HPM1;HSP104;HSP12;HSP42;HST2;HVG1;HXK1;HXT5;HXT7;IFM1;IMD3;IMD4;IMP4;INH1;INP53;IRC15;JID1;KCC4;KGD2;KIN1;KNS1;KRS1;LAP2;LCB4;LDH1;LEU5;LEU9;LIA1;LSP1;MAK5;MBR1;MCH5;MCR1;MDG1;MDH1;MDH2;MDJ1;MDM31;MDM36;MDV1;MHR1;MIA40;MIC19;MIC60;MIX14;MRK1;MRP8;MRPL16;MRPS28;MSC1;MSC6;MSN4;MSN5;MSY1;NAM8;NCA2;NCR1;NNR1;NNR2;NSR1;NTH2;NVJ2;OCH1;OM14;OM45;OPT1;PEP4;PET111;PET9;PFU1;PHB1;PHM7;PIC2;PIL1;PKH1;PMC1;PPH21;PPN1;PRC1;PRP43;PST2;PSY2;PTM1;PUT4;PWP1;PXP2;QCR10;QCR9;RAS1;RCK2;RCN2;RFS1;RGM1;RGS2;RIM11;RIM4;RIO2;RKI1;RMD1;RMD5;RML2;RNY1;ROM1;ROT2;RPA49;RPL33B;RPM2;RRB1;RRT6;RRT8;RSA4;RSM22;RTC3;SAF1;SCO1;SDH1;SDH2;SDS22;SDS24;SEC15;SIP2;SKI7;SLM1;SLX9;SRP40;STB2;SUE1;SWI4;SYM1;TAM41;TDA4;THI6;TMA46;TMH18;TOD6;TPD3;TPS1;TPS2;TRM11;TSL1;TVP15;UBA1;UBP7;UBX4;UGA1;UGP1;UIP4;ULA1;URK1;USV1;UTP7;UTR4;VAC8;VAM3;VAM6;VID30;VPS34;VPS68;VPS8;YBL029C-A;YBR053C;YBR285W;YCP4;YDC1;YDL180W;YEF1;YEL025C;YET3;YFH7;YFR052C-A;YGR111W;YGR130C;YHR052W-A;YHR054W-A;YIL055C;YIR016W;YJL068C;YJL132W;YJL163C;YKL162C;YLR149C;YLR311C;YLR345W;YML002W;YMR027W;YMR090W;YMR160W;YMR196W;YMR253C;YMR262W;YMR31;YNL092W;YNL115C;YOP1;YOR111W;YPF1;YPL229W;YRR1;YSA1;YSC84,520780;529986,ADE8;GPP2; HOR2
chr15:859618,ADE17_PGM2(Trifluoperazine),841378;842495;843225;843892;844406;845199;847833;848635;849243;850123;852451;852538;854667;854717;860397,ALT2;AMA1;BAP2;CRR1;FMP42;GRX8;HFM1;IME1;IRC11;LOA1;NDT80;OAC1;OSW2;REC8;REG2;RGD3;RMD9;RRS1;SEC20;SPE3;STE3;TAZ1;TRX1;YCR090C;YJR079W;YOR012W;YOR289W;YPR145C-A,846553;846837;848974;849407;849538;850586;852168;860696,ACS2;ADH1; ADC1;ATP4;COX13;ERG13; HMGS;GPD2; GPD3;INO1;LAP3;LEU4;MLC1;NDE1; NDH1;PET10;PGI1;RDL1;SHM2; SHMT2;YHB1; YHB;YLR179C; L9470.20;YOR283W
chr15:863468,ERG11_TPO4(5-FC);ERG27_ACF2(Trifluoperazine);ERV25_EMP47(Trifluoperazine);ERV25_UIP4(noDrug);FMP45_MEP1(Metformin);SRO9_DHH1(Fluconazole),862092;867169;867448;869837;872742,FIT3;GAL3;IRC4;IZH4;PDR11;QDR1;RDL2;RKM5;YCL021W-A;YDR248C;YNL046W;YOR292C;YOR296W,864150;866884;867290;870871;874597;876366,ADH3;ADH4; ZRG5;APE2; LAP1;ARO4;FAA1;GPM1; GPM;LYS20;PDC1;PGK1;SSA2;YJL133C-A
chr15:867290,ADE17_PGM2(Trifluoperazine),862092;867169;867448;869837;872742,FIT3;GAL3;IRC4;IZH4;PDR11;QDR1;RDL2;RKM5;YCL021W-A;YDR248C;YNL046W;YOR292C;YOR296W,864150;866884;867290;870871;874597;876366,ADH3;ADH4; ZRG5;APE2; LAP1;ARO4;FAA1;GPM1; GPM;LYS20;PDC1;PGK1;SSA2;YJL133C-A
chr15:870871,ADE17_PGM2(noDrug),862092;867169;867448;869837;872742,FIT3;GAL3;IRC4;IZH4;PDR11;QDR1;RDL2;RKM5;YCL021W-A;YDR248C;YNL046W;YOR292C;YOR296W,864150;866884;867290;870871;874597;876366,ADH3;ADH4; ZRG5;APE2; LAP1;ARO4;FAA1;GPM1; GPM;LYS20;PDC1;PGK1;SSA2;YJL133C-A
chr15:880049,ERG11_ERV25(noDrug),882091;884028;885215;885911;887134;888126,ATG34;BIL1;CLU1;NIT2;POF1;YEL023C;YOR316C-A;YSA1,880049;885299;888555,FUR1;MRP1;NDI1;RNR4; CRT3;SCM4;URA1
chr15:887134,ADE17_PGM2(Trifluoperazine),882091;884028;885215;885911;887134;888126,ATG34;BIL1;CLU1;NIT2;POF1;YEL023C;YOR316C-A;YSA1,880049;885299;888555,FUR1;MRP1;NDI1;RNR4; CRT3;SCM4;URA1
chr15:887279,FMP45_MEP1(Metformin),882091;884028;885215;885911;887134;888126,ATG34;BIL1;CLU1;NIT2;POF1;YEL023C;YOR316C-A;YSA1,880049;885299;888555,FUR1;MRP1;NDI1;RNR4; CRT3;SCM4;URA1
chr16:156560,SRO9_SGN1(Metformin),147209;152472;155634;159409;163733,BRE4;CHL1;EGT2;EMC1;MCM7;PGC1;RKM1;SWI1;THI6,145806;145918;147108;159409;163733,FAA1;NDI1;PDR16; SFH3;RPL22A;TAL1;TPS2; PFK3;YPS1; YAP3
chr16:225111,SNA4_VAC8(Metformin),215183;215587;215973;218021;220471;223881;225206;226571;227828;228020;228950;240217;242019,AHC2;ARH1;ASE1;BUD7;BYE1;CET1;CTF8;DAP1;DCC1;DPI8;ECL1;EHD3;EMI2;ERC1;ETT1;HAP2;KNH1;MPD1;MSO1;NAT3;NIP100;NIT1;OSW7;PAR32;PCL1;PDL32;PET494;PPQ1;PRM4;PRP46;RCR1;RMR1;RPL15B;RRT2;RSM7;SAM35;SCM3;SDP1;SGT1;SHR5;SLC1;SMX2;SNN1;SOL2;TDH1;VID27;VPS17;YBL029C-A;YBR071W;YDR154C;YNL134C;YPS3;ZTA1,218021,HSP26
chr16:228836,HNM1_MID2(Metformin),215183;215587;215973;218021;223881;225206;226571;227828;228020;228950;240217;242019,AHC2;ASE1;BYE1;CTF8;DAP1;DPI8;EHD3;EMI2;ETT1;HAP2;KNH1;MPD1;MSO1;NAT3;NIT1;OSW7;PAR32;PCL1;PDL32;PET494;PRM4;PRP46;RCR1;RMR1;RPL15B;RSM7;SAM35;SCM3;SDP1;SHR5;SLC1;SMX2;SOL2;VID27;VPS17;YBL029C-A;YBR071W;YDR154C;YPS3,,
chr16:385700,MID2_WSC2(Trifluoperazine),386168;401426;402514,BMH1;ELP3;LOT5,404629,IDP1;ILV1;MIS1;RTN1
chr16:388383,MID2_TPO2(5-FC);MID2_WSC2(5-FC),386168;401426;402514,BMH1;ELP3;LOT5,404629,IDP1;ILV1;MIS1;RTN1
chr16:585943,ERV25_PIS1(5-FC),572464;576347;584269;584312;585153;588991,EMC4;IZH4;MIM1;MRX21;NMA1;ROF1;SCL1;TFC8;YOR105W,572464;574886;575622;576040;576347;576969;578941;579283;579790;579913;584269;584582;586856;586864;586960;586993;587395;587583;587661;587778;591536;591589;591766;593213,AAT2; ASP5;ABF2; HIM1;ABP1;ACC1;ACH1;ACT1;ADE13;ADE2;ADE3;ADE4;ADE6;ADH1; ADC1;ADH6;AIM2;AIM45;ALD6; ALDH1;APE3;ARA1;ARG1;ARO2;ARO4;ARX1;ASN1;ATP2;ATP4;ATP5; OSCP;BAT1;BDH1; BDH;BMH1;BMH2;CCS1; LYS7;CDC48;CDC60;COA6;COX12;COX13;CPA2;CWP1;DAK1;DDR48; FSP;DLD1; DLD;DLD3;DPH5;DUG1;EIS1;ERG1;ERG28; BUD18;FAA4;FMP52;FUM1;GAD1;GAS5;GCV1;GCY1; GCY;GDB1;GLC7;GLK1; HOR3;GLO3;GLR1;GLT1;GLY1;GNA1; PAT1;GPH1;GPM2;GRE3;GRX2;GUA1;GUT2;HBN1;HIS4;HIS5;HOM3;HSP78;HXT3;ILV2; SMR1;KGD2;LAT1;LHP1;LIA1; MMD1;LSC1;LYS1;LYS21;LYS4; LYS3;MAE1;MAM33;MES1;MET10;MET3;MIC19;MIG1;MRX4;MSC1;MTD1;MVD1;NEW1;NFU1; NUB1;NOP2; YNA1;NUG1;OLA1;OM45;PDR16; SFH3;PEP4;PET9; AAC2;PIL1;PNC1;POL30;PRC1;PRO1;PRX1;PSA1;PST1; HPF2;PST2;QCR2;QCR7;RAS2;RBG2; GIR1;RFA2; BUF1;RIM1;RIP1;RNR1;RNR2; CRT6;RNR4; CRT3;RPE1;RPL16A;RPL16B;RPL3;RPL6A;RPS2;RTC3;SCM4;SCW4;SDH1; SDHA;SDH2;SDS22; EGP1;SDS24;SER3;SHM2; SHMT2;SOD2;SOL3;SSA1;SUB2;TAL1;TEF4; EFC1;THR4;THS1;TKL2;TMA17;TRX2; TRX1;TUF1; TUFM;UGA1;UGP1;URA4;UTH1;VAS1;VMA1;VMA2; VAT2;VMA4; VAT5;VMA5;WTM1;YBR126C;YCP4;YCR084C;YDL124W; D2240;YGR130C;YHB1; YHB;YHR020W;YMR196W; YM9646.09;YMR315W; YM9924.07;YNK1;YPS1; YAP3;ZEO1;ZRT1;ZWF1; MET19
chr16:586993,FMP45_MID2(5-FC);HNM1_RBD2(noDrug),572464;576347;584269;584312;585153;588991,EMC4;IZH4;MIM1;MRX21;NMA1;ROF1;SCL1;TFC8;YOR105W,572464;574886;575622;576040;576347;576969;578941;579283;579790;579913;584269;584582;586856;586864;586960;586993;587395;587583;587661;587778;591536;591589;591766;593213,AAT2; ASP5;ABF2; HIM1;ABP1;ACC1;ACH1;ACT1;ADE13;ADE2;ADE3;ADE4;ADE6;ADH1; ADC1;ADH6;AIM2;AIM45;ALD6; ALDH1;APE3;ARA1;ARG1;ARO2;ARO4;ARX1;ASN1;ATP2;ATP4;ATP5; OSCP;BAT1;BDH1; BDH;BMH1;BMH2;CCS1; LYS7;CDC48;CDC60;COA6;COX12;COX13;CPA2;CWP1;DAK1;DDR48; FSP;DLD1; DLD;DLD3;DPH5;DUG1;EIS1;ERG1;ERG28; BUD18;FAA4;FMP52;FUM1;GAD1;GAS5;GCV1;GCY1; GCY;GDB1;GLC7;GLK1; HOR3;GLO3;GLR1;GLT1;GLY1;GNA1; PAT1;GPH1;GPM2;GRE3;GRX2;GUA1;GUT2;HBN1;HIS4;HIS5;HOM3;HSP78;HXT3;ILV2; SMR1;KGD2;LAT1;LHP1;LIA1; MMD1;LSC1;LYS1;LYS21;LYS4; LYS3;MAE1;MAM33;MES1;MET10;MET3;MIC19;MIG1;MRX4;MSC1;MTD1;MVD1;NEW1;NFU1; NUB1;NOP2; YNA1;NUG1;OLA1;OM45;PDR16; SFH3;PEP4;PET9; AAC2;PIL1;PNC1;POL30;PRC1;PRO1;PRX1;PSA1;PST1; HPF2;PST2;QCR2;QCR7;RAS2;RBG2; GIR1;RFA2; BUF1;RIM1;RIP1;RNR1;RNR2; CRT6;RNR4; CRT3;RPE1;RPL16A;RPL16B;RPL3;RPL6A;RPS2;RTC3;SCM4;SCW4;SDH1; SDHA;SDH2;SDS22; EGP1;SDS24;SER3;SHM2; SHMT2;SOD2;SOL3;SSA1;SUB2;TAL1;TEF4; EFC1;THR4;THS1;TKL2;TMA17;TRX2; TRX1;TUF1; TUFM;UGA1;UGP1;URA4;UTH1;VAS1;VMA1;VMA2; VAT2;VMA4; VAT5;VMA5;WTM1;YBR126C;YCP4;YCR084C;YDL124W; D2240;YGR130C;YHB1; YHB;YHR020W;YMR196W; YM9646.09;YMR315W; YM9924.07;YNK1;YPS1; YAP3;ZEO1;ZRT1;ZWF1; MET19
chr16:587395,FMP45_MID2(noDrug);HNM1_RBD2(Trifluoperazine),572464;576347;584269;584312;585153;588991,EMC4;IZH4;MIM1;MRX21;NMA1;ROF1;SCL1;TFC8;YOR105W,572464;574886;575622;576040;576347;576969;578941;579283;579790;579913;584269;584582;586856;586864;586960;586993;587395;587583;587661;587778;591536;591589;591766;593213,AAT2; ASP5;ABF2; HIM1;ABP1;ACC1;ACH1;ACT1;ADE13;ADE2;ADE3;ADE4;ADE6;ADH1; ADC1;ADH6;AIM2;AIM45;ALD6; ALDH1;APE3;ARA1;ARG1;ARO2;ARO4;ARX1;ASN1;ATP2;ATP4;ATP5; OSCP;BAT1;BDH1; BDH;BMH1;BMH2;CCS1; LYS7;CDC48;CDC60;COA6;COX12;COX13;CPA2;CWP1;DAK1;DDR48; FSP;DLD1; DLD;DLD3;DPH5;DUG1;EIS1;ERG1;ERG28; BUD18;FAA4;FMP52;FUM1;GAD1;GAS5;GCV1;GCY1; GCY;GDB1;GLC7;GLK1; HOR3;GLO3;GLR1;GLT1;GLY1;GNA1; PAT1;GPH1;GPM2;GRE3;GRX2;GUA1;GUT2;HBN1;HIS4;HIS5;HOM3;HSP78;HXT3;ILV2; SMR1;KGD2;LAT1;LHP1;LIA1; MMD1;LSC1;LYS1;LYS21;LYS4; LYS3;MAE1;MAM33;MES1;MET10;MET3;MIC19;MIG1;MRX4;MSC1;MTD1;MVD1;NEW1;NFU1; NUB1;NOP2; YNA1;NUG1;OLA1;OM45;PDR16; SFH3;PEP4;PET9; AAC2;PIL1;PNC1;POL30;PRC1;PRO1;PRX1;PSA1;PST1; HPF2;PST2;QCR2;QCR7;RAS2;RBG2; GIR1;RFA2; BUF1;RIM1;RIP1;RNR1;RNR2; CRT6;RNR4; CRT3;RPE1;RPL16A;RPL16B;RPL3;RPL6A;RPS2;RTC3;SCM4;SCW4;SDH1; SDHA;SDH2;SDS22; EGP1;SDS24;SER3;SHM2; SHMT2;SOD2;SOL3;SSA1;SUB2;TAL1;TEF4; EFC1;THR4;THS1;TKL2;TMA17;TRX2; TRX1;TUF1; TUFM;UGA1;UGP1;URA4;UTH1;VAS1;VMA1;VMA2; VAT2;VMA4; VAT5;VMA5;WTM1;YBR126C;YCP4;YCR084C;YDL124W; D2240;YGR130C;YHB1; YHB;YHR020W;YMR196W; YM9646.09;YMR315W; YM9924.07;YNK1;YPS1; YAP3;ZEO1;ZRT1;ZWF1; MET19
chr16:587778,FMP45_HNM1(noDrug);FMP45_MID2(Trifluoperazine),572464;576347;584269;584312;585153;588991,EMC4;IZH4;MIM1;MRX21;NMA1;ROF1;SCL1;TFC8;YOR105W,572464;574886;575622;576040;576347;576969;578941;579283;579790;579913;584269;584582;586856;586864;586960;586993;587395;587583;587661;587778;591536;591589;591766;593213,AAT2; ASP5;ABF2; HIM1;ABP1;ACC1;ACH1;ACT1;ADE13;ADE2;ADE3;ADE4;ADE6;ADH1; ADC1;ADH6;AIM2;AIM45;ALD6; ALDH1;APE3;ARA1;ARG1;ARO2;ARO4;ARX1;ASN1;ATP2;ATP4;ATP5; OSCP;BAT1;BDH1; BDH;BMH1;BMH2;CCS1; LYS7;CDC48;CDC60;COA6;COX12;COX13;CPA2;CWP1;DAK1;DDR48; FSP;DLD1; DLD;DLD3;DPH5;DUG1;EIS1;ERG1;ERG28; BUD18;FAA4;FMP52;FUM1;GAD1;GAS5;GCV1;GCY1; GCY;GDB1;GLC7;GLK1; HOR3;GLO3;GLR1;GLT1;GLY1;GNA1; PAT1;GPH1;GPM2;GRE3;GRX2;GUA1;GUT2;HBN1;HIS4;HIS5;HOM3;HSP78;HXT3;ILV2; SMR1;KGD2;LAT1;LHP1;LIA1; MMD1;LSC1;LYS1;LYS21;LYS4; LYS3;MAE1;MAM33;MES1;MET10;MET3;MIC19;MIG1;MRX4;MSC1;MTD1;MVD1;NEW1;NFU1; NUB1;NOP2; YNA1;NUG1;OLA1;OM45;PDR16; SFH3;PEP4;PET9; AAC2;PIL1;PNC1;POL30;PRC1;PRO1;PRX1;PSA1;PST1; HPF2;PST2;QCR2;QCR7;RAS2;RBG2; GIR1;RFA2; BUF1;RIM1;RIP1;RNR1;RNR2; CRT6;RNR4; CRT3;RPE1;RPL16A;RPL16B;RPL3;RPL6A;RPS2;RTC3;SCM4;SCW4;SDH1; SDHA;SDH2;SDS22; EGP1;SDS24;SER3;SHM2; SHMT2;SOD2;SOL3;SSA1;SUB2;TAL1;TEF4; EFC1;THR4;THS1;TKL2;TMA17;TRX2; TRX1;TUF1; TUFM;UGA1;UGP1;URA4;UTH1;VAS1;VMA1;VMA2; VAT2;VMA4; VAT5;VMA5;WTM1;YBR126C;YCP4;YCR084C;YDL124W; D2240;YGR130C;YHB1; YHB;YHR020W;YMR196W; YM9646.09;YMR315W; YM9924.07;YNK1;YPS1; YAP3;ZEO1;ZRT1;ZWF1; MET19
chr16:591786,ALO1_HYR1(Fluconazole),572464;576347;584269;584312;585153;588991,EMC4;IZH4;MIM1;MRX21;NMA1;ROF1;SCL1;TFC8;YOR105W;YPR015C,576040;576347;576969;578941;579283;579790;579913;584269;584582;586856;586864;586960;586993;587395;587583;587661;587778;591536;591589;591766;593213,ABF2; HIM1;ABP1;ACC1;ACH1;ACT1;ADE13;ADE2;ADE3;ADE4;ADE6;ADH1; ADC1;AIM2;AIM45;ALD6; ALDH1;APE3;ARA1;ARG1;ARO2;ARO4;ATP2;ATP4;ATP5; OSCP;BAT1;BDH1; BDH;BMH1;BMH2;CCS1; LYS7;CDC48;CDC60;COA6;COX12;COX13;CPA2;CWP1;DAK1;DDR48; FSP;DLD1; DLD;DLD3;DPH5;DUG1;EIS1;ERG1;ERG28; BUD18;FMP52;FUM1;GAD1;GAS5;GCV1;GCY1; GCY;GDB1;GLC7;GLK1; HOR3;GLO3;GLR1;GLT1;GLY1;GNA1; PAT1;GPH1;GPM2;GRE3;GRX2;GUA1;GUT2;HBN1;HIS4;HIS5;HOM3;HSP78;ILV2; SMR1;KGD2;LAT1;LHP1;LIA1; MMD1;LSC1;LYS1;LYS21;LYS4; LYS3;MAM33;MES1;MET10;MET3;MIC19;MRX4;MSC1;MTD1;MVD1;NFU1; NUB1;NUG1;OLA1;OM45;PDR16; SFH3;PEP4;PET9; AAC2;PIL1;PNC1;POL30;PRC1;PRO1;PRX1;PSA1;PST1; HPF2;PST2;QCR2;QCR7;RAS2;RBG2; GIR1;RFA2; BUF1;RIM1;RIP1;RPE1;RPL16A;RPL3;RPL6A;RPS2;RTC3;SCW4;SDH1; SDHA;SDH2;SDS22; EGP1;SDS24;SER3;SHM2; SHMT2;SOD2;SOL3;SSA1;SUB2;TAL1;TEF4; EFC1;THR4;THS1;TKL2;TMA17;TRX2; TRX1;TUF1; TUFM;UGA1;UGP1;UTH1;VMA1;VMA2; VAT2;VMA4; VAT5;VMA5;WTM1;YBR126C;YCP4;YCR084C;YDL124W; D2240;YHB1; YHB;YMR196W; YM9646.09;YMR315W; YM9924.07;YNK1;YPS1; YAP3;ZEO1;ZRT1;ZWF1; MET19
chr16:622910,HNM1_RBD2(Fluconazole),629712,CSR2;NTO1,623271;631047,KES1; OSH4;TRX1; TRX2
chr16:823324,ALO1_UIP4(5-FC);ALO1_UIP4(Metformin);ALO1_UIP4(noDrug);DHH1_LSM3(noDrug);ERV25_ERG5(Trifluoperazine);MID2_RSN1(5-FC);MID2_TPO4(5-FC);RET2_SNA3(noDrug);SRO9_DHH1(Metformin);SRO9_DHH1(Trifluoperazine);TPO1_MID2(Trifluoperazine);TPO1_TCB2(5-FC);TPO1_TCB2(noDrug);TPO1_TPO2(Metformin);TPO1_TPO2(Trifluoperazine),798666;803590;812990;816544;823324;828256,"DAL1;DAL3;DUR1,2;DUR3;NCA2;SWT21;TOS7;VSB1;YAR009C;YPR147C;YPR148C;YPR158W-B",,
chr16:823418,MID2_PIN2(5-FC);PMC1_CTR2(Metformin);PMC1_GTR2(Metformin);SSH1_ERV25(5-FC);SSH1_ERV25(Trifluoperazine);SSH1_ERV25(noDrug),798666;803590;812990;816544;823324;828256,"DAL1;DAL3;DUR1,2;DUR3;NCA2;SWT21;TOS7;VSB1;YAR009C;YPR147C;YPR148C;YPR158W-B",,
chr16:825433,ERG11_MID2(Trifluoperazine);FMP45_MID2(5-FC);HUG1_ALO1(Metformin);HUG1_PGM2(Metformin);MID2_PIN2(Metformin);RET2_EMP47(Trifluoperazine),798666;803590;812990;816544;823324;828256,"DAL1;DAL3;DUR1,2;DUR3;NCA2;SWT21;TOS7;VSB1;YAR009C;YPR147C;YPR148C;YPR158W-B",,
chr16:827031,ERG11_ERG5(Fluconazole);FMP45_HNM1(5-FC);FMP45_MEP1(5-FC);HNM1_ERG11(5-FC);HNM1_ERG11(Trifluoperazine);HNM1_MID2(Trifluoperazine);HNM1_TPO4(5-FC);HNM1_TPO4(noDrug);HUG1_ADE17(5-FC);HUG1_PGM2(5-FC);MID2_RSN1(noDrug);MID2_TPO2(noDrug);PLM2_HNM1(Metformin);PMC1_GTR2(5-FC);RET2_SNA3(5-FC);SRO9_DHH1(5-FC);TPO1_MID2(5-FC);TPO1_MID2(noDrug),798666;803590;812990;816544;823324;828256;830982,"DAL1;DAL3;DUR1,2;DUR3;NCA2;SWT21;TOS7;URN1;VSB1;YAR009C;YPR147C;YPR148C;YPR158W-B",,
chr16:828223,HNM1_TPO4(Metformin),798666;803590;812990;816544;823324;828256;830982,"DAL1;DAL3;DUR1,2;DUR3;NCA2;SWT21;TOS7;URN1;VSB1;YAR009C;YPR147C;YPR148C;YPR158W-B",,
chr16:831753,ALO1_ADE17(Metformin);ERV25_UIP4(Metformin);ERV25_UIP4(noDrug);HNM1_ERG11(noDrug);HNM1_MID2(noDrug);HUG1_ADE17(Metformin);HUG1_ADE17(noDrug);RET2_EMP70(Trifluoperazine),798666;803590;812990;816544;823324;828256;830982,"DAL1;DAL3;DUR1,2;DUR3;NCA2;SWT21;TOS7;URN1;VSB1;YAR009C;YPR147C;YPR148C;YPR158W-B",,
chr16:833135,RET2_EMP70(5-FC),798666;803590;812990;828256,DAL3;NCA2;SWT21;TOS7;YAR009C;YPR158W-B,,
chr16:834908,TPO1_TPO2(5-FC),798666;803590;812990;828256,DAL3;NCA2;SWT21;TOS7;YAR009C;YPR158W-B,,
chr16:835149,SNA4_GTR2(5-FC),798666;803590;812990;828256,DAL3;NCA2;SWT21;TOS7;YAR009C;YPR158W-B,,
chr16:835414,ALO1_HYR1(noDrug);ERG11_ORM2(Trifluoperazine),798666;803590;812990;828256,DAL3;NCA2;SWT21;TOS7;YAR009C;YPR158W-B,,
chr16:836372,ADE17_GIS2(Fluconazole);ALO1_ADE17(5-FC);ALO1_ADE17(Trifluoperazine);ALO1_ADE17(noDrug);ERG11_ACF2(5-FC);ERG11_ACF2(noDrug);ERG11_ORM2(5-FC);ERG11_PIS1(noDrug);ERG27_ACF2(noDrug);ERV25_UIP4(5-FC);ERV25_UIP4(Trifluoperazine);HNM1_TPO2(5-FC);HUG1_ALO1(5-FC);HUG1_ALO1(noDrug);HUG1_PGM2(Trifluoperazine);HUG1_PGM2(noDrug);PLM2_HNM1(5-FC);PLM2_HNM1(noDrug);PMC1_CTR2(5-FC);PMC1_CTR2(noDrug);PMC1_GTR2(Trifluoperazine);PMC1_GTR2(noDrug);SRO9_DHH1(noDrug);SRO9_GIS2(noDrug);TPO1_TPO2(noDrug),798666;803590;812990;828256,DAL3;NCA2;SWT21;TOS7;YAR009C;YPR158W-B,,
chr16:862181,HUG1_PGM2(5-FC);TPO1_MID2(5-FC);TPO1_TPO2(5-FC);TPO1_TPO2(noDrug),864677,TDA6;YCR018C-A;YML045W,,
chr16:863372,PLM2_HNM1(noDrug),863056;864677,TDA6;YCR018C-A;YML045W;YPR158C-D;YPR158W-B,,
chr16:863978,ALO1_UIP4(Fluconazole);FMP45_MID2(Metformin);HUG1_PGM2(noDrug),863056;864677,TDA6;YCR018C-A;YML045W;YPR158C-D;YPR158W-B,,
chr16:864283,PLM2_HNM1(Fluconazole),863056;864677,TDA6;YCR018C-A;YML045W;YPR158W-B,,
chr16:867326,ALO1_ADE17(5-FC);ALO1_ADE17(Metformin);ALO1_ADE17(Trifluoperazine);ALO1_ADE17(noDrug);ALO1_HYR1(5-FC);ALO1_HYR1(Fluconazole);ALO1_HYR1(noDrug);ALO1_UIP4(5-FC);ERG11_ACF2(5-FC);ERG11_ACF2(noDrug);ERG11_ORM2(5-FC);ERG27_ACF2(5-FC);ERG27_ACF2(Trifluoperazine);ERG27_ACF2(noDrug);ERV25_UIP4(5-FC);ERV25_UIP4(noDrug);FMP45_MEP1(5-FC);HNM1_ERG11(noDrug);HNM1_TPO4(5-FC);HNM1_TPO4(noDrug);HUG1_ADE17(5-FC);HUG1_ALO1(5-FC);HUG1_ALO1(Trifluoperazine);HUG1_ALO1(noDrug);MID2_MAM33(noDrug);MID2_PIN2(Fluconazole);MID2_RSN1(noDrug);MID2_TPO2(noDrug);MID2_TPO4(Fluconazole);PLM2_HNM1(5-FC);PMC1_CTR2(5-FC);PMC1_CTR2(Fluconazole);PMC1_CTR2(Metformin);PMC1_CTR2(Trifluoperazine);PMC1_CTR2(noDrug);PMC1_GTR2(5-FC);PMC1_GTR2(Metformin);PMC1_GTR2(Trifluoperazine);PMC1_GTR2(noDrug);SNA4_GTR2(Trifluoperazine);SRO9_DHH1(noDrug);SRO9_GIS2(noDrug);TPO1_MID2(Trifluoperazine);TPO1_MID2(noDrug);TPO1_TCB2(5-FC);TPO1_TCB2(noDrug);TPO1_TPO2(Trifluoperazine),863056;864677,TDA6;YCR018C-A;YML045W;YPR158W-B,,
chr16:869725,ALO1_ADE17(5-FC);ALO1_ADE17(Metformin);ALO1_ADE17(Trifluoperazine);ALO1_ADE17(noDrug);FMP45_HNM1(Fluconazole);MID2_TPO2(noDrug);PMC1_CTR2(5-FC);SRO9_GIS2(noDrug),871361,YGR027W-A,,
chr16:870388,ERG11_ORM2(5-FC),871361,YGR027W-A,,
chr16:873212,ALO1_UIP4(noDrug);ERG11_ORM2(Trifluoperazine);ERG27_ACF2(5-FC);ERG27_ACF2(Trifluoperazine);ERG27_ACF2(noDrug);ERV25_UIP4(5-FC);ERV25_UIP4(Metformin);ERV25_UIP4(noDrug);FMP45_MEP1(5-FC);HNM1_ERG11(noDrug);HUG1_ADE17(5-FC);HUG1_ADE17(noDrug);HUG1_PGM2(noDrug);PLM2_HNM1(noDrug);PMC1_CTR2(Metformin);PMC1_CTR2(Trifluoperazine);PMC1_CTR2(noDrug);TPO1_TCB2(5-FC);TPO1_TCB2(noDrug),871361,YGR027W-A,,
chr16:873246,ALO1_HYR1(5-FC);ALO1_HYR1(noDrug),871361,YGR027W-A,,
chr16:873367,ALO1_HYR1(Fluconazole);ALO1_UIP4(Fluconazole);ERG11_ACF2(5-FC);ERG11_ACF2(noDrug);FMP45_MID2(Fluconazole);HNM1_TPO4(5-FC);HUG1_ALO1(5-FC);HUG1_ALO1(Trifluoperazine);HUG1_ALO1(noDrug);MID2_RSN1(noDrug);PLM2_HNM1(5-FC);PLM2_HNM1(Fluconazole);PMC1_CTR2(Fluconazole);PMC1_GTR2(5-FC);PMC1_GTR2(Metformin);PMC1_GTR2(Trifluoperazine);PMC1_GTR2(noDrug);SNA4_GTR2(Trifluoperazine);TPO1_MID2(5-FC);TPO1_MID2(noDrug);TPO1_TPO2(Trifluoperazine);TPO1_TPO2(noDrug),871361,YGR027W-A,,
chr16:879475,ERV25_UIP4(5-FC);ERV25_UIP4(noDrug);PMC1_CTR2(5-FC);PMC1_GTR2(5-FC);PMC1_GTR2(Trifluoperazine);PMC1_GTR2(noDrug),881962,KRE6;RPL8A;RPL9B,,
chr1:106800,ADE17_PGM2(Metformin),107538;109735;112136;114628;114652;114824,ADD66;AIM6;FAR1;FOL2;HAC1;MPC2;MRPL13;MRPL49;MSS18;SAW1;TOM5;YCL049C;YLL020C,,
chr1:68621,SSH1_PIS1(5-FC);SSH1_PIS1(Metformin);SSH1_PIS1(Trifluoperazine);SSH1_PIS1(noDrug),62361;62869;65365;67275;67476,CDC19;ERV46;NPT1;PNG1;SNF11;SUT2;YLR152C,,
chr2:111645,HNM1_TPO2(Trifluoperazine);PLM2_HNM1(Metformin);SSH1_ERV25(Trifluoperazine),103188;107123;108452;108764;112335;115270,ARG82;BDH1;CIT1;CSG2;GUT2;HAP3;HXK1;IRC19;MDH1;NNK1;PNS1;SAP155;SCT1;SMF1;UBP12;YHR022C;YHR131C;YML053C,,
chr2:111999,SSH1_ERG11(noDrug),103188;107123;108452;108764;112335;115270,ARG82;BDH1;CIT1;CSG2;GUT2;HAP3;HXK1;IRC19;MDH1;NNK1;PNS1;SAP155;SCT1;SMF1;UBP12;YHR022C;YHR131C;YML053C,,
chr2:116024,SSH1_ERG11(Trifluoperazine);SSH1_ERV25(5-FC);SSH1_ERV25(Metformin),103188;107123;108452;108764;112335;115270,ARG82;BDH1;CIT1;CSG2;GUT2;HAP3;HXK1;IRC19;MDH1;NNK1;PNS1;SAP155;SMF1;UBP12;YHR022C;YHR131C;YML053C,,
chr2:393340,SRO9_GIS2(5-FC),393489;394376;394430;394461,AKR2;ECM33;EEB1;FAA4;RIM4;TDA4;YBR076C-A;YND1,,
chr2:400847,ERG11_TPO4(Fluconazole),395756;397984;399535,EXG2;GRH1;IME1;NFG1;SHO1,395853,ECM33
chr2:409016,ERG11_TPO4(Fluconazole),406787;407113;407830;408652;408801;410546;412403;417239;417694;418042,ARG3;BUD8;CCS1;CDC34;CPA2;CSR1;CWC21;DSE2;JLP2;KSS1;PRE10;RDI1;ROX3;SRD1;TEC1;VCX1;YDR261W-B;YJU2;YLR410W-A;YOR338W;YOR343W-B,,
chr2:422349,ERG11_TPO4(Fluconazole),419913;421673;424811,PTK1;RFC5;VTC1,419803,YBR085C-A
chr2:455029,PLM2_HNM1(Fluconazole),429746;430846;431781;433187;433640;434976;435236;436119;437754;438870;440220;441419;442249;444706;447158;447536;448135;448507;450017;450377;450938;451124;451599;452365;452575;453525;454021;454135,ALG1;ALT1;ATO3;BIO2;BNA2;CPR8;DUR3;EFM1;ERG24;FSH1;GPD2;HPA3;ICL2;ICY1;ISU2;KDX1;KES1;KIP2;LAP3;LCB3;LOT5;LYP1;MHT1;MLC1;MMP1;MNN1;NMA1;NRT1;PAM17;PDE2;PFK27;PHO8;PTP3;RAD16;RHO5;RME1;RNH203;RNR4;SGA1;SNC2;SND3;STP4;SUR2;SUS1;THI20;THI3;THI6;TOS7;URH1;VHR2;VTC3;WAR1;WTM1;XDJ1;YAP7;YBR085C-A;YCP4;YDR340W;YER034W;YGR035C;YKU80;YLR326W;YLR407W;YNL234W;YPL245W;YPR071W;ZRC1,451784;455029,NPA3;RPL5
chr2:476732,PLM2_HNM1(Fluconazole),464478;465493;465979;466414;468345;471887;472319;472731;475703;476732,ASK10;ATP7;BIO3;BIO5;ENO1;EXG1;IZH3;LAC1;MRX3;PEX2;PHO81;PYC2;RNR2;SPE3;THI2;THI73;TPO2;UTR4;VHR1;WSC4;ZIP1,474141;477272,LYS2;TKL2
chr2:538868,ERG11_ERV25(noDrug);FMP45_MID2(noDrug);PMC1_GTR2(noDrug);SRO9_GIS2(noDrug);TPO1_TPO2(Fluconazole);TPO1_TPO2(noDrug),531481;532114;532411;535517;536475;538023,ADH5;CDC19;EMI2;ICP55;LOG1;MRPS9;MSA2;NCA3;PRY2;RAS2;RCF2;SNX3;YSW1;ZRT1,530047;533672;538990,CKS1;GLO3;LAT1;SSA1;YCP4;YMR196W; YM9646.09
chr2:538990,ADE17_HYR1(Metformin);ADE17_HYR1(noDrug);ERV25_PIS1(Fluconazole);FMP45_MEP1(Fluconazole);FMP45_MID2(Fluconazole);RET2_EMP47(Fluconazole);RET2_EMP70(Fluconazole);TPO1_TCB2(Fluconazole),531481;532114;532411;535517;536475,ADH5;CDC19;EMI2;ICP55;LOG1;MRPS9;MSA2;NCA3;PRY2;RAS2;RCF2;SNX3;ZRT1,530047;533672;538990,CKS1;GLO3;LAT1;SSA1;YCP4;YMR196W; YM9646.09
chr2:542505,ERV25_PIS1(5-FC);MID2_TPO4(5-FC);SRO9_DHH1(5-FC);SRO9_GIS2(noDrug),542592;544218;544475;545985;545996;546739;547596;550124;550847,ADR1;ARA2;ARO7;ERG28;GID8;MCH4;MCH5;MIR1;MUP1;PHM7;POR1;RPB5;RTC2;SPP381;STE4;TBS1;TPN1;UGA3;YDR210W;YHB1;YMC2,542505;544518,ATP18;HIS5;ILS1
chr2:544518,FMP45_MID2(5-FC);FMP45_MID2(Trifluoperazine);FMP45_MID2(noDrug),542592;544218;544475;545985;545996;546739;547596;547966;550124;550847,ADR1;ARA2;ARO7;ERG28;GID8;MCH4;MCH5;MIR1;MUP1;PHM7;POR1;RIB7;RPB5;RTC2;SPP381;STE4;TPN1;UGA3;YDR210W;YHB1;YMC2,542505;544518,ATP18;HIS5;ILS1
chr2:544962,ERG11_ORM2(Trifluoperazine),542592;544218;544475;545985;545996;546739;547596;547966;550124;550847,ADR1;ARA2;ARO7;ERG28;GID8;MCH4;MCH5;MIR1;MUP1;PHM7;POR1;RIB7;RPB5;RTC2;SPP381;STE4;TPN1;UGA3;YDR210W;YHB1;YMC2,542505;544518,ATP18;HIS5;ILS1
chr2:552681,HUG1_ADE17(Trifluoperazine),542592;544218;545985;545996;546739;547596;547966;550124;550847,ADR1;ARA2;ARO7;ERG28;GID8;MCH4;MIR1;PHM7;POR1;RIB7;RPB5;RTC2;SPP381;STE4;TPN1;UGA3;YHB1;YMC2,552681,GAS1; GGP1;RFA2; BUF1
chr2:553949,HUG1_ADE17(Trifluoperazine),555518;555666,AMN1;CNS1,553949;555633;556553,ALD6; ALDH1;GLO2;GPD2; GPD3;GPP1; RHR2;GVP36;HXT3;MCK1; YPK1;SPE3;YHR020W
chr2:562919,ERG11_ERV25(noDrug);ERV25_ORM2(5-FC);HUG1_ALO1(Trifluoperazine);HUG1_ALO1(noDrug);HUG1_PGM2(5-FC);HUG1_PGM2(noDrug);MID2_MAM33(Trifluoperazine);MID2_MAM33(noDrug);MID2_PIN2(5-FC);PMC1_CTR2(Trifluoperazine);PMC1_CTR2(noDrug);PMC1_GTR2(noDrug);SRO9_DHH1(5-FC),563135;564639,DDR2;INH1;YDR209C,,
chr2:707848,ERV25_ORM2(Trifluoperazine);RET2_EMP70(5-FC);RET2_SNA3(5-FC),705106;707848;708909,ATG41;RRT2;YBL029W,,
chr2:722169,ERV25_ORM2(Trifluoperazine),722169;723281,ERG13;KSH1;MNC1,723281,STI1;VPH1
chr2:723281,ERV25_ORM2(5-FC),722169;723281,ERG13;KSH1;MNC1,723281,STI1;VPH1
chr2:744466,ERG11_ORM2(Fluconazole),742620;744063;745349,ARO2;BIT2;EFM2,,
chr2:74739,MID2_MAM33(Fluconazole),73448;73697,NUP170;PIB2,,
chr3:197297,ADE17_HYR1(5-FC),157998;158956;159894;163163;166390;175328;177081;179122;187655;191932;192715;196733;198164,BST1;CMD1;GEP5;HOP2;HPA3;MAK31;POF1;RER1;RNR4;RPS14A;SNT1;SUL1;TFB3;THI22;VPS36;YCL048W-A;YCL049C;YCR025C;YDR034C-A;YDR098C-A;YGR038C-A,186935;188979;189025;189052;190765;195779;196680;196733;197297;198615,APA1; DTP;ATP15;CCT5; TCP5;HIS4;HIS5;HSP10; CPN10;INH1;INO1;MRN1; PTR69;OYE2;QCR7;RNR4; CRT3;SCW10;SCW4;SHM2; SHMT2;SIM1; PBP3;SSZ1; PDR13;UTH1;YGL173C;YJL171C; J0512;YML131W; YM4987.04
chr3:198615,ADE17_PGM2(Metformin);ADE17_PGM2(Trifluoperazine);ADE17_PGM2(noDrug),157998;158956;159894;163163;166390;175328;177081;179122;187655;191932;192715;196733;198164,BST1;CMD1;GEP5;HOP2;HPA3;MAK31;POF1;RER1;RNR4;RPS14A;SNT1;SUL1;TFB3;THI22;VPS36;YCL048W-A;YCL049C;YCR025C;YDR034C-A;YDR098C-A;YGR038C-A,188979;189025;189052;190765;195779;196680;196733;197297;198615,APA1; DTP;ATP15;CCT5; TCP5;HIS4;HSP10; CPN10;INH1;INO1;MRN1; PTR69;OYE2;QCR7;RNR4; CRT3;SCW10;SCW4;SHM2; SHMT2;SIM1; PBP3;SSZ1; PDR13;UTH1;YGL173C;YJL171C; J0512;YML131W; YM4987.04
chr3:203261,ADE17_PGM2(Metformin),204750;204897,ALF1;APA1;AXL1;CBT1;CHA1;ERG20;HMS1;HPF1;IXR1;KAR4;PEX9;PFA5;PRD1;RIC1;RPL24A;STE4;SWC5;TGL5;TMA20;VAR1,203261;204854;204897,CBR1;CHC1;CKS1;COX4;CWP1;EFB1; TEF5;MBF1; SUF13;TRX1; TRX2;YDL130W
chr3:204854,ADE17_PGM2(5-FC);ADE17_PGM2(noDrug),204750;204897,ALF1;APA1;AXL1;CBT1;CHA1;ERG20;HMS1;HPF1;IXR1;KAR4;PEX9;PFA5;PRD1;RIC1;RPL24A;STE4;SWC5;TGL5;TMA20;VAR1,203261;204854;204897,CBR1;CHC1;CKS1;COX4;CWP1;EFB1; TEF5;MBF1; SUF13;TRX1; TRX2;YDL130W
chr3:204897,ADE17_PGM2(Trifluoperazine),204750;204897,ALF1;APA1;AXL1;CBT1;CHA1;ERG20;HMS1;HPF1;IXR1;KAR4;PEX9;PFA5;PRD1;RIC1;RPL24A;STE4;SWC5;TGL5;TMA20;VAR1,203261;204854;204897,CBR1;CHC1;CKS1;COX4;CWP1;EFB1; TEF5;MBF1; SUF13;TRX1; TRX2;YDL130W
chr3:247158,RET2_EMP70(Metformin),245631;246581,SED4;SSK22,242578;245238;247158,HIS5;MAM33;OAC1;TRP3
chr3:251255,ERG11_MID2(Metformin),248549;251323;252128;252633;253084;253903;255891;257205;258273,ARG8;CCW22;CSM1;FRE2;GAT2;GRX5;HUG1;IZH3;POT1;SER3;SPO22;SRB8;YGR266W,251255;251274;252801;256593;257462;258343;258579,"ARG5,6;GCG1;HRI1;RNR2; CRT6;SEC13; ANU3;TEF4; EFC1;THS1;TRP5;VMA5"
chr3:64656,MID2_TPO2(Fluconazole),63611;63878;64304,FMP52;SRO9;STE50,63929,HIS4
chr3:75503,TPO1_TPO2(Fluconazole),74346,TIP1,75863;76147,HBN1;INO1
chr4:1305853,RET2_SNA3(Metformin),1296240;1298073;1302530;1302786;1305496,ABF2;AEP2;COX16;FRD1;HFM1;MRX21;SMB1;TFC1;TSA1;UBA4;UME1,,
chr4:1306509,PLM2_SNA3(Metformin),1296240;1298073;1302530;1302786;1305496,ABF2;AEP2;COX16;FRD1;HFM1;MRX21;SMB1;TFC1;TSA1;UBA4;UME1,,
chr4:1311626,ALO1_ADE17(Fluconazole);ALO1_ADE17(Metformin);RET2_EMP47(5-FC),1316641;1318030;1318378;1318845;1320900,BUB3;CRH1;DCI1;DYN3;ERP3;GNT1;HEH2;HER2;MET31;PUF2;RDS2;SIP1;TOH1;YDR415C;YFH7;YJL119C,,
chr4:1316036,ALO1_HYR1(Metformin);PLM2_SNA3(Metformin),1316641;1318030;1318378;1318845;1320900,BUB3;CRH1;DCI1;DYN3;ERP3;GNT1;HEH2;HER2;MET31;PUF2;RDS2;SIP1;TOH1;YDR415C;YFH7;YJL119C,,
chr4:551365,FMP45_MID2(Fluconazole),546556,ARO3,,
chr4:605918,PMC1_CTR2(5-FC);PMC1_GTR2(5-FC),593676;593816;595029;599238;599731;600764;601251;601683;603685;605558,AIP1;EMA19;GVP36;HPF1;MRPL40;MSH6;MVD1;PDR12;PET18;PHO3;PHO81;SAM2;SED1;SHU2;TFB5;THI7;TOP3;ZPS1,598800;605918,"ARG5,6;GRX8;HXK2;VMA5;YDJ1; MAS5;YPS1; YAP3"
chr4:698339,ERG11_ORM2(Fluconazole),689337;690684;691713;691930;692593;694033;695620;697118;700621;703386;703521;708514;709553;713336,ADE12;ARC1;ARE1;ARF1;ARG4;ARO8;ARR1;ASN2;BET3;BFR1;BIM1;BNA3;BNA4;BRR1;BUB2;CAC2;CAF16;CAP1;CBR1;CCT8;CDC123;CDC21;CDC36;CHO1;CIR1;COA1;COS12;CPD1;CTK3;CUE4;DAL2;DCG1;DIT1;DPI35;EMC3;EMP47;ENT5;ERG12;ERG4;ERV1;ERV46;FCY1;FMP16;FOL3;FPR3;FPR4;FUS1;GCY1;GIM5;GOS1;GRH1;GTR2;HAP3;HAT2;HIS1;HIS3;HPA3;HTA1;HUT1;IES6;IRC25;ISC1;KAE1;KAR4;LAG1;LOT5;LSB3;LSB5;LSM5;LYS1;MAK32;MEU1;MEX67;MIT1;MLC1;MNT3;MRP1;MRPL9;MRS2;MST28;MTM1;MTO1;NCA3;NIT3;NPL6;NUP49;ODC2;OST1;PAN5;PMU1;POP5;POR2;PPM1;PRE5;PRE9;PRO2;PRO3;PST2;PTC1;PTC7;PUT3;RAS2;RFA2;RFC3;RPD3;RPN10;RRT2;RSM7;SEC65;SFG1;SHH3;SKI8;SLI1;SRB2;SRM1;SRP54;SST2;STE4;SUR7;SWM1;TIM54;TRP5;TUB4;TVP18;TVP23;URA5;VMA11;VMA16;VMA5;VMA9;XPT1;YCH1;YER010C;YHC3;YIP5;YKR018C;YLR112W;YLR225C;YMC1;YPT7;YRA2,693387,ERG13; HMGS
chr4:956734,ADE17_HYR1(Metformin);RET2_EMP47(5-FC);RET2_EMP47(noDrug);SSH1_ERG11(Metformin),956734;959283;960835;961189;961234;961561;962280;963941;965626;969630,COX26;ERG24;HMI1;HSP78;MNN14;MOD5;NCE102;NMA1;OAC1;PAM1;PDC5;PDH1;TCB2;WTM2;YAR010C;YDR338C;YJR028W;YLL053C;YMR265C;YOR192C-A;YPL245W;YPR137C-A,956734;957589;959283;960412;962979,ADE3;ATP1;ATP17;ATP19;ATP2;ATP3;ATP5; OSCP;ATP7;COR1; QCR1;COX12;CPS1; CPS;GOR1;GPD2; GPD3;GPP1; RHR2;HSP78;KGD1; OGD1;LSC1;NDE1; NDH1;NDI1;PET9; AAC2;QCR2
chr4:957589,ADE17_GIS2(noDrug),956734;959283;960835;961189;961234;961561;962280;963941;965626;969630,COX26;ERG24;HMI1;HSP78;MNN14;MOD5;NCE102;NMA1;OAC1;PAM1;PDC5;PDH1;TCB2;WTM2;YAR010C;YDR338C;YJR028W;YLL053C;YMR265C;YOR192C-A;YPL245W;YPR137C-A,956734;957589;959283;960412;962979,ADE3;ATP1;ATP17;ATP19;ATP2;ATP3;ATP5; OSCP;ATP7;COR1; QCR1;COX12;CPS1; CPS;GOR1;GPD2; GPD3;GPP1; RHR2;HSP78;KGD1; OGD1;LSC1;NDE1; NDH1;NDI1;PET9; AAC2;QCR2
chr4:979983,HNM1_TPO4(Metformin);RET2_SNA3(Metformin),1003824;1006085;1013882;1026744;975156;977428;979983;992705;996583;997624;998628,AAC3;AAP1;ACA1;AFR1;APA1;ASG7;BAR1;BEM2;BUD9;CHL4;DAL2;DBF2;DON1;DSF2;ECL1;EOS1;ERG28;FAA3;FET4;FIG2;FRE4;FRT2;GAT2;GCN2;GYP8;HYM1;ICS2;IMA3;IMA4;IME1;KAR5;LAC1;MAL32;MF(ALPHA)2;MIH1;MKC7;MLC1;MOR1;MRPL4;MSW1;NFG1;OPT2;PCL1;PCL2;PRM2;PRM4;PRP39;PSY2;RGC1;RKM4;RNH203;ROX1;RPI1;SAG1;SPO12;STE12;STE14;SUR2;VTC5;YAP6;YBP2;YDR124W;YDR261C-D;YDR261W-B;YDR262W;YGR027W-A;YHL017W;YHM2;YIL080W;YIL165C;YLR410W-B;YLR456W;YML131W;YMR209C;YOR343W-B;YPR196W,1000959;973283;974689;974882;974883;975090;975149;975354;976036;976174;976264;997624;998174,BFR1;CDC48;DLD2; AIP2;GCV1;GND1;HBN1;HSP26;MDH1;SDH2;SER3;TDH1;UTR2; CRH2;YHB1; YHB;YML131W; YM4987.04;YPR127W;ZEO1
chr5:216840,SSH1_ERG11(Metformin),214752;216589;217039,ASN1;ERG25;GLY1;IGO2;KRE29;RTT103;SMB1;SSU72;YPT31,214406;214752;215862;217319,"ABF2; HIM1;ARG5,6;GPD1;GPD2; GPD3;HXT3;MDH1;PDA1;PST2"
chr5:223004,ERG11_TPO4(Metformin),222253;222592,EEB1;YPD1,,
chr5:225569,ERG11_TPO4(Metformin),225494,YGR050C,225501,ARB1
chr5:227110,ERG11_TPO4(Metformin),228468;229119;229833;237481;238917,AAC1;APA1;EDC2;GAP1;HVG1;YER034W;YIL080W,239147,CPS1; CPS
chr5:249350,FMP45_HNM1(Fluconazole);MID2_TPO4(Fluconazole);SSH1_ORM2(Fluconazole),246845;247354,HXK2;YKR075C;YLR108C,246143,TIM10; MRS11
chr5:251602,FMP45_HNM1(Fluconazole),256810,RSM18,251756;253670,HBN1;TPA1
chr5:251756,MID2_TPO4(Fluconazole);SSH1_ORM2(Fluconazole),256810,RSM18,251756;253670,HBN1;TPA1
chr5:271971,ERG11_ACF2(Fluconazole),269977;272259;273721,CEM1;HMF1;PDR11;SPO22,272558,HIS1
chr5:274156,DHH1_LSM3(Fluconazole);FMP45_HNM1(Fluconazole);HNM1_ERG11(Fluconazole);PMC1_GTR2(Fluconazole);SRO9_DHH1(Fluconazole);SSH1_ERV25(Fluconazole);TPO1_MID2(Fluconazole);TPO1_TPO2(Fluconazole),269977;272259;273721,CEM1;HMF1;PDR11;SPO22,272558,HIS1
chr5:274280,ERG11_ACF2(Fluconazole),283424;283533,ELM1;RRT13,,
chr5:274601,HNM1_MID2(Fluconazole),283424;283533,ELM1;RRT13,,
chr5:279640,FMP45_HNM1(Fluconazole);RET2_EMP70(Fluconazole);SSH1_ORM2(Fluconazole);SSH1_PIS1(Fluconazole),283424;283533,ELM1;RRT13,,
chr5:279872,GTR1_SLM4(Fluconazole);PLM2_HNM1(Fluconazole),283424;283533,ELM1;RRT13,,
chr5:283807,ERG11_ERV25(Metformin);HNM1_ERG11(Fluconazole),283424;283533,ELM1;RRT13,,
chr5:284696,HUG1_ALO1(Fluconazole);HUG1_PGM2(Fluconazole);RET2_EMP47(Fluconazole);SSH1_ERV25(Fluconazole),283424;283533,ELM1;RRT13,,
chr5:285154,DHH1_LSM3(Fluconazole);ERV25_ORM2(Fluconazole);SNA4_VAC8(Fluconazole),283424;283533,ELM1;RRT13,,
chr5:290932,HNM1_ERG11(Fluconazole);RET2_EMP47(Fluconazole),298538;308000,MKC7;RNR1,293706;302362,KRS1; GCD5;SCW10
chr5:293310,ERG11_ERV25(Metformin),298538;308000,MKC7;RNR1,293706;302362,KRS1; GCD5;SCW10
chr5:33720,RET2_EMP70(noDrug),34493;37441,CAN1;SRN2,32038;33814;33851;35048;37398;38037,ALD4;ATP1;ATP17;ATP2;ATP3;ATP4;ATP5; OSCP;CIT1;COR1; QCR1;COX12;GOR1;GPP1; RHR2;HXK2;MDH1;PET9; AAC2;POR1;QCR2;SDH2
chr5:38200,FMP45_HNM1(noDrug),34493;35947;37441,CAN1;NPR2;SRN2,32038;33814;33851;35048;37398;38037,ALD4;ATP1;ATP17;ATP2;ATP3;ATP4;ATP5; OSCP;CIT1;COR1; QCR1;COX12;GOR1;GPP1; RHR2;HXK2;MDH1;PET9; AAC2;POR1;QCR2;SDH2
chr5:44304,ALO1_ADE17(5-FC);RET2_EMP70(noDrug),42051;43494;44529;55841,ABZ2;ARF2;BLS1;CNB1;FUN14;HHY1;MRP8;POL5;RBK1;TOD6;YET1,42740;57276,GLK1; HOR3;PDA1
chr5:465043,HUG1_ALO1(Fluconazole),469404,YDR524C-B,,
chr5:90716,HNM1_TPO2(Metformin),90719,COS2;COS3,90720,DOA1
chr5:98040,HNM1_RBD2(Fluconazole),98089;99489,PIP2;SPF1;VMA3;YEL025C,98040;98089;99314,ADH1; ADC1;HSP12;TCB3
chr6:167610,ADE17_HYR1(Fluconazole),167198,SMC6;SYH1,,
chr6:175273,SSH1_PIS1(Fluconazole),168984;169591;169872;170423;170794;172334;172581;172612;174519;175576;176010;176410;178052;178069,ADE2;AFI1;AQY2;ARG3;BOL3;CHA4;CIN8;CMK1;CSE1;ENV11;GRS1;INH1;IOC3;LEU3;LRG1;LYP1;MBP1;MIX17;NSE5;NUP120;NUP84;NUT1;ORC2;POP1;RGR1;SAP190;SEC15;SPC98;STO1;THR4;TIM11;YLR410W-B;YNL208W;YSP2,173904,RPS13; RPS13C
chr6:179311,ERG11_ACF2(Fluconazole);SSH1_ORM2(Fluconazole),168984;169591;169872;170423;170794;172334;172581;172612;174519;175576;176010;176410;178052;178069,ADE2;AFI1;AQY2;BOL3;CHA4;CIN8;CMK1;CSE1;ENV11;GRS1;INH1;LEU3;LRG1;LYP1;MBP1;MIX17;NSE5;NUP120;NUP84;NUT1;ORC2;POP1;RGR1;SAP190;SEC15;SPC98;STO1;THR4;TIM11;YLR410W-B;YNL208W;YSP2,173904,RPS13; RPS13C
chr6:180643,SSH1_ORM2(Fluconazole),182652;186433;187771,CSS2;HED1;RCO1,184860,RPF2
chr6:245506,ERG11_ERV25(Fluconazole),229348;229349;231098;232619;239478;242390,CNN1;EXG1;FET4;HFM1;PAD1;PRP24;RMD8;YLR287C,244245;245636,BNA6; QPT1;THR4
chr6:245636,HNM1_TPO1(Fluconazole),229348;229349;231098;232619;239478;242390,CNN1;EXG1;FET4;HFM1;PAD1;PRP24;RMD8;YLR287C,244245;245636,BNA6; QPT1;THR4
chr7:412555,ERG11_ORM2(Metformin),409847;409886;411461;412277,ALG13;FAA3;MSI1;SLC1;YDR261W-B,409847;409966;412555,ADE3;ERG1;PSA1;RPS1B
chr7:417241,ERG11_ORM2(Metformin),414752;415592;416947;418232;420882;425446;427479;427600;430559;431867;432654,AQY2;CIR2;CRP1;CSE2;ERV14;FMP25;GAL4;HNT1;INA1;MGR2;MYG1;NIT1;ROF1;SNF3;TBS1;TDH2;YAH1;YIL168W;YJR012C;YLL053C,416060;416657;417241;418232;424620;424652,DST1; PPR2;LEU4;SUB2;TAL1;YBR009C; YNL030W
chr7:458896,SSH1_ERG11(Fluconazole),454799;454850;455625;455735;456180;456426;456812;457220;457631;458281;458896,AAP1;ALD6;CAF16;CLB1;CLN3;CWC25;DUG3;EAF5;EAR1;EKI1;FUS3;GAS5;GCD6;GSC2;HSP30;MET1;MET10;MET14;MET17;MET31;MNN9;NCE102;PDC6;PMA2;PRY1;PUF4;RER2;SET5;SHC1;SPS100;SRB7;URA3;YBR287W;YDL218W;YGK3,455735,YHB1; YHB
chr7:462915,SSH1_ERG11(Fluconazole),460330;460726;461146;461612;461875;462915;464215;464965;465310;465503;465905;466404;467387;467473,AMA1;APA1;ATG19;BNA5;BOP3;CBF5;CKB1;CUR1;CWP2;DDP1;DNF2;DUR3;ECL1;EST3;FCP1;FCY21;FET4;FIT2;FMP46;GPA2;GRS1;HAM1;HSP26;ICS2;ICY1;IDP3;IPT1;KAP122;LTE1;LYS12;MDY2;MEO1;MKC7;MNN1;MNT4;NAT3;NCA3;OAR1;PEX18;PHM8;PHO8;PLB2;PMT5;POT1;PST1;RDL2;RPI1;SCS22;SDL1;SED1;SFC1;SGA1;SHH3;SHR5;SIT1;SNQ2;SSA4;SSE2;SSK22;SUR2;TCB2;TDH1;TPO2;TPO4;TRP5;TRX3;TUB1;UBP10;UBX6;VPS30;WSC4;YBR085C-A;YDR222W;YEH1;YER152C;YGR035C;YJR096W;YKL107W;YKR041W;YLR053C;YLR297W;YOR1;YOR292C,460447,ZWF1; MET19
chr7:467332,ERG11_MID2(Fluconazole);ERG11_TPO4(Fluconazole);ERV25_ERG5(Fluconazole),460330;460726;461146;461612;461875;462915;464215;464965;465310;465503;465905;466404;467387;467473,AMA1;APA1;ATG19;BNA5;BOP3;CBF5;CKB1;CUR1;CWP2;DDP1;DNF2;DUR3;ECL1;EST3;FCP1;FCY21;FET4;FIT2;FMP46;GPA2;GRS1;HAM1;HSP26;ICS2;ICY1;IDP3;IPT1;KAP122;LTE1;LYS12;MDY2;MEO1;MKC7;MNN1;MNT4;NAT3;NCA3;OAR1;PEX18;PHM8;PHO8;PLB2;PMT5;POT1;PST1;RDL2;RPI1;SCS22;SDL1;SED1;SFC1;SGA1;SHH3;SHR5;SIT1;SNQ2;SSA4;SSE2;SSK22;SUR2;TCB2;TDH1;TPO2;TPO4;TRP5;TRX3;TUB1;UBP10;UBX6;VPS30;WSC4;YBR085C-A;YDR222W;YEH1;YER152C;YGR035C;YJR096W;YKL107W;YKR041W;YLR053C;YLR297W;YOR1;YOR292C,460447,ZWF1; MET19
chr7:467497,ERV25_ORM2(Fluconazole),460330;460726;461146;461612;461875;462915;464215;464965;465310;465503;465905;466404;467387;467473,AMA1;APA1;ATG19;BNA5;BOP3;CBF5;CKB1;CUR1;CWP2;DDP1;DNF2;DUR3;ECL1;EST3;FCP1;FCY21;FET4;FIT2;FMP46;GPA2;GRS1;HAM1;HSP26;ICS2;ICY1;IDP3;IPT1;KAP122;LTE1;LYS12;MDY2;MEO1;MKC7;MNN1;MNT4;NAT3;NCA3;OAR1;PEX18;PHM8;PHO8;PLB2;PMT5;POT1;PST1;RDL2;RPI1;SCS22;SDL1;SED1;SFC1;SGA1;SHH3;SHR5;SIT1;SNQ2;SSA4;SSE2;SSK22;SUR2;TCB2;TDH1;TPO2;TPO4;TRP5;TRX3;TUB1;UBP10;UBX6;VPS30;WSC4;YBR085C-A;YDR222W;YEH1;YER152C;YGR035C;YJR096W;YKL107W;YKR041W;YLR053C;YLR297W;YOR1;YOR292C,460447,ZWF1; MET19
chr7:469647,ERG11_HYR1(Fluconazole);ERG11_MID2(Fluconazole);ERV25_ORM2(Fluconazole),470028;471518;471870;472038;473502;473949;474296;474600;474708;475388;476814;478509;481776;483277;485184;487937;489418;496647;501547;507742;508084,ALR2;APE1;ARE1;ARH1;ARO2;BAT1;CAR2;CBP1;CCW22;CIS1;CSA1;CTF13;CTF18;CTP1;CYC8;DAL5;DSE4;DUT1;ELP4;EMW1;ERG27;FMP45;GRE2;HMO1;HOR7;HPT1;HTA2;HUL4;HYR1;IMD3;IRC24;IXR1;KTI12;LDB19;LEU2;MOD5;MOR1;MRX1;NAM7;NCL1;NRP1;OAC1;OCH1;OPI10;PCL7;PDR3;PGA3;PMP3;PNS1;POR2;PRP18;PSK2;PUN1;PUT1;RAP1;RAS1;RFC4;RIE1;RPO26;RSC4;SAE2;SAM3;SEC12;SIA1;SIR3;SKG6;SLI15;SMC3;SOD1;SRO77;STE4;TAT2;TFA1;TFG2;TIF34;TOP1;TRR2;TUB2;UFD1;UPC2;URE2;URN1;VBA1;VMS1;VVS1;YBL029W;YCK2;YCR051W;YGL039W;YMR173W-A;YNL134C;YNL277W-A;YPL068C;YPR127W;YPR172W;YRO2;YTA6;ZRT2,471518;472246;477678;477857,ADH5;BAT1;HXT3;LEU1;LEU2;OAC1;PDR16; SFH3;URA1
chr7:469734,ERG11_TPO4(Fluconazole);ERV25_ERG5(Fluconazole);SSH1_ERG11(Fluconazole),470028;471518;471870;472038;473502;473949;474296;474600;474708;475388;476814;478509;481776;483277;485184;487937;489418;496647;501547;507742;508084,ALR2;APE1;ARE1;ARH1;ARO2;BAT1;CAR2;CBP1;CCW22;CIS1;CSA1;CTF13;CTF18;CTP1;CYC8;DAL5;DSE4;DUT1;ELP4;EMW1;ERG27;FMP45;GRE2;HMO1;HOR7;HPT1;HTA2;HUL4;HYR1;IMD3;IRC24;IXR1;KTI12;LDB19;LEU2;MOD5;MOR1;MRX1;NAM7;NCL1;NRP1;OAC1;OCH1;OPI10;PCL7;PDR3;PGA3;PMP3;PNS1;POR2;PRP18;PSK2;PUN1;PUT1;RAP1;RAS1;RFC4;RIE1;RPO26;RSC4;SAE2;SAM3;SEC12;SIA1;SIR3;SKG6;SLI15;SMC3;SOD1;SRO77;STE4;TAT2;TFA1;TFG2;TIF34;TOP1;TRR2;TUB2;UFD1;UPC2;URE2;URN1;VBA1;VMS1;VVS1;YBL029W;YCK2;YCR051W;YGL039W;YMR173W-A;YNL134C;YNL277W-A;YPL068C;YPR127W;YPR172W;YRO2;YTA6;ZRT2,471518;472246;477678;477857,ADH5;BAT1;HXT3;LEU1;LEU2;OAC1;PDR16; SFH3;URA1
chr7:779852,MID2_TPO2(Metformin),779852,SYN8,784494,LYS4; LYS3
chr7:785665,MID2_TPO2(Metformin),786402;786669,IES6;NAT2,,
chr7:798650,MID2_TPO2(Metformin),796731;798399;799244;801370;804812,GCV1;GPC1;GTO1;KSH1;SPC19;YDR340W,,
chr7:92844,ERG11_HYR1(Fluconazole),100285;100717;91031;91652;92820;92892;95396;95510;95788;99361,AAR2;AIM29;ALG11;ALT1;AXL1;CDC73;CLG1;CTR2;EPL1;ERP6;GRX7;HOS1;LSM7;MLO50;MSS4;NCS6;PDB1;PNT1;POX1;PSG1;SEN54;SFI1;SOK1;STE5;SUC2;VPS35;YBR220C;YGR161W-C;YMR119W-A,98223,YRA1
chr8:120385,ERG11_HYR1(Fluconazole);ERV25_ERG5(Fluconazole),110970;113512;114934;115977;116330;116378;117504;118187;121315;121733;121745;122207;122370,ACT1;ADE12;ADE4;AGC1;AIM10;AIM9;ALG12;ANP1;APL1;ARC18;ATG5;ATS1;BNA1;BOP3;BUD14;CAM1;CAP2;CHS1;CHS3;CLN2;CTS1;CUE3;CWP1;DAD1;DCN1;DIA1;DIE2;DOT5;DSF1;EAR1;ERG11;ERR1;ERR2;ETP1;EXO70;FET5;FRD1;FRE2;FRK1;GAL80;GFA1;GIS3;GOT1;GPH1;GPI16;GRS2;HFM1;HHT1;HOR7;HOS2;HRQ1;HTZ1;HXT1;IAH1;IKS1;INP53;KEI1;KIP1;KSS1;LRG1;MAS2;MCM3;MET14;MPT5;MRL1;MRPL1;MSM1;MUD1;MUP1;NHP6A;NRG2;NTA1;NUP49;ORM2;PAC2;PAL2;PAM1;PCM1;PDR11;PDR12;PIK1;PIR5;PMP1;PMT6;POC4;POT1;PPG1;PRM15;PRY1;PRY2;PSY2;REC8;RFA3;RGA1;RGA2;RMD5;RPS29A;RTS1;SCS22;SCW4;SED5;SFB3;SGT2;SHH4;SIA1;SIS1;SRL3;SSA4;SSN3;SUC2;SUT2;SYC1;TCO89;TDH1;TGL5;THI21;TMT1;TPH3;TRP1;TYE7;UBC4;UGP1;UPS3;VMR1;WBP1;YAL037W;YAR010C;YBR225W;YER137C;YGK1;YGR067C;YGR117C;YGR266W;YHR131C;YHR140W;YIL067C;YJR028W;YJR142W;YML116W-A;YMR050C;YMR226C;YMR304C-A;YNL035C;YNL046W;YOR389W;YPL191C;YPQ2;YPR137C-A;YPR172W,117153;119122;122014;122347,ADH6;ENO1;ERG11; CYP51;IDH1;YHB1; YHB
chr8:122347,ERG11_PIS1(Fluconazole),110970;113512;114934;115977;116330;116378;117504;118187;121315;121733;121745;122207;122370,ADE12;ADE4;AGC1;AIM10;AIM9;ALG12;ANP1;ARC18;ATS1;BNA1;BOP3;CAM1;CAP2;CHS1;CHS3;CLN2;CUE3;CWP1;DAD1;DCN1;DIA1;DIE2;DOT5;DSF1;EAR1;ERG11;ERR1;ERR2;ETP1;EXO70;FET5;FRD1;FRK1;GAL80;GFA1;GIS3;GOT1;GPH1;GPI16;GRS2;HFM1;HHT1;HOR7;HRQ1;HTZ1;HXT1;IAH1;IKS1;INP53;KEI1;KIP1;KSS1;MAS2;MCM3;MET14;MPT5;MRL1;MRPL1;MSM1;MUD1;MUP1;NHP6A;NRG2;NTA1;ORM2;PAC2;PAL2;PAM1;PCM1;PDR11;PDR12;PIK1;PIR5;PMP1;PMT6;POC4;POT1;PPG1;PRM15;PRY2;PSY2;REC8;RFA3;RGA1;RGA2;RMD5;RPS29A;RTS1;SCS22;SCW4;SED5;SFB3;SGT2;SHH4;SIA1;SIS1;SRL3;SSA4;SSN3;SUC2;SYC1;TCO89;TDH1;TMT1;TPH3;TRP1;TYE7;UBC4;UGP1;UPS3;VMR1;WBP1;YAL037W;YAR010C;YBR225W;YGR067C;YGR117C;YHR131C;YHR140W;YIL067C;YJR028W;YJR142W;YML116W-A;YMR050C;YMR226C;YMR304C-A;YNL035C;YNL046W;YOR389W;YPL191C;YPQ2;YPR137C-A;YPR172W,122014;122347,ENO1;ERG11; CYP51;YHB1; YHB
chr8:122655,ERG11_ORM2(Fluconazole),110970;113512;114934;115977;116330;116378;118187;121315;121733;121745;122207;122370,ADE4;AGC1;AIM10;AIM9;ALG12;ANP1;ARC18;ATS1;BNA1;BOP3;CHS1;CLN2;CUE3;CWP1;DCN1;DIA1;DOT5;DSF1;ERR1;ERR2;ETP1;EXO70;FET5;GFA1;GIS3;GOT1;GPH1;GPI16;GRS2;HFM1;HRQ1;HXT1;IAH1;IKS1;KIP1;KSS1;MAS2;MPT5;MRL1;MRPL1;MSM1;MUD1;MUP1;NRG2;NTA1;ORM2;PAC2;PAL2;PCM1;PDR11;PIK1;PMP1;POT1;PRM15;PRY2;REC8;RGA1;RGA2;RMD5;RPS29A;SCS22;SED5;SFB3;SGT2;SHH4;SIA1;SIS1;SRL3;SSA4;SSN3;SYC1;TCO89;TDH1;TMT1;TRP1;TYE7;UBC4;UPS3;WBP1;YAL037W;YAR010C;YBR225W;YGR067C;YGR117C;YHR140W;YJR028W;YJR142W;YMR050C;YNL035C;YOR389W;YPL191C;YPR137C-A;YPR172W,122014;122347,ENO1;ERG11; CYP51;YHB1; YHB
chr8:24772,ERG11_ORM2(Fluconazole),14947;16308;16733;21911;24772;25432;33337,CBP2;MNC1;MSR1;RKM1;TSC13;YIL014C-A;YPR097W,,
chr8:455783,MID2_TPO2(Fluconazole),455745;456019;456475;457580;459310;460316;460606;461438,ALG9;ATG7;CIA2;ECM38;ECM7;FZF1;GEP5;GGC1;GLY1;GND1;HEM1;HIS7;HOG1;IML3;MIM1;MIR1;MNN5;MPH1;NCS2;NHP6B;NRE1;PEX21;PHO23;PTP3;RIB7;SPS18;TAL1;TBS1;VPS68;YDR230W;YGR026W;YHR112C;YLR407W;YMR315W;YNL203C;YNL205C;YPT1,455745;455783;455785;458155;458435;459723;460316,ADH6;COX20;GND1;GOR1;LSO2;SOL3;SVF1; SGI1;TAL1;TKL1;YBR126C;YMR315W; YM9924.07
chr8:56351,ERG11_HYR1(Fluconazole);SSH1_ERG11(Fluconazole),51314;53770;55458;56250,ALR2;RIM4;VFA1;YEL1;YHL026C,,
chr8:62723,SSH1_ERG11(Fluconazole),60764;62587;63279;63324;63582,ADK1;CPR7;EFM1;EFM5;IRC23;NPR3;RIT1;THI7,,
chr8:63915,ERG11_ORM2(Fluconazole);ERV25_EMP47(Fluconazole),60764;62587;63279;63324;63582,ADK1;CPR7;EFM1;EFM5;IRC23;NPR3;RIT1;THI7,,
chr8:65889,ERG11_ORM2(Fluconazole);ERV25_ORM2(Fluconazole),64729;65200,DXO1;HFI1;YIR020C,65889,YPK1; SLI2
chr8:71740,ERV25_ERG5(Fluconazole),69126;69672;70108;70548;70875;71421;71830,ADH1;COG4;ECM22;EOS1;ERG29;FKH1;HXT2;STB5;UPC2;URA4;YGR039W;YHL017W;YPT11,,
chr9:144955,HNM1_TPO4(Fluconazole),129784;130294;130461;130771;131563;132615;133869;134277;134641;135647;138029;138495;138636;139367;141013;141022;141321;142906;143092;144699,AAC1;AAC3;ABP1;AGP2;AHP1;AIM23;ALD3;ALG8;APA2;APL3;AQR1;ARC35;ARO2;ARO7;ARO8;ASN2;AST1;AST2;ATG33;ATG39;ATG40;ATG42;ATG7;ATG8;ATG9;ATP18;ATP19;ATP20;ATP3;BAP2;BDH2;BNA3;BUD20;CAB2;CAJ1;CAP1;CAT5;CDH1;CHL1;CIT1;CKS1;CMP2;CMR2;COR1;COS111;COX4;COX6;COX8;CUB1;CWP1;DAK1;DDR2;DML1;DPH5;ECM19;ECM31;EDC2;ERS1;EST3;ETR1;FLR1;FMP10;FRE1;FSH3;GCR1;GIC1;GLO2;GPI12;GRE2;HAP4;HFM1;HIS3;HPM1;ICY1;IKS1;IML2;INH1;ISA1;JHD2;JIP4;LPD1;LSB6;MAE1;MBR1;MCH4;MCP1;MDH2;MDH3;MDM1;MDY2;MGL2;MGM101;MHP1;MIM2;MLO1;MNN4;MOG1;MRPL23;MRS1;MSC1;MUP1;MVD1;NAB6;NCE102;NDE2;NDI1;NNK1;NNR1;NNT1;NPA3;NRG1;NRT1;OAC1;OCH1;OSH6;PCS60;PDC6;PIG2;PLB3;PLC1;PNP1;PPA2;PRP38;PST1;QCR10;QCR2;QCR6;QCR8;RCI50;RIP1;RMI1;ROD1;RPA14;RPI1;RPL16B;RPM2;RPS22B;RRP45;RUP1;SAF1;SAM4;SCD5;SCP1;SDH1;SDH3;SDH4;SDH6;SIA1;SKS1;SLA2;SLD5;SPC105;SSO2;SUL2;TCM62;TDA10;TDA4;TDH1;TKL2;TMA22;TSC10;TSC13;UBC5;VHS1;VHS3;VHT1;VMA13;VPS68;VRP1;WSC3;WTM1;YAP6;YBR096W;YCL048W-A;YCL049C;YDR476C;YFR006W;YGP1;YGR107W;YGR210C;YHR138C;YHR140W;YJL163C;YJL213W;YKL202W;YLR030W;YMC2;YMR007W;YMR173W-A;YMR253C;YNL115C;YOR053W;YOR062C;YPF1;YPL088W;YTP1;YVH1,132718;136028;136044;136134;136172;136579;136619;137267;138029;138636;138792;139216;139266;139442;142542;144386;144699;144955,"AAC1;AAC3;ABF2; HIM1;ADE12;ADE13;ADE3;ADE5,7;ADE6;ADH3;ADH5;ADH6;ADO1;AIM45;ALD4;APA1; DTP;ARC18;ARG1;ARG4;ARG7; ECM40;ARO4;ATP1;ATP15;ATP17;ATP18;ATP19;ATP2;ATP20;ATP3;ATP4;ATP5; OSCP;ATP7;BAT1;BGL2; SCW9;CDC19; PYK1;CDC3;CDS1; CDG1;CIT1;CIT2;COR1; QCR1;COX12;COX13;COX17;COX2; OXI1;COX4;COX5A;COX6;COX8;COX9;CPA2;CPR3; CYP3;CPS1; CPS;CYC3;CYT1; CTC1;DLD1; DLD;DLD2; AIP2;DLD3;DUG1;ECM19;ECM33;EHT1;EIS1;ERG10;ERG13; HMGS;FAA1;FAA4;FRD1;FRS1;FUM1;GAD1;GAP1;GAS1; GGP1;GCV1;GDH1; URE1;GIN4;GLN1;GLO2;GND2;GOR1;GPD1;GPP1; RHR2;GRX5;GRX8;GUT2;GVP36;HBN1;HEM13;HEM2;HIS4;HOM2;HOM3;HSP104;HSP26;HSP60; MIF4;HXK2;HXT3;INH1;KGD1; OGD1;KGD2;LAP3;LAT1;LEU2;LEU4;LSC1;LSC2;LSM6;LSP1;LYS1;LYS12;LYS2;LYS20;LYS21;MAE1;MAM33;MAS1; MIF1;MCR1;MDH1;MDH3;MEF1;MES1;MET13;MGE1;MIA40; TIM40;MIC10;MIC19;MIC60;MIR1;MRP1;MRX4;MVD1;NDE1; NDH1;NDI1;NHP6A; NHPA;OYE2;PBP4;PET10;PET9; AAC2;PFK1;PHB1; PHB;PHB2;PIL1;PLB2;PMI40;POR1;PRX1;PRY1;PSA1;PST1; HPF2;PYC1; PYV;QCR2;QCR7;RIM1;RIP1;RNQ1;RPL8A;RSM19;RTN1;SDH1; SDHA;SDH2;SDH3; CYB3;SDH8; FMP21;SER3;SHM1; SHMT1;SIS1;SOD2;SPE3;SSA1;SSC1; ENS1;SUP45;TDH2; GPD2;THR1;THR4;TIM10; MRS11;TIM11; ATP21;TIM13;TIM44;TIM9;TPS2; PFK3;TRP5;TSL1;TUF1; TUFM;YCR084C;YDR341C; D9651.10;YDR432W;YHB1; YHB;YME1;YMR315W; YM9924.07;YPR010C-A;YPR127W;YPS1; YAP3;ZRT1"
chr9:198850,ERG11_ORM2(Metformin),200457;201167;201607,AVT7;KTR7;PRB1;YPS3,,
chr9:204151,SNA4_VAC8(Metformin),200457;201167;201607,KTR7;PRB1;YPS3,,
chr9:226182,ALO1_ADE17(Fluconazole);HUG1_ALO1(Fluconazole),212523;213605;213953;214397;215993;216335;219192;222311;227301;233049;238662;240673,ARC15;ATG32;ATG41;ATM1;ATR2;BDF2;BNA3;CSM2;CYS4;FMO1;GRX8;GSH1;GTO1;HOM6;JLP1;MET1;MET10;MET14;MET16;MET17;MET2;MET22;MET28;MET3;MET32;MET5;MET8;MHT1;MMF1;MRS3;NIT1;PDC6;RAD59;RCI37;RHO5;RPS24B;SER33;SOL3;SPC1;SPO22;SUL1;SUL2;SVS1;THS1;YCT1;YHR112C;YIL165C;YNL208W,,
chr9:242937,ALO1_ADE17(Fluconazole),243202,RNR3,243529,ADE13
chr9:243786,HNM1_TPO2(Fluconazole),243202,RNR3,243529,ADE13
chr9:244863,ALO1_ADE17(Fluconazole),244618,HSL1;OPT1,,
chr9:249625,ALO1_ADE17(Fluconazole),249562;250521;250881;251559;251980;253318,FDC1;PAD1;RPL34B;SSK22;YHL026C;YNL277W-A;ZRT2,249562;249625;250484;252109;253139,GAD1;GGC1;GPP1; RHR2;MIC60;YMR090W; YM9582.15
chr9:250484,ALO1_ADE17(5-FC);ALO1_ADE17(Metformin);ALO1_ADE17(Trifluoperazine);ERV25_UIP4(noDrug),249562;250521;250881;251559;251980;253318,FDC1;PAD1;RPL34B;SSK22;YHL026C;YNL277W-A;ZRT2,249562;249625;250484;252109;253139,GAD1;GGC1;GPP1; RHR2;MIC60;YMR090W; YM9582.15
chr9:250581,ERV25_EMP47(noDrug),249562;250521;250881;251559;251980;253318,FDC1;PAD1;RPL34B;SSK22;YHL026C;YNL277W-A;ZRT2,249562;249625;250484;252109;253139,GAD1;GGC1;GPP1; RHR2;MIC60;YMR090W; YM9582.15
chr9:251030,HUG1_ADE17(Fluconazole),249562;250521;250881;251559;251980;253318,FDC1;PAD1;RPL34B;SSK22;YHL026C;YNL277W-A;ZRT2,249562;249625;250484;252109;253139,GAD1;GGC1;GPP1; RHR2;MIC60;YMR090W; YM9582.15
chr9:254003,ERG27_ACF2(Metformin);HNM1_RBD2(Metformin);TPO1_MID2(Fluconazole);TPO1_TCB2(Metformin);TPO1_TPO2(noDrug),249562;250521;251559;251980;253318,FDC1;SSK22;YHL026C;YNL277W-A;ZRT2,249562;250484;252109;253139,GAD1;GGC1;GPP1; RHR2;MIC60
chr9:254108,ALO1_HYR1(Fluconazole);HNM1_RBD2(Metformin),254261;256045;256089;256581,CYS3;MET31;PMI40;YIL055C;YOR248W,254891,SEC7
chr9:254311,ALO1_ADE17(5-FC);ALO1_ADE17(Trifluoperazine);ERV25_EMP47(noDrug),254261;256045;256089;256581,CYS3;MET31;PMI40;YIL055C;YOR248W,254891,SEC7
chr9:254355,ALO1_ADE17(noDrug),254261;256045;256089;256581,CYS3;MET31;PMI40;YIL055C;YOR248W,254891,SEC7
chr9:257575,ALO1_ADE17(5-FC);ALO1_ADE17(Trifluoperazine);ERV25_EMP47(noDrug);HUG1_ADE17(5-FC),257605,TDA6,258345,MMF1; IBM1
chr9:261156,ALO1_ADE17(5-FC);ALO1_ADE17(Trifluoperazine);ALO1_ADE17(noDrug),261061;266933;267785,ADI1;PAN6;YIL024C,,
chr9:264604,ERV25_EMP47(noDrug),261061;266933;267785,ADI1;PAN6;YIL024C,267785,BUD21; UTP16
chr9:270121,ALO1_HYR1(5-FC);ALO1_HYR1(Metformin);ERG27_ACF2(Metformin);HUG1_ALO1(5-FC),270121,AGE2;LSM1;YJL107C;YNR029C,,
chr10:359824,ERG11_ERV25(noDrug);MID2_TPO4(noDrug),,,359824,ACO2;ATP15;CCT8
chr10:618031,RET2_SNA3(Fluconazole),,,611690;615292;618031,TKL2;URA8;YJR096W; J1926
chr11:234262,GTR1_SLM4(Trifluoperazine),,,234262,ISD11;NOP1; LOT3
chr12:1019132,RET2_EMP47(Metformin),,,1019132,ECM19;OLA1;PRT1; CDC63;RPL8B;RPS29B;TPM1;TSA1;YPT1; YP2
chr12:19930,GTR1_SLM4(Fluconazole);HNM1_RBD2(Fluconazole);MID2_PIN2(Fluconazole);PLM2_HNM1(Trifluoperazine);PLM2_SNA3(5-FC);PLM2_SNA3(Fluconazole);PLM2_SNA3(Trifluoperazine);PLM2_SNA3(noDrug);RET2_EMP47(Fluconazole);SRO9_DHH1(Fluconazole),,,19930,MDH3;PIL1
chr12:547680,ERG11_HYR1(5-FC),,,547680,HOM3;HXT3;RPE1
chr12:87080,ERG11_TPO4(5-FC);MID2_WSC2(Metformin),,,87080,POR1
chr12:873682,ERV25_EMP47(5-FC),,,873682,APE1;FAA1;ILV3;SSC1; ENS1;YCP4
chr13:268101,MID2_TPO4(Fluconazole),,,268101,ABF2; HIM1
chr13:353678,MID2_TPO4(Fluconazole),,,353678,BRP1
chr14:257173,HNM1_RBD2(Metformin),,,256840;257173,GDA1;LYS21;PGK1;SCL1
chr14:599354,ERG11_ERG5(Fluconazole),,,599354,ACH1;ATP5; OSCP;LSC1;MDH1;TUF1; TUFM
chr14:7114,ERV25_UIP4(Trifluoperazine);HNM1_MAM33(Metformin);HNM1_MAM33(Trifluoperazine),,,7114,COP1;SEC26;STE24; AFC1
chr15:194895,HNM1_RBD2(Metformin);HNM1_TPO1(Fluconazole);SSH1_ERV25(Metformin);SSH1_PIS1(Fluconazole),,,194895,RLP7; RPL7
chr15:195072,ERG27_ACF2(Fluconazole);HNM1_TPO2(Fluconazole);HNM1_TPO4(Fluconazole);RET2_EMP70(Fluconazole);SSH1_ERG11(Fluconazole),,,194895,RLP7; RPL7
chr15:195091,HNM1_RBD2(Fluconazole);PLM2_SNA3(Fluconazole),,,194895,RLP7; RPL7
chr15:195381,ADE17_PGM2(5-FC);ADE17_PGM2(Trifluoperazine);ADE17_PGM2(noDrug);HNM1_RBD2(5-FC),,,194895,RLP7; RPL7
chr15:204722,ADE17_GIS2(5-FC);HNM1_RBD2(5-FC);HNM1_RBD2(Fluconazole);SSH1_ERG11(Fluconazole),,,204722,MET22; HAL2
chr15:217434,HNM1_RBD2(Fluconazole),,,218248,SSA1
chr15:217612,HNM1_TPO4(Fluconazole),,,218248,SSA1
chr15:238354,ERG11_ERG5(Metformin),,,238354,IDI1; BOT2;RIB3
chr15:24671,MID2_MAM33(Fluconazole);PLM2_SNA3(Fluconazole),,,24669,ADE1
chr15:24674,ALO1_UIP4(Fluconazole),,,24669,ADE1
chr15:93845,ERG11_ERV25(Fluconazole),,,93845,PET10
chr16:246835,ERG11_HYR1(5-FC);GTR1_SLM4(Trifluoperazine),,,246835,RRB1;VMA13; CLS11
chr16:786427,ERG11_ORM2(5-FC),,,786427,DPH5;DYS1;END3;LYS9; LYS13;PET123;PUP3;RNR4; CRT3
chr16:857866,ERG11_ERG5(Fluconazole),,,859747,GDH1; URE1
chr16:858788,ALO1_ADE17(Metformin);ALO1_ADE17(Trifluoperazine);ALO1_ADE17(noDrug);HUG1_PGM2(noDrug);SSH1_ERV25(Fluconazole),,,859747,GDH1; URE1
chr16:858824,ADE17_PGM2(Fluconazole);ALO1_UIP4(Trifluoperazine);ALO1_UIP4(noDrug);ERG11_ACF2(5-FC);ERG11_ORM2(5-FC);ERG11_ORM2(Trifluoperazine);ERG11_ORM2(noDrug);ERG27_ACF2(5-FC);ERV25_UIP4(5-FC);ERV25_UIP4(Trifluoperazine);ERV25_UIP4(noDrug);FMP45_MEP1(5-FC);FMP45_MID2(5-FC);HNM1_ERG11(noDrug);HNM1_MID2(noDrug);HUG1_ALO1(5-FC);MID2_MAM33(Trifluoperazine);MID2_MAM33(noDrug);MID2_PIN2(Trifluoperazine);PLM2_HNM1(5-FC);PMC1_CTR2(5-FC);PMC1_CTR2(noDrug);PMC1_GTR2(5-FC);PMC1_GTR2(Fluconazole);PMC1_GTR2(Metformin);PMC1_GTR2(Trifluoperazine);PMC1_GTR2(noDrug);SNA4_GTR2(5-FC);SSH1_ERV25(noDrug);TPO1_MID2(5-FC);TPO1_MID2(Trifluoperazine);TPO1_MID2(noDrug);TPO1_TCB2(5-FC);TPO1_TCB2(Fluconazole);TPO1_TCB2(Trifluoperazine);TPO1_TCB2(noDrug);TPO1_TPO2(5-FC);TPO1_TPO2(Trifluoperazine);TPO1_TPO2(noDrug),,,859747,GDH1; URE1
chr16:859747,ALO1_HYR1(5-FC);ALO1_HYR1(noDrug);ERG27_ACF2(noDrug);HNM1_ERG11(5-FC);HNM1_ERG11(Trifluoperazine);HNM1_TPO4(5-FC);HNM1_TPO4(noDrug);HUG1_ALO1(noDrug);MID2_PIN2(Fluconazole);MID2_RSN1(noDrug);MID2_TPO2(Fluconazole);MID2_TPO2(noDrug);PLM2_HNM1(Fluconazole);PLM2_HNM1(Metformin);PLM2_HNM1(noDrug);PMC1_CTR2(Fluconazole);SRO9_DHH1(5-FC);SRO9_DHH1(Fluconazole);SRO9_DHH1(noDrug),,,859747,GDH1; URE1
chr2:718598,ERV25_ORM2(5-FC);ERV25_ORM2(Trifluoperazine),,,718839,ARO4
chr2:718839,ERV25_ORM2(noDrug),,,718839,ARO4
chr2:83845,MID2_MAM33(Fluconazole),,,79931,SEC7
chr2:95085,SSH1_ORM2(noDrug);TPO1_TPO2(noDrug),,,93952,LCB1
chr3:25563,MID2_WSC2(Trifluoperazine),,,25563,PRD1
chr3:292662,HUG1_ADE17(Trifluoperazine),,,292662,RPL16A;RPS15; RPS21;THR4;TKL2
chr3:292718,GTR1_SLM4(Trifluoperazine),,,292718,"ARG1;ARG5,6"
chr3:7958,MID2_WSC2(Fluconazole),,,7958,THI20
chr4:1521818,RET2_SNA3(noDrug),,,1521818,ATP17;MET3
chr4:520430,ALO1_HYR1(Fluconazole);ALO1_UIP4(Fluconazole);ERG11_HYR1(Fluconazole);ERV25_UIP4(Fluconazole);GTR1_SLM4(Fluconazole);MID2_TPO2(Fluconazole);MID2_TPO4(Fluconazole);TPO1_TPO2(Fluconazole),,,520430,ABP1;ADH4; ZRG5;ADH6;ADK1;APE3;ASN2;BAT1;BGL2; SCW9;BMH2;CNB1;CPS1; CPS;DOA1;DUT1;EGD1;EGD2;FPR1;FPR2; FKB2;GAP1;GLR1;GNA1; PAT1;GPH1;GRS1;GVP36;HRI1;HSP60; MIF4;KES1; OSH4;LEO1;LPD1; DHLP1;LSB5;LSP1;MBF1; SUF13;MET3;NAP1;NOP1; LOT3;NPT1;NTF2;PAA1;PEP4;PGI1;PIL1;PUP2; DOA5;RAD23;RAS2;RDI1;RFA3;RIB3;RPL14B;RPL24B; RPL30B;RPL37A; RPL35A;RPL6A;RPL8A;RPS2;RPS29A;RPS29B;RPS7A; RPS30;SAR1;SBA1;SBP1;SCW4;SEC13; ANU3;SFM1;SHP1; UBX1;STE24; AFC1;SUI2; TIF211;THR4;TMA17;TRP2;UBC1;URA5; PYR5;VMA4; VAT5;VPS74;WTM1;WWM1;YDR432W;YHR020W;YKL033W-A;YLR257W;YMR226C; YM9959.08C
chr5:225774,SNA4_VAC8(noDrug),,,225774,ARG8
chr5:249522,MID2_TPO4(Fluconazole);RET2_EMP70(Fluconazole),,,249522,CPS1; CPS
chr5:268236,DHH1_LSM3(Fluconazole);ERV25_ORM2(Fluconazole);FMP45_HNM1(Fluconazole);HNM1_ERG11(Fluconazole),,,266246,LAT1
chr5:290040,DHH1_LSM3(Fluconazole);ERV25_ORM2(Fluconazole);HNM1_ERG11(Fluconazole);SNA4_VAC8(Fluconazole),,,290040,GOR1
chr5:561193,RET2_SNA3(Fluconazole);SNA4_GTR2(Fluconazole),,,561193;561211,PYC1; PYV;VMA1
chr5:561292,SNA4_GTR2(Fluconazole),,,561430,ARC35
chr5:561379,RET2_SNA3(Fluconazole),,,561430,ARC35
chr5:563565,SNA4_GTR2(Fluconazole),,,563565;563580,COR1; QCR1;YNL247W; N0885
chr5:565800,RET2_SNA3(Metformin),,,565737;565800,ERG28; BUD18;LAT1
chr6:268613,ERG11_ORM2(Fluconazole),,,265477;266627;270091,ENO1;MET1; MET20;RKI1;RPN11; MPR1
chr7:408316,ERG11_ORM2(Metformin),,,408316;408928,FRS2;IDP1;INM1; IMP1;THS1
chr7:412717,ERG11_ORM2(Metformin),,,413438,MET13
chr7:45353,TPO1_TPO2(Fluconazole),,,45353,LPD1; DHLP1
chr7:753356,ERG11_ORM2(Metformin),,,755392;757758;762575,CDC48;FRD1;GLN1;HSP31;PIN3; LSB2;YMR315W; YM9924.07;ZWF1; MET19
chr7:754860,HNM1_TPO2(Metformin);MID2_TPO2(Metformin),,,755392;757758;762575,CDC48;FRD1;GLN1;HSP31;PIN3; LSB2;YMR315W; YM9924.07;ZWF1; MET19
chr7:876941,ADE17_GIS2(Metformin),,,876941,"ACO1; GLU1;ACO2;ADE5,7;AHP1;ARA1;ARO4;FAS1;FAS2;GCV2; GSD2;IMD4;INO1;LEU1;LYS20;MAP1;RPL24A;RPL25;RPN2; SEN3;SAH1;SDH2;SEC26;YPL225W"
chr7:885849,HNM1_TPO2(Metformin),,,885849,YPS1; YAP3
chr7:951285,ERG11_ACF2(Metformin);MID2_MAM33(Metformin),,,951285,MRP8;RTC3;YBR053C; YBR0506;YMR090W; YM9582.15;YNK1;YNR034W-A
chr8:74739,DHH1_LSM3(Fluconazole);ERV25_ERG5(Fluconazole);ERV25_ORM2(Fluconazole);GTR1_SLM4(Fluconazole),,,74739,FAA1
chr9:260947,HUG1_ADE17(5-FC);MID2_TPO4(Fluconazole),,,260947,ECM19;HSP26
chr9:270686,DHH1_LSM3(noDrug);RET2_EMP70(Metformin);RET2_EMP70(Trifluoperazine);RET2_SNA3(Trifluoperazine);RET2_SNA3(noDrug),,,270686,PSA1
