SNP,pQTL_protein,pQTL_protein_name,eQTL_gene_id,eQTL_gene,Chromosome,pQTL_peak,pQTL_left,pQTL_right,eQTL_peak,eQTL_left,eQTL_right,pQTL_effect,eQTL_LOD,pQTL_gene_dist,pQTL_cis,eQTL_gene_dist,eQTL_cis,peak_distance,is_eQTL_peak_in_pQTL,is_pQTL_peak_in_eQTL
29,YAL060W,BDH1; BDH,YAL060W,BDH1,Chr1,36146,28495,41499,35818,35128,36637,0.212339538,100.8117352,0.0,True,0.0,True,328,True,True
315,YBL041W,PRE7,YBL041W,PRE7,Chr2,140863,133355,147946,141987,140850,142208,0.248531512,146.5607163,387.0,True,0.0,True,1124,True,True
342,YBL030C,PET9; AAC2,YBL030C,PET9,Chr2,165270,161229,171254,163892,162696,165729,0.124947416,21.07611222,1270.0,False,0.0,True,1378,True,True
608,YBR121C,GRS1,YBR121C,GRS1,Chr2,483628,472403,488757,481964,477249,487047,0.267232935,20.25492562,267.0,True,0.0,True,1664,True,True
793,YBR249C,ARO4,YBR249C,ARO4,Chr2,718839,707207,725577,718018,718018,721088,0.114321415,86.99258896,850.0,True,0.0,True,821,True,True
769,YKL029C,MAE1,YKL029C,MAE1,Chr2,699889,682239,701195,695857,694124,700736,0.135212029,21.8104758,inf,False,,False,4032,True,True
1088,YCL050C,APA1; DTP,YCL050C,APA1,Chr3,197297,186935,204903,204750,175569,209941,0.151823231,7.529997109,158496.0,False,135767.0,False,7453,True,True
1088,YGR180C,RNR4; CRT3,YGR180C,RNR4,Chr3,197297,186935,204903,198164,187346,209941,0.106067262,5.74663166,inf,False,,False,867,True,True
1093,YJL171C,YJL171C; J0512,YJL171C,TOH1,Chr3,198615,188758,204903,201185,198164,204750,0.403047324,52.96886941,inf,False,,False,2570,True,True
1532,YAR015W,ADE1,YAR015W,ADE1,Chr4,271035,264432,275191,265022,263532,275637,0.192412039,28.00728938,inf,False,,False,6013,True,True
1281,YDL229W,SSB1; YG101,YDL229W,SSB1,Chr4,51735,43687,60460,49229,40439,73193,0.191090445,5.484078562,5828.0,False,0.0,True,2506,True,True
1767,YDR019C,GCV1,YDR019C,GCV1,Chr4,485454,466223,504419,485593,435452,505548,0.537439376,11.43261823,92.0,True,0.0,True,139,True,True
1883,YDR063W,AIM7,YDR063W,AIM7,Chr4,578512,563928,591983,578506,578506,579940,0.300314432,151.9711791,149.0,True,0.0,True,6,True,True
2108,YDR177W,UBC1,YDR177W,UBC1,Chr4,817729,808113,832289,817854,814423,826324,0.418791073,62.00309831,207.0,True,0.0,True,125,True,True
1984,YDR212W,TCP1; CCT1,YDR212W,TCP1,Chr4,672752,657631,682178,681251,671424,696696,0.182524969,6.741021948,214477.0,False,190611.0,False,8499,True,True
2280,YDR258C,HSP78,YDR258C,HSP78,Chr4,962979,956734,1000959,969630,955222,998628,0.253967747,5.648762175,8825.0,False,0.0,True,6651,True,True
2498,YDR399W,HPT1; BRA6,YDR399W,HPT1,Chr4,1270033,1266919,1278850,1273940,1268647,1277186,0.366925636,74.84248758,27.0,True,0.0,True,3907,True,True
2682,YDR515W,SLF1,YDR515W,SLF1,Chr4,1475645,1467660,1475645,1474416,1473027,1475645,0.250404381,31.34213921,881.0,True,0.0,True,1229,True,True
1532,YGL234W,"ADE5,7",YGL234W,"ADE5,7",Chr4,271035,264432,275191,270858,246448,275637,0.242116574,15.17967113,inf,False,,False,177,True,True
1532,YLR359W,ADE13,YLR359W,ADE13,Chr4,271035,264432,275191,272291,265022,275637,0.30704652,40.46529107,inf,False,,False,1256,True,True
1662,YML124C,TUB3,YML124C,TUB3,Chr4,382176,375648,390909,381770,370499,759809,0.376061112,4.891305889,inf,False,,False,406,True,True
2285,YMR241W,YHM2,YMR241W,YHM2,Chr4,971731,961744,998174,975156,959283,1055136,0.262134527,4.582288085,inf,False,,False,3425,True,True
1533,YMR300C,ADE4,YMR300C,ADE4,Chr4,271787,265022,279037,271629,250548,280191,0.146874398,15.07536971,inf,False,,False,158,True,True
1277,YNL064C,YDJ1; MAS5,YNL064C,YDJ1,Chr4,48617,37106,60023,46090,42278,62324,0.24995172,9.855720946,inf,False,,False,2527,True,True
1532,YOR128C,ADE2,YOR128C,ADE2,Chr4,271035,264432,275191,271035,268919,275637,0.336199784,26.5195766,inf,False,,False,0,True,True
1940,YDL120W,YFH1,YDL120W,YFH1,Chr4,624555,613791,629973,629042,617842,667976,0.127392454,5.086115899,378108.0,False,371194.0,False,4487,True,True
2455,YDR368W,YPR1,YDR368W,YPR1,Chr4,1213560,1184872,1235719,1197837,1172908,1219509,0.33047023,4.78381909,336.0,True,0.0,True,15723,True,True
2286,YML131W,YML131W; YM4987.04,YML131W,YML131W,Chr4,973283,959283,1000959,977428,955222,996583,0.185639764,8.487065552,inf,False,,False,4145,True,True
1933,YML028W,TSA1,YML028W,TSA1,Chr4,621613,613791,624555,620090,565313,678773,0.138122156,3.955717233,inf,False,,False,1523,True,True
2914,YEL040W,UTR2; CRH2,YEL040W,UTR2,Chr5,79230,74994,81334,81181,78893,81713,0.302962518,60.54614338,0.0,True,0.0,True,1951,True,True
3107,YER049W,TPA1,YER049W,TPA1,Chr5,253670,243584,262671,253670,252103,256810,0.253965736,53.04207521,9.0,True,0.0,True,0,True,True
3167,YER086W,ILV1,YER086W,ILV1,Chr5,328525,324331,328525,328320,327970,333779,0.158024574,20.60057807,0.0,True,0.0,True,205,True,True
3725,YFL010C,WWM1,YFL010C,WWM1,Chr6,115037,111439,123079,114714,114714,115151,0.328372416,239.2957547,65.0,True,193.0,True,323,True,True
3673,YGR086C,PIL1,YGR086C,PIL1,Chr6,73433,62743,75397,64249,51748,73540,0.144241932,3.770175316,inf,False,,False,9184,True,True
3669,YGR256W,GND2,YGR256W,GND2,Chr6,71471,62743,74913,65504,54858,87400,0.131009794,6.394846778,inf,False,,False,5967,True,True
3669,YIL136W,OM45,YIL136W,OM45,Chr6,71471,62743,74913,65504,54904,88843,0.132416984,3.75955132,inf,False,,False,5967,True,True
3669,YIR038C,GTT1,YIR038C,GTT1,Chr6,71471,62743,74913,71932,65504,74705,0.18779981,5.081526082,inf,False,,False,461,True,True
3666,YKL096W,CWP1,YKL096W,CWP1,Chr6,65183,57460,74406,71959,57460,85912,0.183252307,4.6544408,inf,False,,False,6776,True,True
3966,YGL202W,ARO8,YGL202W,ARO8,Chr7,115759,101935,122646,114332,107461,130737,0.192799433,14.28056035,304.0,True,0.0,True,1427,True,True
4099,YGL106W,MLC1,YGL106W,MLC1,Chr7,307361,307361,315634,314617,303261,316588,0.380500261,24.16565902,349.0,True,0.0,True,7256,True,True
4296,YGL009C,LEU1,YGL009C,LEU1,Chr7,477857,469647,492815,476814,474708,482980,0.18884372,15.56309214,0.0,True,0.0,True,1043,True,True
4688,YGR204W,ADE3,YGR204W,ADE3,Chr7,905443,903446,907934,907442,890309,923476,0.104187444,4.120107871,496.0,True,0.0,True,1999,True,True
4799,YGR267C,FOL2,YGR267C,FOL2,Chr7,1027579,1020120,1045136,1025887,1022886,1039575,0.230506317,20.90785338,1838.0,False,0.0,True,1692,True,True
4192,YKL182W,FAS1,YKL182W,FAS1,Chr7,399000,395909,413465,397449,396575,400387,0.140521166,29.96387178,inf,False,,False,1551,True,True
4192,YNR016C,ACC1,YNR016C,ACC1,Chr7,399000,395909,413465,397449,396575,400387,0.134419895,25.4333565,inf,False,,False,1551,True,True
4192,YPL231W,FAS2,YPL231W,FAS2,Chr7,399000,395909,413465,397448,395359,399494,0.164862265,20.62140789,inf,False,,False,1552,True,True
4162,YPL028W,ERG10,YPL028W,ERG10,Chr7,367665,355322,379511,372033,357041,397448,0.325550312,7.821260416,inf,False,,False,4368,True,True
4158,YPL028W,ERG10,YPL028W,ERG10,Chr7,365007,355322,376215,372033,357041,397448,0.260004798,7.821260416,inf,False,,False,7026,True,True
3984,YPL004C,LSP1,YPL004C,LSP1,Chr7,140416,128719,142935,130869,125810,146946,0.076293319,20.64862127,inf,False,,False,9547,True,True
4292,YHR208W,BAT1,YHR208W,BAT1,Chr7,471518,458896,479063,478509,460330,527159,0.184086101,6.808968804,inf,False,,False,6991,True,True
4295,YKL120W,OAC1,YKL120W,OAC1,Chr7,477678,469647,492815,483277,446205,527159,0.14036956,6.008941967,inf,False,,False,5599,True,True
5323,YDR231C,COX20,YDR231C,COX20,Chr8,459723,449957,461438,459310,459310,460606,0.409613215,114.4592982,inf,False,,False,413,True,True
4860,YHL034C,SBP1,YHL034C,SBP1,Chr8,33975,25786,45571,37489,18917,48214,0.14138596,6.720997895,0.0,True,0.0,True,3514,True,True
4974,YHR007C,ERG11; CYP51,YHR007C,ERG11,Chr8,122014,119178,124640,122370,118187,122370,0.224675176,84.01774426,336.0,True,0.0,True,356,True,True
5049,YHR042W,NCP1,YHR042W,NCP1,Chr8,190366,190366,190872,190366,190366,191248,0.524334922,45.37045523,170.0,True,0.0,True,0,True,True
5172,YHR108W,GGA2,YHR108W,GGA2,Chr8,329765,327592,334860,329765,328271,330276,0.260219709,89.86522722,0.0,True,0.0,True,0,True,True
5209,YHR128W,FUR1,YHR128W,FUR1,Chr8,361900,353097,368023,365358,361272,365358,0.305082573,55.96041647,218.0,True,0.0,True,3458,True,True
5258,YHR146W,CRP1,YHR146W,CRP1,Chr8,389976,378565,401605,388664,384997,392676,0.286158937,50.77579032,327.0,True,0.0,True,1312,True,True
5323,YHR183W,GND1,YHR183W,GND1,Chr8,459723,449957,461438,456475,439062,468936,0.23495336,5.605704907,11237.0,False,1023.0,False,3248,True,True
5350,YHR190W,ERG9,YHR190W,ERG9,Chr8,484694,484694,485972,484694,482896,485700,0.305658657,76.51090379,151.0,True,0.0,True,0,True,True
5318,YLR354C,TAL1,YLR354C,TAL1,Chr8,455785,445658,461438,456475,13065,477804,0.145635037,3.243343525,inf,False,,False,690,True,True
5322,YMR315W,YMR315W; YM9924.07,YMR315W,YMR315W,Chr8,458435,448047,461438,455745,419744,473884,0.214497076,3.873859328,inf,False,,False,2690,True,True
5029,YOR230W,WTM1,YOR230W,WTM1,Chr8,167286,154940,170419,160596,70548,187320,0.120352428,3.372542096,inf,False,,False,6690,True,True
5324,YHR163W,SOL3,YHR163W,SOL3,Chr8,460316,449957,461438,459310,459310,485700,0.520974734,9.404417924,35841.0,False,34636.0,False,1006,True,True
5610,YAL039C,CYC3,YAL039C,CYC3,Chr9,138636,125289,144955,127636,100355,161738,0.18684099,4.925473789,inf,False,,False,11000,True,True
5610,YBL045C,COR1; QCR1,YBL045C,COR1,Chr9,138636,125289,144955,130294,99686,148906,0.306426172,4.982443291,inf,False,,False,8342,True,True
5610,YBR039W,ATP3,YBR039W,ATP3,Chr9,138636,125289,144955,130294,100355,148906,0.3017152,4.132396012,inf,False,,False,8342,True,True
5609,YBR072W,HSP26,YBR072W,HSP26,Chr9,138029,125289,144955,133869,131563,141022,0.357657545,29.34879148,inf,False,,False,4160,True,True
5598,YBR078W,ECM33,YBR078W,ECM33,Chr9,136172,114834,144955,133869,102495,143092,0.181033661,10.41129133,inf,False,,False,2303,True,True
5611,YBR085W,AAC3,YBR085W,AAC3,Chr9,138792,122617,144955,144699,116694,161738,0.20541331,6.88498594,inf,False,,False,5907,True,True
5608,YBR269C,SDH8; FMP21,YBR269C,SDH8,Chr9,137267,122617,144955,130461,100355,143092,0.211614729,7.666934678,inf,False,,False,6806,True,True
5615,YDL181W,INH1,YDL181W,INH1,Chr9,142542,131829,155581,141022,100355,150327,0.288459997,3.985158167,inf,False,,False,1520,True,True
5613,YDL078C,MDH3,YDL078C,MDH3,Chr9,139266,125289,144955,130771,100355,150327,0.15834338,4.880342894,inf,False,,False,8495,True,True
5609,YDR055W,PST1; HPF2,YDR055W,PST1,Chr9,138029,125289,144955,133869,74808,148906,0.159850512,4.712709568,inf,False,,False,4160,True,True
5610,YDR148C,KGD2,YDR148C,KGD2,Chr9,138636,125289,144955,138636,104822,143092,0.236808466,6.814181162,inf,False,,False,0,True,True
5610,YDR272W,GLO2,YDR272W,GLO2,Chr9,138636,125289,144955,141022,126162,153463,0.124977461,4.87717062,inf,False,,False,2386,True,True
5611,YEL024W,RIP1,YEL024W,RIP1,Chr9,138792,122617,144955,144699,57096,180798,0.255413703,3.210072857,inf,False,,False,5907,True,True
5573,YER062C,GPP2; HOR2,YER062C,GPP2,Chr9,114834,103774,136619,133869,102495,143092,0.174775624,17.85323513,inf,False,,False,19035,True,True
5602,YFL018C,LPD1; DHLP1,YFL018C,LPD1,Chr9,136423,131829,139442,138636,100355,158904,0.160047549,3.57150411,inf,False,,False,2213,True,True
5611,YGL187C,COX4,YGL187C,COX4,Chr9,138792,122617,144955,141013,53815,160170,0.26070008,3.676600851,inf,False,,False,2221,True,True
5612,YGR282C,BGL2; SCW9,YGR282C,BGL2,Chr9,139216,125289,144955,133869,104822,141013,0.121147053,11.87613015,inf,False,,False,5347,True,True
5611,YHR051W,COX6,YHR051W,COX6,Chr9,138792,122617,144955,130294,52905,158904,0.246513256,4.464493842,inf,False,,False,8498,True,True
5538,YIL145C,PAN6,YIL145C,PAN6,Chr9,76394,69704,86720,75847,62438,81401,0.278877305,26.70055998,0.0,True,0.0,True,547,True,True
5581,YIL125W,KGD1; OGD1,YIL125W,KGD1,Chr9,125289,103774,139442,125455,92947,132543,0.163573684,10.38220223,0.0,True,0.0,True,166,True,True
5657,YIL094C,LYS12,YIL094C,LYS12,Chr9,187970,180087,193013,183373,172231,215257,0.268990143,10.690557,341.0,True,0.0,True,4597,True,True
5812,YIL033C,BCY1,YIL033C,BCY1,Chr9,292353,286125,300482,292353,292353,296453,0.407845453,72.77497223,685.0,True,0.0,True,0,True,True
5955,YIR034C,LYS1,YIR034C,LYS1,Chr9,419470,409700,423054,420215,418524,424605,0.351948835,16.60166282,142.0,True,0.0,True,745,True,True
5580,YJR034W,PET191,YJR034W,PET191,Chr9,122617,103774,138792,126162,83721,161738,0.151403751,3.099263844,inf,False,,False,3545,True,True
5610,YKL148C,SDH1; SDHA,YKL148C,SDH1,Chr9,138636,125289,144955,141013,100355,148906,0.253725991,4.962615428,inf,False,,False,2377,True,True
5611,YKL141W,SDH3; CYB3,YKL141W,SDH3,Chr9,138792,122617,144955,141013,86720,149978,0.287591455,6.026853791,inf,False,,False,2221,True,True
5615,YKL029C,MAE1,YKL029C,MAE1,Chr9,142542,131829,155581,141022,122940,158904,0.157030631,11.92424961,inf,False,,False,1520,True,True
5935,YKR039W,GAP1,YKR039W,GAP1,Chr9,400574,399657,406743,400141,129784,406124,0.188949449,4.033236004,inf,False,,False,433,True,True
5610,YLL041C,SDH2,YLL041C,SDH2,Chr9,138636,125289,144955,128099,100355,148730,0.218385049,6.300974617,inf,False,,False,10537,True,True
5575,YLR300W,EXG1,YLR300W,EXG1,Chr9,115779,103774,136619,132615,104822,143092,0.150025507,8.466087182,inf,False,,False,16836,True,True
5604,YLR390W,ECM19,YLR390W,ECM19,Chr9,136579,114834,144955,138636,90515,148906,0.160957126,4.301322007,inf,False,,False,2057,True,True
5610,YLR395C,COX8,YLR395C,COX8,Chr9,138636,125289,144955,130461,100355,148906,0.151117415,6.836385654,inf,False,,False,8175,True,True
5609,YML120C,NDI1,YML120C,NDI1,Chr9,138029,125289,144955,141013,100355,160170,0.238898721,4.622339731,inf,False,,False,2984,True,True
5613,YML081C-A,ATP18,YML081C-A,ATP18,Chr9,139266,125289,144955,141022,100355,160170,0.236962123,4.170688493,inf,False,,False,1756,True,True
5609,YMR056C,AAC1,YMR056C,AAC1,Chr9,138029,125289,144955,133869,100355,149978,0.145349479,4.068831003,inf,False,,False,4160,True,True
5608,YNL007C,SIS1,YNL007C,SIS1,Chr9,137267,122617,144955,134641,126162,143092,0.156455232,8.127311069,inf,False,,False,2626,True,True
5610,YNR001C,CIT1,YNR001C,CIT1,Chr9,138636,125289,144955,141013,126009,148906,0.261019019,7.966014254,inf,False,,False,2377,True,True
5611,YNR043W,MVD1,YNR043W,MVD1,Chr9,138792,122617,144955,130461,100355,148730,0.280012056,7.924306738,inf,False,,False,8331,True,True
5610,YOL077W-A,ATP19,YOL077W-A,ATP19,Chr9,138636,125289,144955,141022,98767,160170,0.24403089,3.218627884,inf,False,,False,2386,True,True
5584,YOL030W,GAS5,YOL030W,GAS5,Chr9,126580,103774,139442,105901,101027,141013,0.172049772,11.04136978,inf,False,,False,20679,True,True
5572,YOR095C,RKI1,YOR095C,RKI1,Chr9,112614,103774,132718,128099,98767,161738,0.128143096,4.025849123,inf,False,,False,15485,True,True
5610,YOR187W,TUF1; TUFM,YOR187W,TUF1,Chr9,138636,125289,144955,128099,100355,160170,0.293602728,4.539247397,inf,False,,False,10537,True,True
5611,YPL004C,LSP1,YPL004C,LSP1,Chr9,138792,122617,144955,128099,98767,161738,0.136621151,3.634703666,inf,False,,False,10693,True,True
5614,YPR020W,ATP20,YPR020W,ATP20,Chr9,139442,125289,144955,134641,116694,158904,0.260448789,5.717977997,inf,False,,False,4801,True,True
5609,YPR127W,YPR127W,YPR127W,YPR127W,Chr9,138029,125289,144955,132304,130294,143092,0.224274064,10.72181241,inf,False,,False,5725,True,True
5610,YPR191W,QCR2,YPR191W,QCR2,Chr9,138636,125289,144955,130294,86720,158904,0.316263618,3.41591085,inf,False,,False,8342,True,True
6482,YBR286W,APE3,YBR286W,APE3,Chr10,662679,653026,667117,663083,658664,663968,0.172411017,6.705634646,inf,False,,False,404,True,True
6483,YIR038C,GTT1,YIR038C,GTT1,Chr10,662711,649610,667117,658912,638730,663590,0.187206652,8.760590429,inf,False,,False,3799,True,True
6267,YJL001W,PRE3,YJL001W,PRE3,Chr10,416524,413692,455828,445175,414542,459216,0.371603453,8.145198773,18633.0,False,0.0,True,28651,True,True
6315,YJR010W,MET3,YJR010W,MET3,Chr10,456040,421100,461243,456070,446085,459216,0.122886431,8.255807944,192.0,True,0.0,True,30,True,True
6426,YJR096W,YJR096W; J1926,YJR096W,YJR096W,Chr10,611690,599712,627474,604788,593414,620086,0.461836617,5.630275803,0.0,True,0.0,True,6902,True,True
6073,YLR354C,TAL1,YLR354C,TAL1,Chr10,165521,157487,176664,175030,88209,188645,0.082879237,3.740206568,inf,False,,False,9509,True,True
6482,YML128C,MSC1,YML128C,MSC1,Chr10,662679,653026,667117,658912,638730,686946,0.196983584,5.453180987,inf,False,,False,3767,True,True
7015,YCL026C-B,HBN1,YCL026C-B,HBN1,Chr11,219380,209475,229405,228480,153313,268601,0.09648147,6.364581314,inf,False,,False,9100,True,True
6799,YKL210W,UBA1,YKL210W,UBA1,Chr11,40753,39138,47424,39899,39184,40998,0.224464442,128.0287828,0.0,True,0.0,True,854,True,True
6948,YKL157W,APE2; LAP1,YKL157W,APE2,Chr11,158139,137613,171647,162634,135796,177551,0.156043606,15.39255654,0.0,True,0.0,True,4495,True,True
7021,YKL117W,SBA1,YKL117W,SBA1,Chr11,223467,213574,230092,221683,217457,226260,0.142306395,29.35509337,2849.0,False,0.0,True,1784,True,True
7131,YKL040C,NFU1; NUB1,YKL040C,NFU1,Chr11,362163,352832,367086,356199,356199,362247,0.363853086,52.04212382,692.0,True,0.0,True,5964,True,True
7157,YKL029C,MAE1,YKL029C,MAE1,Chr11,384867,379841,385019,383052,376508,400068,0.359086434,9.257009883,499.0,True,0.0,True,1815,True,True
7269,YKR039W,GAP1,YKR039W,GAP1,Chr11,515435,508824,522294,515018,513438,520399,0.529462897,40.35473739,0.0,True,0.0,True,417,True,True
6877,YOR317W,FAA1,YOR317W,FAA1,Chr11,104549,96863,124784,102908,72614,133227,0.127172666,5.289699502,inf,False,,False,1641,True,True
7905,YEL047C,FRD1,YEL047C,FRD1,Chr12,510268,504262,511884,510268,510208,510855,0.341478316,103.2573197,inf,False,,False,0,True,True
7904,YEL047C,FRD1,YEL047C,FRD1,Chr12,510241,506655,510268,510268,510208,510855,0.225241647,103.2573197,inf,False,,False,27,True,True
7905,YGR180C,RNR4; CRT3,YGR180C,RNR4,Chr12,510268,504262,511884,509612,509324,510507,0.414450397,136.2904775,inf,False,,False,656,True,True
7903,YGR180C,RNR4; CRT3,YGR180C,RNR4,Chr12,509982,501100,512394,509612,509324,510507,0.231253858,136.2904775,inf,False,,False,370,True,True
7902,YJL026W,RNR2; CRT6,YJL026W,RNR2,Chr12,509786,501100,512394,510208,509438,510855,0.305671457,112.3313929,inf,False,,False,422,True,True
7905,YJL026W,RNR2; CRT6,YJL026W,RNR2,Chr12,510268,504262,511884,510208,509438,510855,0.301002663,112.3313929,inf,False,,False,60,True,True
7606,YLR025W,SNF7,YLR025W,SNF7,Chr12,194466,182813,198501,194277,184955,196147,0.157720985,49.91468213,0.0,True,0.0,True,189,True,True
7785,YLR113W,HOG1; SSK3,YLR113W,HOG1,Chr12,379915,369495,384824,378260,325271,387257,0.218855928,7.306965153,6987.0,False,0.0,True,1655,True,True
7915,YLR179C,YLR179C; L9470.20,YLR179C,YLR179C,Chr12,514965,514437,515351,514634,514437,515081,0.311847464,261.2989222,250.0,True,0.0,True,331,True,True
8046,YLR257W,YLR257W,YLR257W,YLR257W,Chr12,659849,659849,670660,668550,659769,673886,0.205882828,24.19603356,56.0,True,0.0,True,8701,True,True
8072,YLR276C,DBP9,YLR276C,DBP9,Chr12,694457,681175,703407,693579,681563,705128,0.154916873,19.85518883,591.0,True,0.0,True,878,True,True
8197,YLR364W,GRX8,YLR364W,GRX8,Chr12,853997,840314,860877,853997,851969,856379,0.226110943,40.89931082,64.0,True,0.0,True,0,True,True
7560,YGL037C,PNC1,YGL037C,PNC1,Chr12,134496,126688,153748,136527,134351,159671,0.119004174,5.614109644,inf,False,,False,2031,True,True
7612,YLR027C,AAT2; ASP5,YLR027C,AAT2,Chr12,196991,186678,207362,197186,186045,204055,0.206180741,16.80852878,0.0,True,0.0,True,195,True,True
7917,YLR180W,SAM1; ETH10,YLR180W,SAM1,Chr12,515351,514437,518231,514437,513765,515570,0.281727673,37.97177449,0.0,True,0.0,True,914,True,True
7932,YLR196W,PWP1,YLR196W,PWP1,Chr12,545673,537571,553802,546061,545567,553070,0.23826575,8.244691464,0.0,True,0.0,True,388,True,True
7575,YLR359W,ADE13,YLR359W,ADE13,Chr12,150435,134496,168087,141900,134351,159671,0.123769642,6.278277853,693846.0,False,683610.0,False,8535,True,True
7540,YML100W,TSL1,YML100W,TSL1,Chr12,130128,126688,144481,136527,129764,151308,0.427132786,6.672138713,inf,False,,False,6399,True,True
7547,YML100W,TSL1,YML100W,TSL1,Chr12,130739,126688,144481,136527,129764,151308,0.316722807,6.672138713,inf,False,,False,5788,True,True
7647,YMR246W,FAA4,YMR246W,FAA4,Chr12,235026,230601,243991,241859,234144,250711,0.130168365,4.034046551,inf,False,,False,6833,True,True
7540,YOR374W,ALD4,YOR374W,ALD4,Chr12,130128,126688,144481,136527,129764,159671,0.113404711,7.403999963,inf,False,,False,6399,True,True
7565,YPL004C,LSP1,YPL004C,LSP1,Chr12,136315,126688,158615,136527,134351,151308,0.09357102,11.16761682,inf,False,,False,212,True,True
8664,YBL099W,ATP1,YBL099W,ATP1,Chr13,329611,329611,333904,333449,328866,341722,0.188393073,9.207629878,inf,False,,False,3838,True,True
8667,YBL045C,COR1; QCR1,YBL045C,COR1,Chr13,331334,329611,333904,333449,329249,341722,0.175888494,20.12702004,inf,False,,False,2115,True,True
8670,YBR011C,IPP1,YBR011C,IPP1,Chr13,333904,329611,338431,333449,327769,336381,0.135876761,9.291993498,inf,False,,False,455,True,True
8664,YBR039W,ATP3,YBR039W,ATP3,Chr13,329611,329611,333904,333449,327769,339643,0.200862613,16.92544505,inf,False,,False,3838,True,True
8667,YBR072W,HSP26,YBR072W,HSP26,Chr13,331334,329611,333904,333449,328866,336381,0.309429434,32.30530981,inf,False,,False,2115,True,True
8670,YBR078W,ECM33,YBR078W,ECM33,Chr13,333904,329611,338431,333449,329249,336381,0.169124712,13.72011932,inf,False,,False,455,True,True
8668,YCL057C-A,MIC10,YCL057C-A,MIC10,Chr13,331755,329611,333904,329923,329249,349796,0.156920805,10.09742115,inf,False,,False,1832,True,True
8667,YDL181W,INH1,YDL181W,INH1,Chr13,331334,329611,333904,333449,327769,339643,0.178193268,11.88448675,inf,False,,False,2115,True,True
9187,YDR019C,GCV1,YDR019C,GCV1,Chr13,869923,864754,877100,870868,862051,914895,0.112443681,4.028761382,inf,False,,False,945,True,True
8665,YDR148C,KGD2,YDR148C,KGD2,Chr13,329923,329611,333904,333449,327769,336381,0.143773848,16.98274587,inf,False,,False,3526,True,True
8668,YDR322C-A,TIM11; ATP21,YDR322C-A,TIM11,Chr13,331755,329611,333904,331334,327769,341722,0.138036163,8.397331613,inf,False,,False,421,True,True
8664,YDR377W,ATP17,YDR377W,ATP17,Chr13,329611,329611,333904,331334,327769,392206,0.113698834,6.969120287,inf,False,,False,1723,True,True
8668,YEL024W,RIP1,YEL024W,RIP1,Chr13,331755,329611,333904,333449,329249,349796,0.159390555,13.81960668,inf,False,,False,1694,True,True
8670,YER081W,SER3,YER081W,SER3,Chr13,333904,329611,338431,334830,327769,349796,0.148833853,6.270925272,inf,False,,False,926,True,True
8474,YGL234W,"ADE5,7",YGL234W,"ADE5,7",Chr13,70380,56990,77330,74632,65795,98070,0.194246731,3.043379351,inf,False,,False,4252,True,True
8667,YGL187C,COX4,YGL187C,COX4,Chr13,331334,329611,333904,333449,327769,341722,0.110174058,16.67816575,inf,False,,False,2115,True,True
8664,YGR208W,SER2,YGR208W,SER2,Chr13,329611,329611,333904,331334,327769,343663,0.121510444,8.797562178,inf,False,,False,1723,True,True
8665,YHR008C,SOD2,YHR008C,SOD2,Chr13,329923,329611,333904,333449,327769,343663,0.146866419,5.881107066,inf,False,,False,3526,True,True
8665,YIL125W,KGD1; OGD1,YIL125W,KGD1,Chr13,329923,329611,333904,333449,327769,336381,0.136911006,8.57471123,inf,False,,False,3526,True,True
8670,YIL070C,MAM33,YIL070C,MAM33,Chr13,333904,329611,338431,329923,327769,406240,0.157500948,11.54236669,inf,False,,False,3981,True,True
8667,YJL079C,PRY1,YJL079C,PRY1,Chr13,331334,329611,333904,333449,329923,336381,0.150666569,48.75925247,inf,False,,False,2115,True,True
8670,YJL052W,TDH1,YJL052W,TDH1,Chr13,333904,329611,338431,333449,328866,336381,0.192404997,32.97531831,inf,False,,False,455,True,True
8474,YJR109C,CPA2,YJR109C,CPA2,Chr13,70380,56990,77330,75046,52926,209233,0.196602818,3.19766467,inf,False,,False,4666,True,True
8664,YJR121W,ATP2,YJR121W,ATP2,Chr13,329611,329611,333904,331334,328866,411113,0.144609691,8.81933358,inf,False,,False,1723,True,True
8665,YKL096W,CWP1,YKL096W,CWP1,Chr13,329923,329611,333904,333449,327769,411113,0.138162696,6.523027421,inf,False,,False,3526,True,True
8667,YKL016C,ATP7,YKL016C,ATP7,Chr13,331334,329611,333904,333449,327769,343663,0.157179763,10.2195706,inf,False,,False,2115,True,True
8665,YLL041C,SDH2,YLL041C,SDH2,Chr13,329923,329611,333904,333449,327769,339643,0.143408977,11.77278698,inf,False,,False,3526,True,True
8667,YLR038C,COX12,YLR038C,COX12,Chr13,331334,329611,333904,333449,73993,394309,0.17410345,5.696180508,inf,False,,False,2115,True,True
8670,YLR259C,HSP60; MIF4,YLR259C,HSP60,Chr13,333904,329611,338431,333449,327769,336381,0.148498031,7.982443943,inf,False,,False,455,True,True
8667,YLR300W,EXG1,YLR300W,EXG1,Chr13,331334,329611,333904,331334,328866,336381,0.118985852,12.46833191,inf,False,,False,0,True,True
8664,YLR359W,ADE13,YLR359W,ADE13,Chr13,329611,329611,333904,333449,327769,336381,0.115503983,7.510024136,inf,False,,False,3838,True,True
8665,YML120C,NDI1,YML120C,NDI1,Chr13,329923,329611,333904,333449,327769,336381,0.144483123,10.6543039,300116.0,False,296961.0,False,3526,True,True
8503,YML094W,GIM5; PFD5,YML094W,GIM5,Chr13,82403,75558,92384,87110,80821,115959,0.207345749,2.942371918,0.0,True,0.0,True,4707,True,True
8556,YML070W,DAK1,YML070W,DAK1,Chr13,133462,117501,138830,133555,131106,134620,0.225928183,54.19149992,13.0,True,0.0,True,93,True,True
8575,YML056C,IMD4,YML056C,IMD4,Chr13,163509,151409,164705,160953,159728,163519,0.137528351,23.77982997,0.0,True,0.0,True,2556,True,True
8625,YML004C,GLO1,YML004C,GLO1,Chr13,262788,247407,283371,262071,250460,270321,0.235507312,78.80789795,103.0,True,0.0,True,717,True,True
8978,YMR197C,VTI1,YMR197C,VTI1,Chr13,659245,646103,665729,659142,643985,663000,0.208787572,19.35231838,48.0,True,0.0,True,103,True,True
9109,YMR246W,FAA4,YMR246W,FAA4,Chr13,762630,753081,770563,759679,327769,779242,0.136452825,5.238146412,740.0,True,0.0,True,2951,True,True
9226,YMR307W,GAS1; GGP1,YMR307W,GAS1,Chr13,888990,877043,902431,885848,883144,895661,0.309110749,43.15778007,309.0,True,0.0,True,3142,True,True
8667,YNR001C,CIT1,YNR001C,CIT1,Chr13,331334,329611,333904,333449,327769,339643,0.13818574,6.411196908,inf,False,,False,2115,True,True
8686,YOL140W,ARG8,YOL140W,ARG8,Chr13,350249,345749,365504,355100,341020,389982,0.190199484,6.378951165,inf,False,,False,4851,True,True
8667,YOL109W,ZEO1,YOL109W,ZEO1,Chr13,331334,329611,333904,329923,327769,339643,0.242265886,18.27481252,inf,False,,False,1411,True,True
8670,YOR142W,LSC1,YOR142W,LSC1,Chr13,333904,329611,338431,334830,327769,343663,0.181741215,8.663540618,inf,False,,False,926,True,True
8670,YOR187W,TUF1; TUFM,YOR187W,TUF1,Chr13,333904,329611,338431,333449,328866,339643,0.206453453,15.52359944,inf,False,,False,455,True,True
8664,YPL262W,FUM1,YPL262W,FUM1,Chr13,329611,329611,333904,333449,327769,336381,0.152850922,7.005792849,inf,False,,False,3838,True,True
8664,YPL078C,ATP4,YPL078C,ATP4,Chr13,329611,329611,333904,331334,79575,349796,0.200828673,9.704567117,inf,False,,False,1723,True,True
8664,YPR191W,QCR2,YPR191W,QCR2,Chr13,329611,329611,333904,333449,329249,341722,0.170349289,14.2781585,inf,False,,False,3838,True,True
8665,YGL191W,COX13,YGL191W,COX13,Chr13,329923,329611,333904,333449,327769,349796,0.202162483,7.224718768,inf,False,,False,3526,True,True
8667,YKL148C,SDH1; SDHA,YKL148C,SDH1,Chr13,331334,329611,333904,333449,301985,339643,0.149735373,3.898583393,inf,False,,False,2115,True,True
8667,YKL085W,MDH1,YKL085W,MDH1,Chr13,331334,329611,333904,333449,327769,369610,0.195972782,5.583716777,inf,False,,False,2115,True,True
8815,YMR120C,ADE17,YMR120C,ADE17,Chr13,509480,500062,513217,510091,452639,541095,0.648153314,3.328389952,201.0,True,0.0,True,611,True,True
8819,YMR120C,ADE17,YMR120C,ADE17,Chr13,510968,505070,513217,510091,452639,541095,0.197582379,3.328389952,1689.0,False,0.0,True,877,True,True
8664,YNL055C,POR1,YNL055C,POR1,Chr13,329611,329611,333904,333449,95343,349796,0.137452289,3.604307987,inf,False,,False,3838,True,True
9454,YJL200C,ACO2,YJL200C,ACO2,Chr14,275245,267696,288822,288822,220551,771372,0.106117603,2.638728848,inf,False,,False,13577,True,True
9454,YJR016C,ILV3,YJR016C,ILV3,Chr14,275245,267696,288822,281793,255754,771372,0.102594988,4.029694312,inf,False,,False,6548,True,True
9663,YNL036W,NCE103; NCE3,YNL036W,NCE103,Chr14,560773,547829,592657,568368,554932,614336,0.191191484,5.712543171,293.0,True,0.0,True,7595,True,True
9503,YPR184W,GDB1,YPR184W,GDB1,Chr14,340237,330041,351040,333748,300017,377351,0.146381297,8.612416309,inf,False,,False,6489,True,True
10191,YAL038W,CDC19; PYK1,YAL038W,CDC19,Chr15,171671,165912,184082,181433,137942,186481,0.203752142,6.251738215,inf,False,,False,9762,True,True
10191,YBL099W,ATP1,YBL099W,ATP1,Chr15,171671,165912,184082,170921,152922,172102,0.424118386,18.15904455,inf,False,,False,750,True,True
10179,YBR015C,MNN2,YBR015C,MNN2,Chr15,165912,165912,179652,170921,159655,189231,0.200683802,6.580982527,inf,False,,False,5009,True,True
10198,YBR017C,KAP104,YBR017C,KAP104,Chr15,181071,168199,185951,171511,142608,1043118,0.232548535,3.795332152,inf,False,,False,9560,True,True
10191,YBR026C,ETR1,YBR026C,ETR1,Chr15,171671,165912,184082,171511,146203,172825,0.294203431,16.19803056,inf,False,,False,160,True,True
10191,YBR072W,HSP26,YBR072W,HSP26,Chr15,171671,165912,184082,171745,152424,185252,0.237269648,8.020962284,inf,False,,False,74,True,True
10192,YBR088C,POL30,YBR088C,POL30,Chr15,172074,165912,184082,167627,144117,189231,0.258560738,3.686807721,inf,False,,False,4447,True,True
10197,YBR106W,PHO88; SND3,YBR106W,SND3,Chr15,180978,168199,185951,169704,139908,185473,0.229723038,7.89630371,inf,False,,False,11274,True,True
10197,YBR283C,SSH1,YBR283C,SSH1,Chr15,180978,168199,185951,171150,157219,1011045,0.195957738,2.855921164,inf,False,,False,9828,True,True
10192,YCR004C,YCP4,YCR004C,YCP4,Chr15,172074,165912,184082,171150,158905,172102,0.433484429,26.22781785,inf,False,,False,924,True,True
10186,YCR030C,SYP1,YCR030C,SYP1,Chr15,170347,165912,184082,170921,108950,574955,0.354145349,4.797674367,inf,False,,False,574,True,True
10191,YCR084C,,YCR084C,TUP1,Chr15,171671,165912,184082,169704,135779,932327,0.345466664,3.065287073,inf,False,,False,1967,True,True
10157,YCR102C,YCR102C,YCR102C,YCR102C,Chr15,144887,143047,151907,147274,142835,151997,0.142139975,46.00227326,inf,False,,False,2387,True,True
10191,YDL195W,SEC31; WEB1,YDL195W,SEC31,Chr15,171671,165912,184082,170921,106762,552069,0.380027078,3.676863103,inf,False,,False,750,True,True
10193,YDL185W,VMA1,YDL185W,VMA1,Chr15,172102,165912,184082,170921,94056,1043118,0.350951659,3.08091237,inf,False,,False,1181,True,True
10198,YDL046W,NPC2,YDL046W,NPC2,Chr15,181071,168199,185951,171150,147274,185473,0.192518034,10.58486375,inf,False,,False,9921,True,True
10181,YDR050C,TPI1,YDR050C,TPI1,Chr15,168199,165912,181071,171150,139013,185793,0.182892898,10.49936994,inf,False,,False,2951,True,True
10193,YDR231C,COX20,YDR231C,COX20,Chr15,172102,165912,184082,181433,108354,185793,0.149297469,7.331068239,inf,False,,False,9331,True,True
10194,YDR378C,LSM6,YDR378C,LSM6,Chr15,173340,165912,184082,169704,156746,189700,0.223404363,3.411727568,inf,False,,False,3636,True,True
10192,YEL058W,PCM1; AGM1,YEL058W,PCM1,Chr15,172074,165912,184082,167794,159369,173829,0.183047329,19.51326695,inf,False,,False,4280,True,True
10186,YER120W,SCS2,YER120W,SCS2,Chr15,170347,165912,184082,169704,144117,189231,0.181140993,4.488114295,inf,False,,False,643,True,True
10191,YER178W,PDA1,YER178W,PDA1,Chr15,171671,165912,184082,171150,152141,185473,0.267012602,8.081707935,inf,False,,False,521,True,True
10202,YFL017C,GNA1; PAT1,YFL017C,GNA1,Chr15,184082,170347,185951,185793,109765,193911,0.188584846,4.808668768,inf,False,,False,1711,True,True
10191,YFL014W,HSP12,YFL014W,HSP12,Chr15,171671,165912,184082,171511,167794,172102,0.299661875,105.5113736,inf,False,,False,160,True,True
10197,YFR030W,MET10,YFR030W,MET10,Chr15,180978,168199,185951,171150,163510,186481,0.187983131,14.29365306,inf,False,,False,9828,True,True
10191,YFR044C,DUG1,YFR044C,DUG1,Chr15,171671,165912,184082,171150,93859,189231,0.254206502,6.652654699,inf,False,,False,521,True,True
10191,YGR086C,PIL1,YGR086C,PIL1,Chr15,171671,165912,184082,170921,169333,171671,0.330867308,40.17186939,inf,False,,False,750,True,True
10193,YGR130C,YGR130C,YGR130C,YGR130C,Chr15,172102,165912,184082,170921,139908,185252,0.429034616,8.219581538,inf,False,,False,1181,True,True
10192,YGR234W,YHB1; YHB,YGR234W,YHB1,Chr15,172074,165912,184082,169704,137942,185793,0.120961358,13.5004798,inf,False,,False,2370,True,True
10191,YGR253C,PUP2; DOA5,YGR253C,PUP2,Chr15,171671,165912,184082,171150,152922,735877,0.196510868,4.151202362,inf,False,,False,521,True,True
10191,YGR256W,GND2,YGR256W,GND2,Chr15,171671,165912,184082,171511,169333,172102,0.38117818,56.95631847,inf,False,,False,160,True,True
10198,YGR279C,SCW4,YGR279C,SCW4,Chr15,181071,168199,185951,169704,160403,189231,0.299952822,7.844880165,inf,False,,False,11367,True,True
10197,YGR284C,ERV29,YGR284C,ERV29,Chr15,180978,168199,185951,169704,142835,186481,0.171957666,4.856451515,inf,False,,False,11274,True,True
10191,YIL155C,GUT2,YIL155C,GUT2,Chr15,171671,165912,184082,170921,159655,171671,0.414335569,21.20823993,inf,False,,False,750,True,True
10191,YIL136W,OM45,YIL136W,OM45,Chr15,171671,165912,184082,171150,157219,174465,0.316621468,41.32184498,inf,False,,False,521,True,True
10198,YIL116W,HIS5,YIL116W,HIS5,Chr15,181071,168199,185951,174019,160980,186481,0.367151527,8.669627784,inf,False,,False,7052,True,True
10194,YIR036C,IRC24,YIR036C,IRC24,Chr15,173340,165912,184082,171150,98981,185473,0.231219406,6.672273166,inf,False,,False,2190,True,True
10192,YJL158C,,YJL158C,CIS3,Chr15,172074,165912,184082,171150,165456,174465,0.157664204,25.94102994,inf,False,,False,924,True,True
10196,YJL130C,URA2,YJL130C,URA2,Chr15,180876,168199,185951,169704,154799,189231,0.16591775,3.483906961,inf,False,,False,11172,True,True
10191,YJL079C,PRY1,YJL079C,PRY1,Chr15,171671,165912,184082,170921,165707,182946,0.422740448,16.14066969,inf,False,,False,750,True,True
10193,YJR009C,TDH2; GPD2,YJR009C,TDH2,Chr15,172102,165912,184082,181433,163510,185793,0.207164978,21.33107115,inf,False,,False,9331,True,True
10191,YJR121W,ATP2,YJR121W,ATP2,Chr15,171671,165912,184082,170921,154799,172102,0.447713641,16.77108585,inf,False,,False,750,True,True
10191,YKL192C,ACP1,YKL192C,ACP1,Chr15,171671,165912,184082,170921,139908,185793,0.218460016,7.146326446,inf,False,,False,750,True,True
10194,YKL152C,GPM1; GPM,YKL152C,GPM1,Chr15,173340,165912,184082,171150,163510,185793,0.17084543,23.21074529,inf,False,,False,2190,True,True
10191,YKL150W,MCR1,YKL150W,MCR1,Chr15,171671,165912,184082,171511,139908,185252,0.342973305,22.3595839,inf,False,,False,160,True,True
10191,YKL148C,SDH1; SDHA,YKL148C,SDH1,Chr15,171671,165912,184082,171150,139908,180441,0.317917059,9.926516765,inf,False,,False,521,True,True
10194,YKL110C,KTI12,YKL110C,KTI12,Chr15,173340,165912,184082,171511,154799,174364,0.219519772,19.63453934,inf,False,,False,1829,True,True
10191,YKL085W,MDH1,YKL085W,MDH1,Chr15,171671,165912,184082,171150,139908,182946,0.506702657,10.07788535,inf,False,,False,521,True,True
10186,YKR046C,PET10,YKR046C,PLN1,Chr15,170347,165912,184082,170921,150111,185252,0.305225152,10.00895807,inf,False,,False,574,True,True
10187,YKR066C,CCP1,YKR066C,CCP1,Chr15,170413,165912,184082,171511,108354,185473,0.139555178,9.589004288,inf,False,,False,1098,True,True
10198,YKR080W,MTD1,YKR080W,MTD1,Chr15,181071,168199,185951,173814,137304,185793,0.278045245,11.84420087,inf,False,,False,7257,True,True
10191,YLL041C,SDH2,YLL041C,SDH2,Chr15,171671,165912,184082,165998,140220,180441,0.294076753,18.25940265,inf,False,,False,5673,True,True
10189,YLR027C,AAT2; ASP5,YLR027C,AAT2,Chr15,170944,165912,184082,180534,111851,745301,0.137904483,3.8796045,inf,False,,False,9590,True,True
10197,YLR100W,ERG27,YLR100W,ERG27,Chr15,180978,168199,185951,173814,138662,186481,0.157786529,8.391556976,inf,False,,False,7164,True,True
10193,YLR248W,RCK2,YLR248W,RCK2,Chr15,172102,165912,184082,171150,139908,185252,0.171133592,9.347643025,inf,False,,False,952,True,True
10194,YLR292C,SEC72,YLR292C,SEC72,Chr15,173340,165912,184082,169704,154799,185252,0.198160061,5.597644042,inf,False,,False,3636,True,True
10191,YLR300W,EXG1,YLR300W,EXG1,Chr15,171671,165912,184082,174019,157219,189231,0.423307216,5.195045296,inf,False,,False,2348,True,True
10197,YLR342W,,YLR342W,FKS1,Chr15,180978,168199,185951,169704,152922,185793,0.192638926,10.4163908,inf,False,,False,11274,True,True
10191,YLR351C,NIT3,YLR351C,NIT3,Chr15,171671,165912,184082,169704,160403,186481,0.199067383,6.308871672,inf,False,,False,1967,True,True
10618,YLR354C,TAL1,YLR354C,TAL1,Chr15,656377,649242,660805,655136,621972,656567,0.229840167,11.08845505,inf,False,,False,1241,True,True
10180,YLR370C,ARC18,YLR370C,ARC18,Chr15,166369,165912,179652,172956,152424,189231,0.172841995,5.958050668,inf,False,,False,6587,True,True
10195,YLR420W,URA4,YLR420W,URA4,Chr15,179652,165912,185951,165998,139908,186481,0.304896541,6.955836708,inf,False,,False,13654,True,True
10192,YML131W,YML131W; YM4987.04,YML131W,YML131W,Chr15,172074,165912,184082,172956,161853,186481,0.153730297,21.46036691,inf,False,,False,882,True,True
10197,YML130C,ERO1,YML130C,ERO1,Chr15,180978,168199,185951,169704,113253,189231,0.178430525,2.903343468,inf,False,,False,11274,True,True
10191,YML128C,MSC1,YML128C,MSC1,Chr15,171671,165912,184082,171511,160403,172102,0.388586529,54.17839728,inf,False,,False,160,True,True
10191,YMR031C,EIS1,YMR031C,EIS1,Chr15,171671,165912,184082,171150,139908,182946,0.293544229,15.7574491,inf,False,,False,521,True,True
10180,YMR031C,EIS1,YMR031C,EIS1,Chr15,166369,165912,179652,171150,139908,182946,0.196845724,15.7574491,inf,False,,False,4781,True,True
10191,YMR090W,YMR090W; YM9582.15,YMR090W,YMR090W,Chr15,171671,165912,184082,171511,152424,174465,0.437582523,37.29601291,inf,False,,False,160,True,True
10191,YMR105C,PGM2,YMR105C,PGM2,Chr15,171671,165912,184082,171150,125569,548689,0.326199295,5.92132681,inf,False,,False,521,True,True
10190,YMR196W,YMR196W; YM9646.09,YMR196W,YMR196W,Chr15,171150,165912,184082,171150,139908,172102,0.314148593,20.94002714,inf,False,,False,0,True,True
10180,YMR196W,YMR196W; YM9646.09,YMR196W,YMR196W,Chr15,166369,165912,179652,171150,139908,172102,0.191015013,20.94002714,inf,False,,False,4781,True,True
10191,YMR250W,GAD1,YMR250W,GAD1,Chr15,171671,165912,184082,170921,157219,172102,0.240370702,37.3452363,inf,False,,False,750,True,True
10191,YMR297W,PRC1,YMR297W,PRC1,Chr15,171671,165912,184082,170921,152407,174364,0.299843565,11.8702095,inf,False,,False,750,True,True
10191,YMR307W,GAS1; GGP1,YMR307W,GAS1,Chr15,171671,165912,184082,169704,160403,189231,0.228195717,7.022547141,inf,False,,False,1967,True,True
10190,YNL281W,HCH1,YNL281W,HCH1,Chr15,171150,165912,184082,170921,160980,174364,0.277815902,17.39420184,inf,False,,False,229,True,True
10191,YNL216W,RAP1,YNL216W,RAP1,Chr15,171671,165912,184082,167627,159369,189231,0.188600534,3.372584317,inf,False,,False,4044,True,True
10191,YNL160W,YGP1,YNL160W,YGP1,Chr15,171671,165912,184082,170921,152424,172102,0.376073597,24.80323392,inf,False,,False,750,True,True
10192,YNL071W,LAT1,YNL071W,LAT1,Chr15,172074,165912,184082,171511,94056,189700,0.289876457,5.049206978,inf,False,,False,563,True,True
10197,YNL044W,YIP3; PRA1,YNL044W,YIP3,Chr15,180978,168199,185951,169704,142608,181326,0.147991536,6.048847592,inf,False,,False,11274,True,True
10198,YNR034W-A,YNR034W-A,YNR034W-A,EGO4,Chr15,181071,168199,185951,171511,150111,185252,0.180166181,15.29449728,inf,False,,False,9560,True,True
10191,YOL077W-A,ATP19,YOL077W-A,ATP19,Chr15,171671,165912,184082,181433,149214,185252,0.318169696,27.82749493,13767.0,False,649.0,True,9762,True,True
10382,YOR021C,SFM1,YOR021C,SFM1,Chr15,372714,363969,382511,373586,364854,385782,0.254991843,7.874207436,84.0,True,0.0,True,872,True,True
10191,YOR065W,CYT1; CTC1,YOR065W,CYT1,Chr15,171671,165912,184082,170921,152424,182946,0.325408485,20.24892814,275770.0,False,265005.0,False,750,True,True
10189,YOR120W,GCY1; GCY,YOR120W,GCY1,Chr15,170944,165912,184082,171511,158905,172102,0.284272074,26.72719764,380171.0,False,378368.0,False,567,True,True
10727,YOR222W,ODC2,YOR222W,ODC2,Chr15,757952,748030,766858,757677,757677,758119,0.564653091,118.1907154,379.0,True,0.0,True,275,True,True
10192,YOR230W,WTM1,YOR230W,WTM1,Chr15,172074,165912,184082,170921,110946,185473,0.338384898,9.750756404,598727.0,False,584326.0,False,1153,True,True
10838,YOR285W,RDL1,YOR285W,RDL1,Chr15,849538,841040,867290,850123,849407,850266,0.516981778,177.7099726,96.0,True,0.0,True,585,True,True
10194,YOR332W,VMA4; VAT5,YOR332W,VMA4,Chr15,173340,165912,184082,172956,137304,186481,0.178894303,5.287172816,770313.0,False,756174.0,False,384,True,True
10191,YOR374W,ALD4,YOR374W,ALD4,Chr15,171671,165912,184082,171150,160403,172102,0.342071885,27.84413439,868167.0,False,867094.0,False,521,True,True
10193,YOR374W,ALD4,YOR374W,ALD4,Chr15,172102,165912,184082,171150,160403,172102,0.189991793,27.84413439,867736.0,False,867094.0,False,952,True,True
10192,YPL154C,PEP4,YPL154C,PEP4,Chr15,172074,165912,184082,170921,157219,174465,0.314418855,13.30020187,inf,False,,False,1153,True,True
10198,YPL028W,ERG10,YPL028W,ERG10,Chr15,181071,168199,185951,174019,143727,186481,0.141443008,9.590475418,inf,False,,False,7052,True,True
10191,YPL004C,LSP1,YPL004C,LSP1,Chr15,171671,165912,184082,171150,169333,172102,0.350816233,34.91419326,inf,False,,False,521,True,True
10190,YPR004C,AIM45,YPR004C,AIM45,Chr15,171150,165912,184082,181433,143727,196663,0.243965841,3.686164499,inf,False,,False,10283,True,True
10191,YPR160W,GPH1,YPR160W,GPH1,Chr15,171671,165912,184082,171150,157219,172102,0.426034439,20.93223142,inf,False,,False,521,True,True
10191,YPR184W,GDB1,YPR184W,GDB1,Chr15,171671,165912,184082,170921,155276,172102,0.398960909,16.31046788,inf,False,,False,750,True,True
10191,YPR191W,QCR2,YPR191W,QCR2,Chr15,171671,165912,184082,170921,157219,173391,0.336116239,17.73644287,inf,False,,False,750,True,True
10191,YDL182W,LYS20,YDL182W,LYS20,Chr15,171671,165912,184082,171150,152424,606886,0.303878945,3.304241627,inf,False,,False,521,True,True
10194,YIR034C,LYS1,YIR034C,LYS1,Chr15,173340,165912,184082,170921,152922,189231,0.395612138,5.582247121,inf,False,,False,2419,True,True
10618,YLR179C,YLR179C; L9470.20,YLR179C,YLR179C,Chr15,656377,649242,660805,657044,653760,700968,0.206593792,3.568357896,inf,False,,False,667,True,True
10180,YMR226C,YMR226C; YM9959.08C,YMR226C,YMR226C,Chr15,166369,165912,179652,172468,142645,551813,0.157446263,3.253953216,inf,False,,False,6099,True,True
11584,YKL096W,CWP1,YKL096W,CWP1,Chr16,454180,434375,458134,452986,247153,504666,0.124287907,5.426819699,inf,False,,False,1194,True,True
11890,YKR039W,GAP1,YKR039W,GAP1,Chr16,812990,798666,821586,812990,803590,816544,0.176695434,7.063592294,inf,False,,False,0,True,True
11337,YPL198W,RPL7B,YPL198W,RPL7B,Chr16,191167,174996,198072,179596,171059,195879,0.226410906,3.828630786,16466.0,False,0.0,True,11571,True,True
11740,YPR028W,YOP1; YIP2,YPR028W,YOP1,Chr16,616806,611083,627281,618453,616806,623271,0.145856811,137.0575688,6718.0,False,0.0,True,1647,True,True
11956,YPR173C,,YPR173C,VPS4,Chr16,888040,883992,892106,885979,863056,897736,0.157258688,9.014418478,207.0,True,0.0,True,2061,True,True
