snp_marker,chr,pos,Besse,Jakobson,Albert,Besse_piQTL,Albert_eQTL,Jakobson_pQTL
chr2:455029,2,455029,True,True,True,PLM2_HNM1(Fluconazole),,RPL5
chr2:538990,2,538990,True,True,False,ADE17_HYR1(Metformin);ADE17_HYR1(noDrug);ERV25_PIS1(Fluconazole);FMP45_MEP1(Fluconazole);FMP45_MID2(Fluconazole);RET2_EMP47(Fluconazole);RET2_EMP70(Fluconazole);TPO1_TCB2(Fluconazole),,CKS1
chr2:542505,2,542505,True,True,True,ERV25_PIS1(5-FC);MID2_TPO4(5-FC);SRO9_DHH1(5-FC);SRO9_GIS2(noDrug),,HIS5;ILS1
chr2:544518,2,544518,True,True,True,FMP45_MID2(5-FC);FMP45_MID2(Trifluoperazine);FMP45_MID2(noDrug),,ATP18
chr2:552681,2,552681,True,True,True,HUG1_ADE17(Trifluoperazine),,GAS1; GGP1;RFA2; BUF1
chr2:553949,2,553949,True,True,False,HUG1_ADE17(Trifluoperazine),,GPD2; GPD3;GPP1; RHR2;HXT3;YHR020W
chr2:718839,2,718839,True,True,False,ERV25_ORM2(noDrug),,ARO4
chr2:723281,2,723281,True,True,True,ERV25_ORM2(5-FC),ERG13;MNC1,STI1;VPH1
chr3:7958,3,7958,True,True,False,MID2_WSC2(Fluconazole),,THI20
chr3:25563,3,25563,True,True,False,MID2_WSC2(Trifluoperazine),,PRD1
chr3:197297,3,197297,True,True,False,ADE17_HYR1(5-FC),,APA1; DTP;MRN1; PTR69;RNR4; CRT3;SCW10;SCW4;SIM1; PBP3
chr3:198615,3,198615,True,True,True,ADE17_PGM2(Metformin);ADE17_PGM2(Trifluoperazine);ADE17_PGM2(noDrug),,ATP15;YJL171C; J0512
chr3:203261,3,203261,True,True,False,ADE17_PGM2(Metformin),,CHC1;COX4;CWP1;EFB1; TEF5;CBR1;YDL130W
chr3:204854,3,204854,True,True,False,ADE17_PGM2(5-FC);ADE17_PGM2(noDrug),,MBF1; SUF13;TRX1; TRX2
chr3:204897,3,204897,True,True,True,ADE17_PGM2(Trifluoperazine),CHA1;TMA20;IXR1;RIC1;PEX9;ALF1;TGL5;VAR1,CKS1
chr3:247158,3,247158,True,True,False,RET2_EMP70(Metformin),,MAM33
chr3:251255,3,251255,True,True,False,ERG11_MID2(Metformin),,"ARG5,6"
chr3:292662,3,292662,True,True,True,HUG1_ADE17(Trifluoperazine),,RPL16A;RPS15; RPS21;THR4;TKL2
chr3:292718,3,292718,True,True,False,GTR1_SLM4(Trifluoperazine),,"ARG5,6;ARG1"
chr4:520430,4,520430,True,True,False,ALO1_HYR1(Fluconazole);ALO1_UIP4(Fluconazole);ERG11_HYR1(Fluconazole);ERV25_UIP4(Fluconazole);GTR1_SLM4(Fluconazole);MID2_TPO2(Fluconazole);MID2_TPO4(Fluconazole);TPO1_TPO2(Fluconazole),,ABP1;ADH4; ZRG5;ADH6;APE3;ASN2;BAT1;BGL2; SCW9;BMH2;CNB1;PEP4;CPS1; CPS;LPD1; DHLP1;DOA1;DUT1;NOP1; LOT3;FPR1;FPR2; FKB2;PGI1;GAP1;RDI1;GNA1; PAT1;GLR1;GVP36;HRI1;HSP60; MIF4;SUI2; TIF211;ADK1;KES1; OSH4;LEO1;LSB5;LSP1;MBF1; SUF13;MET3;EGD2;EGD1;NAP1;YDR432W;NPT1;NTF2;PAA1;GPH1;PIL1;PUP2; DOA5;URA5; PYR5;RAD23;RAS2;RFA3;RIB3;RPL14B;RPL24B; RPL30B;RPL37A; RPL35A;RPL6A;RPL8A;RPS2;RPS29A;RPS29B;RPS7A; RPS30;SAR1;SBA1;SCW4;SEC13; ANU3;SFM1;SBP1;STE24; AFC1;GRS1;THR4;TMA17;TRP2;UBC1;SHP1; UBX1;VMA4; VAT5;VPS74;WTM1;WWM1;YHR020W;YKL033W-A;YLR257W;YMR226C; YM9959.08C
chr4:605918,4,605918,True,True,False,PMC1_CTR2(5-FC);PMC1_GTR2(5-FC),,YPS1; YAP3
chr4:956734,4,956734,True,True,True,ADE17_HYR1(Metformin);RET2_EMP47(5-FC);RET2_EMP47(noDrug);SSH1_ERG11(Metformin),TCB2;MOD5;YDR338C;YMR265C;YPL245W,ATP7
chr4:957589,4,957589,True,True,True,ADE17_GIS2(noDrug),,ATP2;ATP17;COX12;GOR1;GPD2; GPD3;NDE1; NDH1;QCR2
chr4:1521818,4,1521818,True,True,False,RET2_SNA3(noDrug),,ATP17;MET3
chr5:98040,5,98040,True,True,True,HNM1_RBD2(Fluconazole),,TCB3
chr5:225774,5,225774,True,True,True,SNA4_VAC8(noDrug),,ARG8
chr5:249522,5,249522,True,True,True,MID2_TPO4(Fluconazole);RET2_EMP70(Fluconazole),,CPS1; CPS
chr5:251756,5,251756,True,True,False,MID2_TPO4(Fluconazole);SSH1_ORM2(Fluconazole),,HBN1
chr5:290040,5,290040,True,True,False,DHH1_LSM3(Fluconazole);ERV25_ORM2(Fluconazole);HNM1_ERG11(Fluconazole);SNA4_VAC8(Fluconazole),,GOR1
chr5:561193,5,561193,True,True,False,RET2_SNA3(Fluconazole);SNA4_GTR2(Fluconazole),,PYC1; PYV
chr5:563565,5,563565,True,True,False,SNA4_GTR2(Fluconazole),,YNL247W; N0885
chr5:565800,5,565800,True,True,False,RET2_SNA3(Metformin),,LAT1
chr6:245636,6,245636,True,True,False,HNM1_TPO1(Fluconazole),,THR4
chr7:45353,7,45353,True,True,False,TPO1_TPO2(Fluconazole),,LPD1; DHLP1
chr7:408316,7,408316,True,True,True,ERG11_ORM2(Metformin),,IDP1
chr7:412555,7,412555,True,True,False,ERG11_ORM2(Metformin),,ERG1;RPS1B
chr7:417241,7,417241,True,True,True,ERG11_ORM2(Metformin),,TAL1
chr7:876941,7,876941,True,True,False,ADE17_GIS2(Metformin),,"ACO1; GLU1;ACO2;AHP1;ARA1;ARO4;SEC26;FAS1;FAS2;GCV2; GSD2;LYS20;IMD4;INO1;LEU1;MAP1;ADE5,7;RPL24A;RPL25;RPN2; SEN3;SAH1;SDH2;YPL225W"
chr7:885849,7,885849,True,True,False,HNM1_TPO2(Metformin),,YPS1; YAP3
chr7:951285,7,951285,True,True,False,ERG11_ACF2(Metformin);MID2_MAM33(Metformin),,MRP8;YNK1;RTC3;YBR053C; YBR0506;YMR090W; YM9582.15;YNR034W-A
chr8:65889,8,65889,True,True,False,ERG11_ORM2(Fluconazole);ERV25_ORM2(Fluconazole),,YPK1; SLI2
chr8:74739,8,74739,True,True,True,DHH1_LSM3(Fluconazole);ERV25_ERG5(Fluconazole);ERV25_ORM2(Fluconazole);GTR1_SLM4(Fluconazole),,FAA1
chr8:122347,8,122347,True,True,False,ERG11_PIS1(Fluconazole),,ENO1
chr8:455783,8,455783,True,True,False,MID2_TPO2(Fluconazole),,GOR1
chr9:144955,9,144955,True,True,True,HNM1_TPO4(Fluconazole),,ABF2; HIM1;ARO4;GAD1;DUG1;HSP104;HXK2;MRX4;PRY1;ADE6
chr9:249625,9,249625,True,True,False,ALO1_ADE17(Fluconazole),,YMR090W; YM9582.15
chr9:250484,9,250484,True,True,True,ALO1_ADE17(5-FC);ALO1_ADE17(Metformin);ALO1_ADE17(Trifluoperazine);ERV25_UIP4(noDrug),,GGC1
chr9:260947,9,260947,True,True,False,HUG1_ADE17(5-FC);MID2_TPO4(Fluconazole),,ECM19;HSP26
chr9:270686,9,270686,True,True,True,DHH1_LSM3(noDrug);RET2_EMP70(Metformin);RET2_EMP70(Trifluoperazine);RET2_SNA3(Trifluoperazine);RET2_SNA3(noDrug),,PSA1
chr10:359824,10,359824,True,True,False,ERG11_ERV25(noDrug);MID2_TPO4(noDrug),,ACO2;ATP15;CCT8
chr10:618031,10,618031,True,True,False,RET2_SNA3(Fluconazole),,TKL2
chr11:191520,11,191520,True,True,False,ERG11_ACF2(Trifluoperazine);ERG27_ACF2(noDrug);ERV25_ERG5(5-FC);ERV25_ERG5(Trifluoperazine);FMP45_MEP1(Trifluoperazine);FMP45_MEP1(noDrug);PMC1_CTR2(noDrug),,ARG8
chr11:234262,11,234262,True,True,False,GTR1_SLM4(Trifluoperazine),,NOP1; LOT3;ISD11
chr11:285782,11,285782,True,True,False,ADE17_HYR1(Fluconazole),,MDH1;MNN2
chr12:19930,12,19930,True,True,False,GTR1_SLM4(Fluconazole);HNM1_RBD2(Fluconazole);MID2_PIN2(Fluconazole);PLM2_HNM1(Trifluoperazine);PLM2_SNA3(5-FC);PLM2_SNA3(Fluconazole);PLM2_SNA3(Trifluoperazine);PLM2_SNA3(noDrug);RET2_EMP47(Fluconazole);SRO9_DHH1(Fluconazole),,MDH3;PIL1
chr12:87080,12,87080,True,True,True,ERG11_TPO4(5-FC);MID2_WSC2(Metformin),,POR1
chr12:547680,12,547680,True,True,False,ERG11_HYR1(5-FC),,HOM3;HXT3;RPE1
chr12:570923,12,570923,True,True,False,HNM1_TPO2(Fluconazole),,SHM1; SHMT1;TAL1
chr12:873682,12,873682,True,True,False,ERV25_EMP47(5-FC),,APE1;SSC1; ENS1;ILV3;FAA1;YCP4
chr12:1019132,12,1019132,True,True,True,RET2_EMP47(Metformin),,ECM19;PRT1; CDC63;OLA1;RPL8B;RPS29B;TPM1;TSA1;YPT1; YP2
chr13:69500,13,69500,True,True,False,ERG11_ERG5(noDrug),,PIL1
chr13:99275,13,99275,True,True,True,ALO1_UIP4(Metformin);ERG11_PIS1(5-FC);ERG11_PIS1(Metformin);ERG11_PIS1(Trifluoperazine);ERV25_EMP47(Metformin);MID2_TPO2(Metformin);SNA4_GTR2(Trifluoperazine),RCF2,RPS7B
chr13:268101,13,268101,True,True,False,MID2_TPO4(Fluconazole),,ABF2; HIM1
chr13:353678,13,353678,True,True,False,MID2_TPO4(Fluconazole),,BRP1
chr13:500701,13,500701,True,True,True,SRO9_GIS2(Metformin),SPC24,IDH2;SHB17
chr13:509480,13,509480,True,True,True,ERG11_TPO4(Metformin),NCW1,ASN1;LYS20;MTD1;ADE1;ADE16;ADE17;VMA1
chr13:509524,13,509524,True,True,False,ERG11_PIS1(Metformin);HNM1_TPO4(Metformin);SRO9_SGN1(Metformin),,ATP1;ATP4;ATP3;CIT1;COX12;COX13;COX9;DPH5;YHB1; YHB;FUM1;GLY1;MDH1;NDI1;ADE2;COR1; QCR1;QCR2;YIR035C
chr13:577143,13,577143,True,True,True,ALO1_HYR1(Fluconazole),,RNR4; CRT3
chr14:7114,14,7114,True,True,False,ERV25_UIP4(Trifluoperazine);HNM1_MAM33(Metformin);HNM1_MAM33(Trifluoperazine),,COP1;SEC26;STE24; AFC1
chr14:233872,14,233872,True,True,False,ERV25_PIS1(Fluconazole);PLM2_SNA3(5-FC),,LSC1
chr14:237449,14,237449,True,True,True,MID2_TPO4(5-FC),,CCT5; TCP5
chr14:250138,14,250138,True,True,True,HNM1_RBD2(5-FC),,RPT5; YTA1;SML1
chr14:257173,14,257173,True,True,False,HNM1_RBD2(Metformin),,GDA1;PGK1;SCL1
chr14:441268,14,441268,True,True,True,ERG11_HYR1(Fluconazole);HNM1_MID2(Fluconazole);PLM2_SNA3(Fluconazole),ATS1;ALG7;SHG1;PBP4;HPT1;FMP52;TUB2;GYP8;PMA1;KSS1;MNT3;RPE1;BIT61;PHD1;SRN2;FUS2;PFK27;CKB2;YOR366W;AFT2;BEM4;NOP53;POC4;YPR063C;OPT2;SIW14;DGA1;PIS1,MET17;GLO2
chr14:599354,14,599354,True,True,False,ERG11_ERG5(Fluconazole),,ACH1;ATP5; OSCP;TUF1; TUFM;MDH1;LSC1
chr14:642445,14,642445,True,True,False,ERG11_MID2(Fluconazole),,LSP1;VMA5
chr15:93845,15,93845,True,True,True,ERG11_ERV25(Fluconazole),,PET10
chr15:168558,15,168558,True,True,True,SRO9_GIS2(Metformin),,SER1; SERC;UBP6
chr15:171150,15,171150,True,True,True,ADE17_PGM2(5-FC),FLC2;CDC24;ADE1;SCT1;PDR3;RCR1;IST2;RTC2;NGR1;ROT2;TAE1;SSH1;APE3;HBN1;YCP4;LRG1;PHO13;HBT1;FMP45;RTN2;MRX19;YDL085C-A;NDE2;MBP1;NPC2;MPS1;REG1;TPI1;COX26;YDR133C;UPC2;CRF1;HXT7;PKH3;KRE2;CYC7;GIP2;YER121W;PDA1;RIM15;LPD1;MET10;DUG1;YGL242C;MDS3;XRN1;INO80;GPI10;SCY1;PEX8;CTT1;GTO1;YGR201C;PUP2;YOR1;LAG1;YHI9;HXT5;FMO1;SCH9;OM45;SLM1;XBP1;CBR1;YIR016W;IRC24;PEX2;MNN5;SWI3;YJL163C;CIS3;TOK1;ZAP1;YJR015W;ASH1;GPM1;SDH1;MBR1;MDH1;DPC7;BYE1;ECM4;YCT1;POM33;SUL2;NHA1;SLS1;YLR152C;MSS51;CCC1;RCK2;ACO1;CST9;DCK1;TUB3;NTE1;AMD1;EIS1;MSN2;PGM2;SHH3;RGM1;YMR196W;TOM40;ERG24;RTC4;YNL234W;PPN2;YNL195C;YNL194C;RHO5;PGA2;MET4;EOS1;COX5A;HOL1;CDC33;MDH2;REX4;DCS2;GAC1;HER1;CIN1;ALD4;USV1;UIP4;YPL113C;PMA2;LSP1;MCM4;NVJ2;NCA2;KRE6;GPH1;BSP1;SKI3;LYS20;YDL180W;SNQ2;CYM1;AFG3;RIM4;BNA3;SDO1;RPM2;GAL11;PET127;AKR2;CRC1;MDM32;PNS1;MED4;MGM1;MOD5;YOP1,AIM45;GAS5;HCH1;HIS1;BCY1;LSO2;LYS9; LYS13;YKL151C; YKL606;PDB1;OYE2;PRO2;ADE17;RPS12;SDH8; FMP21;YMR196W; YM9646.09
chr15:194895,15,194895,True,True,False,HNM1_RBD2(Metformin);HNM1_TPO1(Fluconazole);SSH1_ERV25(Metformin);SSH1_PIS1(Fluconazole),,RLP7; RPL7
chr15:204722,15,204722,True,True,False,ADE17_GIS2(5-FC);HNM1_RBD2(5-FC);HNM1_RBD2(Fluconazole);SSH1_ERG11(Fluconazole),,MET22; HAL2
chr15:238354,15,238354,True,True,False,ERG11_ERG5(Metformin),,IDI1; BOT2;RIB3
chr15:442681,15,442681,True,True,True,ADE17_HYR1(Trifluoperazine);ADE17_HYR1(noDrug);ADE17_PGM2(Trifluoperazine);ALO1_ADE17(5-FC);ALO1_UIP4(Fluconazole);ERV25_RBD2(5-FC);ERV25_RBD2(Metformin);HNM1_RBD2(Trifluoperazine),,CKA2
chr15:448815,15,448815,True,True,False,ALO1_HYR1(5-FC);ALO1_HYR1(noDrug);ALO1_UIP4(5-FC);ALO1_UIP4(Metformin);ALO1_UIP4(Trifluoperazine);ALO1_UIP4(noDrug);DHH1_LSM3(5-FC);ERG11_ACF2(5-FC);ERG11_ACF2(Metformin);ERG11_ACF2(Trifluoperazine);ERG11_ACF2(noDrug);ERG11_ERG5(Trifluoperazine);ERG11_HYR1(Trifluoperazine);ERG11_HYR1(noDrug);ERG11_MID2(5-FC);ERG11_MID2(Trifluoperazine);ERG11_ORM2(Trifluoperazine);ERG11_ORM2(noDrug);ERG11_PIS1(5-FC);ERG11_PIS1(Trifluoperazine);ERG11_PIS1(noDrug);ERG11_TPO4(5-FC);ERG11_TPO4(Trifluoperazine);ERG11_TPO4(noDrug);ERV25_ERG5(5-FC);ERV25_ERG5(Metformin);ERV25_ORM2(5-FC);ERV25_ORM2(Metformin);ERV25_ORM2(Trifluoperazine);ERV25_ORM2(noDrug);FMP45_HNM1(5-FC);FMP45_HNM1(Metformin);FMP45_MEP1(5-FC);FMP45_MID2(5-FC);FMP45_MID2(Metformin);FMP45_MID2(Trifluoperazine);HNM1_ERG11(5-FC);HNM1_ERG11(Metformin);HNM1_ERG11(Trifluoperazine);HNM1_ERG11(noDrug);HNM1_MID2(5-FC);HNM1_MID2(Trifluoperazine);HNM1_MID2(noDrug);HUG1_PGM2(Metformin);HUG1_PGM2(Trifluoperazine);MID2_MAM33(Trifluoperazine);MID2_MAM33(noDrug);MID2_PIN2(5-FC);MID2_PIN2(Metformin);MID2_RSN1(5-FC);MID2_RSN1(Metformin);MID2_TPO2(5-FC);MID2_TPO2(Metformin);MID2_TPO2(Trifluoperazine);MID2_TPO4(Metformin);PLM2_HNM1(Trifluoperazine);PMC1_CTR2(5-FC);PMC1_CTR2(Metformin);PMC1_CTR2(Trifluoperazine);PMC1_GTR2(5-FC);PMC1_GTR2(Metformin);PMC1_GTR2(Trifluoperazine);PMC1_GTR2(noDrug);SNA4_GTR2(5-FC);SRO9_DHH1(5-FC);SRO9_DHH1(Trifluoperazine);SRO9_GIS2(Trifluoperazine);SRO9_SGN1(5-FC);SRO9_SGN1(Trifluoperazine);SRO9_SGN1(noDrug);SSH1_ERG11(5-FC);SSH1_ERG11(Metformin);SSH1_ERG11(Trifluoperazine);SSH1_ERG11(noDrug);SSH1_ERV25(5-FC);SSH1_ERV25(Metformin);SSH1_ERV25(Trifluoperazine);SSH1_ERV25(noDrug);SSH1_ORM2(5-FC);SSH1_ORM2(Metformin);SSH1_ORM2(Trifluoperazine);SSH1_ORM2(noDrug);SSH1_PIS1(Trifluoperazine);TPO1_TPO2(5-FC),,AIM2;GOR1;FAA1;GPH1
chr15:867290,15,867290,True,True,True,ADE17_PGM2(Trifluoperazine),,ARO4;LYS20
chr15:870871,15,870871,True,True,False,ADE17_PGM2(noDrug),,ADH4; ZRG5;SSA2;PGK1
chr15:880049,15,880049,True,True,False,ERG11_ERV25(noDrug),,URA1;RNR4; CRT3
chr16:246835,16,246835,True,True,False,ERG11_HYR1(5-FC);GTR1_SLM4(Trifluoperazine),,RRB1;VMA13; CLS11
chr16:586993,16,586993,True,True,False,FMP45_MID2(5-FC);HNM1_RBD2(noDrug),,ABF2; HIM1;ACH1;AIM2;BMH1;BMH2;CDC48;LIA1; MMD1;TEF4; EFC1;UGA1;GLT1;GRE3;SSA1;HSP78;MET3;RAS2;MES1;THS1;ZRT1
chr16:587395,16,587395,True,True,False,FMP45_MID2(noDrug);HNM1_RBD2(Trifluoperazine),,ACT1;MVD1;UTH1
chr16:587778,16,587778,True,True,False,FMP45_HNM1(noDrug);FMP45_MID2(Trifluoperazine),,COX13
chr16:786427,16,786427,True,True,False,ERG11_ORM2(5-FC),,DYS1;DPH5;END3;LYS9; LYS13;PUP3;RNR4; CRT3;PET123
chr16:859747,16,859747,True,True,False,ALO1_HYR1(5-FC);ALO1_HYR1(noDrug);ERG27_ACF2(noDrug);HNM1_ERG11(5-FC);HNM1_ERG11(Trifluoperazine);HNM1_TPO4(5-FC);HNM1_TPO4(noDrug);HUG1_ALO1(noDrug);MID2_PIN2(Fluconazole);MID2_RSN1(noDrug);MID2_TPO2(Fluconazole);MID2_TPO2(noDrug);PLM2_HNM1(Fluconazole);PLM2_HNM1(Metformin);PLM2_HNM1(noDrug);PMC1_CTR2(Fluconazole);SRO9_DHH1(5-FC);SRO9_DHH1(Fluconazole);SRO9_DHH1(noDrug),,GDH1; URE1
