sid_index	SNP	Chr	ChrPos	PValue	EffectSize	Pheno	type	abs_effect	cis_trans
522	rs_chromosome5_81334	5	81334	1.73027011821271e-06	0.0105176497143721	YAL005C	TRANS	0.0105176497143721	trans
7704	rs_chromosome12_874900	12	874900	2.62602854622278e-06	0.0169410189080993	YAL005C	TRANS	0.0169410189080993	trans
7058	rs_chromosome13_833534	13	833534	2.94643537201397e-06	0.0526875752569483	YAL023C	TRANS	0.0526875752569483	trans
2485	rs_chromosome7_255756	7	255756	3.16018456532083e-06	0.0872331818633369	YAL038W	TRANS	0.0872331818633369	trans
2711	rs_chromosome15_286242	15	286242	8.25024027810829e-06	0.0817169219228034	YAL038W	TRANS	0.0817169219228034	trans
8098	rs_chromosome4_993763	4	993763	1.56985748120122e-05	0.010094043975415	YAR007C	TRANS	0.010094043975415	trans
1498	rs_chromosome7_147603	7	147603	1.55299084333318e-06	0.0514440164660858	YAR007C	TRANS	0.0514440164660858	trans
1353	rs_chromosome11_125651	11	125651	1.54442628124225e-06	0.0197310458985648	YAR007C	TRANS	0.0197310458985648	trans
3079	rs_chromosome14_335071	14	335071	8.65303211834771e-06	0.0337728852056228	YAR007C	TRANS	0.0337728852056228	trans
2967	rs_chromosome16_337961	16	337961	1.72804526299188e-06	0.0251619084808203	YAR015W	TRANS	0.0251619084808203	trans
4855	rs_chromosome10_587423	10	587423	4.94094873651716e-06	0.0647248730366678	YBL026W	TRANS	0.0647248730366678	trans
3927	rs_chromosome16_468415	16	468415	2.72267147947223e-06	0.0288574712986547	YBL026W	TRANS	0.0288574712986547	trans
625	rs_chromosome12_78868	12	78868	4.67759626499823e-06	0.0503730342968139	YBL041W	TRANS	0.0503730342968139	trans
3820	rs_chromosome14_411046	14	411046	1.55791032419425e-06	0.0087832285716424	YBL045C	TRANS	0.0087832285716424	trans
7075	rs_chromosome16_840263	16	840263	3.9002846114682e-06	0.162379197259142	YBL045C	TRANS	0.162379197259142	trans
5073	rs_chromosome4_601302	4	601302	2.04734999398928e-07	0.0279727831763703	YBL058W	TRANS	0.0279727831763703	trans
2177	rs_chromosome14_215116	14	215116	1.19437859771604e-06	0.122869230841522	YBL064C	TRANS	0.122869230841522	trans
6285	rs_chromosome14_711925	14	711925	1.34556165244351e-06	0.0175938866064135	YBL064C	TRANS	0.0175938866064135	trans
8044	rs_chromosome7_920124	7	920124	1.59765046740951e-06	0.0494365541650279	YBR011C	TRANS	0.0494365541650279	trans
6684	rs_chromosome16_791479	16	791479	1.81577834691933e-06	0.0134505712746968	YBR088C	TRANS	0.0134505712746968	trans
4275	rs_chromosome8_498433	8	498433	2.18102738417028e-06	0.0965868684910312	YBR177C	TRANS	0.0965868684910312	trans
3364	rs_chromosome14_361119	14	361119	3.87675079449097e-06	0.0821202742376951	YBR177C	TRANS	0.0821202742376951	trans
4223	rs_chromosome8_491483	8	491483	3.12092867525071e-06	0.0458170126880878	YBR221C	TRANS	0.0458170126880878	trans
5419	rs_chromosome15_571944	15	571944	2.29786554674202e-06	0.0144013502316212	YBR234C	TRANS	0.0144013502316212	trans
6356	rs_chromosome15_674568	15	674568	7.23689504406721e-06	0.0420431666352637	YBR234C	TRANS	0.0420431666352637	trans
6357	rs_chromosome15_674588	15	674588	7.23689504406721e-06	0.0420431666352637	YBR234C	TRANS	0.0420431666352637	trans
6358	rs_chromosome15_674631	15	674631	7.23689504406721e-06	0.0420431666352637	YBR234C	TRANS	0.0420431666352637	trans
4361	rs_chromosome13_562064	13	562064	2.87113177177134e-06	0.0434887618485687	YBR263W	TRANS	0.0434887618485687	trans
580	rs_chromosome1_74451	1	74451	8.15097081374748e-07	0.0121194935072088	YBR265W	TRANS	0.0121194935072088	trans
559	rs_chromosome3_75130	3	75130	1.79142320886566e-06	0.135461334591229	YCL026C-B	CIS	0.135461334591229	cis
780	rs_chromosome3_106931	3	106931	2.94377342827982e-06	0.0604966574816259	YCL026C-B	TRANS	0.0604966574816259	trans
2003	rs_chromosome16_224341	16	224341	3.73071589324675e-06	0.0245026471720337	YCL026C-B	TRANS	0.0245026471720337	trans
18	rs_chromosome2_7824	2	7824	4.15264316254991e-07	0.0075288809962915	YCL028W	TRANS	0.0075288809962915	trans
7716	rs_chromosome13_913190	13	913190	4.32504349618818e-06	0.115841351212181	YCL030C	TRANS	0.115841351212181	trans
1463	rs_chromosome13_169914	13	169914	1.03855899602088e-06	0.0155284892443274	YCL050C	TRANS	0.0155284892443274	trans
555	rs_chromosome6_85718	6	85718	3.88596837612335e-06	0.142207796980044	YCR083W	TRANS	0.142207796980044	trans
3696	rs_chromosome4_451706	4	451706	5.86061998440717e-07	0.0129667045111434	YCR084C	TRANS	0.0129667045111434	trans
1498	rs_chromosome7_147603	7	147603	4.45470417872806e-06	0.039790613338498	YCR084C	TRANS	0.039790613338498	trans
2483	rs_chromosome7_254979	7	254979	4.19751604991146e-08	0.0165261408373206	YCR084C	TRANS	0.0165261408373206	trans
6749	rs_chromosome12_795036	12	795036	8.12558170696251e-07	0.0597875521332511	YCR084C	TRANS	0.0597875521332511	trans
1547	rs_chromosome15_168532	15	168532	2.26058020482611e-06	0.0538101754160939	YCR084C	TRANS	0.0538101754160939	trans
1784	rs_chromosome15_189231	15	189231	4.37880978508878e-06	0.0451788230319695	YCR084C	TRANS	0.0451788230319695	trans
5726	rs_chromosome15_616835	15	616835	3.84001910260621e-06	0.0103310425510733	YCR084C	TRANS	0.0103310425510733	trans
6274	rs_chromosome15_668741	15	668741	3.97888920157104e-07	0.0125341761204302	YCR084C	TRANS	0.0125341761204302	trans
807	rs_chromosome11_78131	11	78131	3.93435245694173e-06	0.0583418738018922	YCR088W	TRANS	0.0583418738018922	trans
809	rs_chromosome11_78169	11	78169	3.93435245694173e-06	0.0583418738018922	YCR088W	TRANS	0.0583418738018922	trans
283	rs_chromosome12_39154	12	39154	1.62298755041404e-06	0.0176584665333045	YCR088W	TRANS	0.0176584665333045	trans
2315	rs_chromosome15_244594	15	244594	6.2910836752901e-06	0.0094498077125053	YDL007W	TRANS	0.0094498077125053	trans
2155	rs_chromosome5_261798	5	261798	5.38612299320919e-07	0.034387777755994	YDL022W	TRANS	0.034387777755994	trans
2160	rs_chromosome5_262066	5	262066	4.6581902769398e-06	0.0814352791889017	YDL022W	TRANS	0.0814352791889017	trans
615	rs_chromosome7_64329	7	64329	2.3181600666466e-06	0.0100250228389632	YDL022W	TRANS	0.0100250228389632	trans
5218	rs_chromosome10_618419	10	618419	2.98404925632503e-06	0.0498494409797314	YDL022W	TRANS	0.0498494409797314	trans
8184	rs_chromosome7_943177	7	943177	3.49340901643152e-06	0.0079723336160375	YDL046W	TRANS	0.0079723336160375	trans
2177	rs_chromosome14_215116	14	215116	1.99773413413356e-06	0.126553343036194	YDL046W	TRANS	0.126553343036194	trans
2794	rs_chromosome4_355467	4	355467	1.0851809386902402e-09	0.0473911357493521	YDL055C	CIS	0.0473911357493521	cis
2815	rs_chromosome4_357529	4	357529	6.26893235515964e-07	0.18327155613035	YDL055C	CIS	0.18327155613035	cis
724	rs_chromosome14_84464	14	84464	3.38428977805073e-06	0.0570219518380162	YDL081C	TRANS	0.0570219518380162	trans
3808	rs_chromosome12_408015	12	408015	3.58522167702237e-06	0.189155412881002	YDL095W	TRANS	0.189155412881002	trans
3846	rs_chromosome12_412826	12	412826	4.61626815758669e-06	0.110717159871827	YDL095W	TRANS	0.110717159871827	trans
3615	rs_chromosome15_379461	15	379461	6.43927735222371e-06	0.119258900000563	YDL095W	TRANS	0.119258900000563	trans
2080	rs_chromosome6_254049	6	254049	3.61040564038183e-06	0.154584087466384	YDL100C	TRANS	0.154584087466384	trans
3517	rs_chromosome4_424011	4	424011	3.95134422157336e-06	0.0179763830551589	YDL103C	TRANS	0.0179763830551589	trans
724	rs_chromosome14_84464	14	84464	2.65699707789615e-06	0.0579859011290511	YDL130W	TRANS	0.0579859011290511	trans
5585	rs_chromosome12_668131	12	668131	2.81418880875408e-06	0.0301075684622747	YDL140C	TRANS	0.0301075684622747	trans
4518	rs_chromosome12_528702	12	528702	7.7784117929445e-07	0.0296949228002944	YDL143W	TRANS	0.0296949228002944	trans
3696	rs_chromosome4_451706	4	451706	3.814182242221e-06	0.0171936311061215	YDL145C	TRANS	0.0171936311061215	trans
1499	rs_chromosome4_190248	4	190248	1.90980495662849e-07	0.0932350420176435	YDL147W	CIS	0.0932350420176435	cis
3515	rs_chromosome10_397093	10	397093	1.66408492149488e-06	0.0915186291627049	YDL147W	TRANS	0.0915186291627049	trans
5515	rs_chromosome10_651313	10	651313	2.23597085878717e-06	0.101921414545842	YDL147W	TRANS	0.101921414545842	trans
5516	rs_chromosome10_651316	10	651316	2.23597085878717e-06	0.101921414545842	YDL147W	TRANS	0.101921414545842	trans
1212	rs_chromosome4_158966	4	158966	3.40190029717931e-06	0.0945408374224593	YDL168W	CIS	0.0945408374224593	cis
1216	rs_chromosome4_159051	4	159051	1.76091645521211e-06	0.0377043897954458	YDL168W	CIS	0.0377043897954458	cis
1220	rs_chromosome4_159190	4	159190	4.43462727272812e-08	0.0857771841009021	YDL168W	CIS	0.0857771841009021	cis
1229	rs_chromosome4_159333	4	159333	1.45497387254295e-06	0.0151305684741624	YDL168W	CIS	0.0151305684741624	cis
1231	rs_chromosome4_159428	4	159428	1.72988450524694e-39	0.336799273126443	YDL168W	CIS	0.336799273126443	cis
1234	rs_chromosome4_159505	4	159505	1.35428443171663e-07	0.144286928775555	YDL168W	CIS	0.144286928775555	cis
1371	rs_chromosome4_173776	4	173776	1.2746947097273e-06	0.0604157998723978	YDL168W	CIS	0.0604157998723978	cis
3696	rs_chromosome4_451706	4	451706	4.54157668142587e-06	0.0164970568773345	YDL185W	TRANS	0.0164970568773345	trans
3980	rs_chromosome8_456359	8	456359	2.02454014348991e-06	0.008931504671736	YDL198C	TRANS	0.008931504671736	trans
5496	rs_chromosome13_698569	13	698569	7.30480635717148e-06	0.0508281998187211	YDL229W	TRANS	0.0508281998187211	trans
11768	rs_chromosome4_1437868	4	1437868	3.68229201897701e-07	0.0551868453210201	YDL236W	TRANS	0.0551868453210201	trans
41	rs_chromosome5_25974	5	25974	6.36111658216772e-08	0.0161957646624302	YDL236W	TRANS	0.0161957646624302	trans
4518	rs_chromosome12_528702	12	528702	9.78432169255333e-06	0.024843027783031	YDR023W	TRANS	0.024843027783031	trans
205	rs_chromosome8_26753	8	26753	8.48997284047492e-06	0.0413055504925302	YDR032C	TRANS	0.0413055504925302	trans
1090	rs_chromosome9_147476	9	147476	4.75001809912993e-07	0.0161230986524367	YDR050C	TRANS	0.0161230986524367	trans
3387	rs_chromosome10_381896	10	381896	3.73193619503144e-06	0.0661384830833651	YDR050C	TRANS	0.0661384830833651	trans
1323	rs_chromosome6_173887	6	173887	4.64848506726435e-06	0.0118695459999828	YDR064W	TRANS	0.0118695459999828	trans
724	rs_chromosome14_84464	14	84464	1.91632979962132e-06	0.0596687613630699	YDR064W	TRANS	0.0596687613630699	trans
7670	rs_chromosome15_842183	15	842183	5.91651569314809e-08	0.0233838741758213	YDR135C	TRANS	0.0233838741758213	trans
1071	rs_chromosome14_122891	14	122891	2.95827361405489e-06	0.0123590561755926	YDR158W	TRANS	0.0123590561755926	trans
3003	rs_chromosome10_337322	10	337322	4.90319979610846e-06	0.0147063674613375	YDR172W	TRANS	0.0147063674613375	trans
727	rs_chromosome4_95378	4	95378	2.41479531247654e-07	0.0570784136429981	YDR174W	TRANS	0.0570784136429981	trans
7863	rs_chromosome4_955274	4	955274	5.30424937517213e-06	0.0353383231392964	YDR174W	TRANS	0.0353383231392964	trans
3111	rs_chromosome10_350479	10	350479	1.13407636648001e-06	0.0271166731226975	YDR174W	TRANS	0.0271166731226975	trans
1159	rs_chromosome11_108911	11	108911	1.38610536222297e-06	0.0220986673986742	YDR174W	TRANS	0.0220986673986742	trans
1393	rs_chromosome11_129709	11	129709	2.99646980278637e-07	0.025274258750846	YDR174W	TRANS	0.025274258750846	trans
1601	rs_chromosome11_148491	11	148491	3.44907960463331e-06	0.0193829844529785	YDR174W	TRANS	0.0193829844529785	trans
6348	rs_chromosome7_740010	7	740010	4.98194029144192e-07	0.013533371025125	YDR177W	TRANS	0.013533371025125	trans
2459	rs_chromosome7_253916	7	253916	4.99035721765005e-06	0.0662936379155521	YDR226W	TRANS	0.0662936379155521	trans
337	rs_chromosome8_39906	8	39906	9.74826945242748e-07	0.0114571614952114	YDR226W	TRANS	0.0114571614952114	trans
7654	rs_chromosome4_930989	4	930989	2.40147918918455e-06	0.0970953504199412	YDR233C	CIS	0.0970953504199412	cis
7762	rs_chromosome15_850889	15	850889	6.42203279570209e-06	0.016064900409351	YDR233C	TRANS	0.016064900409351	trans
135	rs_chromosome11_16303	11	16303	8.46095918725719e-06	0.0587205111898422	YDR238C	TRANS	0.0587205111898422	trans
5699	rs_chromosome7_673934	7	673934	4.0467727675805e-06	0.0281383295809212	YDR293C	TRANS	0.0281383295809212	trans
287	rs_chromosome6_64321	6	64321	3.47474175594367e-06	0.0592794027891495	YDR298C	TRANS	0.0592794027891495	trans
5515	rs_chromosome12_657022	12	657022	8.12246143258393e-06	0.0914442387987212	YDR298C	TRANS	0.0914442387987212	trans
5528	rs_chromosome15_588288	15	588288	3.84438549714226e-06	0.182969139297512	YDR368W	TRANS	0.182969139297512	trans
5018	rs_chromosome2_620149	2	620149	2.72803426752878e-06	0.0250023220551008	YDR382W	TRANS	0.0250023220551008	trans
1372	rs_chromosome13_158654	13	158654	1.16369781439345e-06	0.0519819457011476	YDR427W	TRANS	0.0519819457011476	trans
7701	rs_chromosome16_921388	16	921388	3.15428079738752e-06	0.0099033659953948	YDR454C	TRANS	0.0099033659953948	trans
571	rs_chromosome4_78181	4	78181	3.09501917503307e-08	0.180148232863961	YDR502C	TRANS	0.180148232863961	trans
3732	rs_chromosome12_399187	12	399187	8.7592458738791e-07	0.0217415416640484	YEL002C	TRANS	0.0217415416640484	trans
7058	rs_chromosome13_833534	13	833534	6.40421629996573e-06	0.0505451263155864	YEL002C	TRANS	0.0505451263155864	trans
145	rs_chromosome14_25390	14	25390	2.01126859276422e-06	0.0200770917533628	YEL013W	TRANS	0.0200770917533628	trans
5726	rs_chromosome15_616835	15	616835	1.1936468337984e-06	0.0187307858757908	YEL013W	TRANS	0.0187307858757908	trans
3003	rs_chromosome10_337322	10	337322	7.86059718560041e-07	0.0165303357924131	YEL042W	TRANS	0.0165303357924131	trans
1323	rs_chromosome6_173887	6	173887	3.19919988561005e-06	0.0126148487684609	YEL051W	TRANS	0.0126148487684609	trans
3492	rs_chromosome10_395144	10	395144	4.94483108928939e-06	0.0148943709894156	YEL051W	TRANS	0.0148943709894156	trans
2092	rs_chromosome8_225830	8	225830	1.82437184765074e-06	0.0252741250005558	YEL071W	TRANS	0.0252741250005558	trans
1173	rs_chromosome5_159475	5	159475	1.3613858897442e-07	0.136177947544394	YER004W	CIS	0.136177947544394	cis
3848	rs_chromosome2_501746	2	501746	6.09454718059859e-06	0.028559405855872	YER021W	TRANS	0.028559405855872	trans
2081	rs_chromosome3_208066	3	208066	1.54392390703203e-06	0.0442432168536315	YER021W	TRANS	0.0442432168536315	trans
3492	rs_chromosome10_395144	10	395144	2.88604253299987e-06	0.0181843590318315	YER023W	TRANS	0.0181843590318315	trans
1141	rs_chromosome11_105814	11	105814	7.4292578761413e-07	0.0253979823443755	YER023W	TRANS	0.0253979823443755	trans
3557	rs_chromosome16_420298	16	420298	2.94067009846731e-07	0.0835403056749975	YER036C	TRANS	0.0835403056749975	trans
3980	rs_chromosome8_456359	8	456359	1.89546544293391e-06	0.0085588749182219	YER055C	TRANS	0.0085588749182219	trans
2396	rs_chromosome15_254944	15	254944	2.353862244727e-06	0.0157421187262069	YER055C	TRANS	0.0157421187262069	trans
3696	rs_chromosome4_451706	4	451706	1.64151836115095e-06	0.0227374612780762	YER070W	TRANS	0.0227374612780762	trans
4523	rs_chromosome14_491097	14	491097	2.28516924665094e-06	0.0578561905894212	YER070W	TRANS	0.0578561905894212	trans
3197	rs_chromosome16_363977	16	363977	5.68085041858948e-07	0.164563310160915	YER080W	TRANS	0.164563310160915	trans
6904	rs_chromosome16_821491	16	821491	6.93015769952838e-06	0.060928880476024	YER086W	TRANS	0.060928880476024	trans
1508	rs_chromosome9_194686	9	194686	8.0262800916736e-07	0.106649544932509	YER094C	TRANS	0.106649544932509	trans
3003	rs_chromosome10_337322	10	337322	2.59209030103864e-06	0.0156553893455573	YER110C	TRANS	0.0156553893455573	trans
6348	rs_chromosome7_740010	7	740010	3.6111933593342e-06	0.0119209184154475	YER177W	TRANS	0.0119209184154475	trans
10566	rs_chromosome4_1288278	4	1288278	8.79851138620973e-07	0.0188328252514365	YER178W	TRANS	0.0188328252514365	trans
6041	rs_chromosome13_754943	13	754943	4.34503908533683e-06	0.0961288044274504	YFL022C	TRANS	0.0961288044274504	trans
6196	rs_chromosome16_725524	16	725524	1.82392466693599e-06	0.0124777937665591	YFL037W	TRANS	0.0124777937665591	trans
2334	rs_chromosome13_293539	13	293539	2.64899086990609e-06	0.122075314941211	YFL039C	TRANS	0.122075314941211	trans
3224	rs_chromosome9_394283	9	394283	2.67082094714856e-06	0.0159356066785362	YGL008C	TRANS	0.0159356066785362	trans
6274	rs_chromosome15_668741	15	668741	4.06795084416495e-06	0.0121615309682665	YGL008C	TRANS	0.0121615309682665	trans
5018	rs_chromosome2_620149	2	620149	4.14513618980807e-06	0.0245521327327468	YGL030W	TRANS	0.0245521327327468	trans
724	rs_chromosome14_84464	14	84464	5.39483247201178e-07	0.0653204018171971	YGL030W	TRANS	0.0653204018171971	trans
2092	rs_chromosome6_254882	6	254882	2.87042610789978e-06	0.21045135662798	YGL048C	TRANS	0.21045135662798	trans
2484	rs_chromosome10_287568	10	287568	3.04512315494474e-07	0.0083334840251684	YGL103W	TRANS	0.0083334840251684	trans
6548	rs_chromosome12_776449	12	776449	6.00621210738084e-07	0.0137055970778496	YGL103W	TRANS	0.0137055970778496	trans
2532	rs_chromosome16_282972	16	282972	2.28505524138366e-06	0.0608355582269412	YGL123W	TRANS	0.0608355582269412	trans
6332	rs_chromosome12_750337	12	750337	9.24253762006363e-07	0.0428180571762584	YGL125W	TRANS	0.0428180571762584	trans
7980	rs_chromosome12_908785	12	908785	6.99220167408734e-07	0.0347261753281165	YGL137W	TRANS	0.0347261753281165	trans
2813	rs_chromosome4_357312	4	357312	2.86663460552347e-06	0.0440357823642472	YGL148W	TRANS	0.0440357823642472	trans
1306	rs_chromosome13_147350	13	147350	7.67197924859275e-07	0.0108851135896626	YGL202W	TRANS	0.0108851135896626	trans
47	rs_chromosome5_26417	5	26417	2.23780049782281e-06	0.0326495081701329	YGL206C	TRANS	0.0326495081701329	trans
3696	rs_chromosome4_451706	4	451706	1.9497018471576e-06	0.0208798655498369	YGL207W	TRANS	0.0208798655498369	trans
7670	rs_chromosome15_842183	15	842183	9.47335383222048e-07	0.0197987283542073	YGL207W	TRANS	0.0197987283542073	trans
7066	rs_chromosome13_835289	13	835289	3.95339741696419e-06	0.137849806484138	YGL253W	TRANS	0.137849806484138	trans
3250	rs_chromosome15_332789	15	332789	3.11905938118219e-06	0.0308942964767769	YGL253W	TRANS	0.0308942964767769	trans
6781	rs_chromosome14_750776	14	750776	2.7209350106188e-06	0.0555938632602231	YGR037C	TRANS	0.0555938632602231	trans
8754	rs_chromosome4_1059598	4	1059598	5.84595496466419e-07	0.116282081053225	YGR132C	TRANS	0.116282081053225	trans
8755	rs_chromosome4_1059600	4	1059600	5.84595496466419e-07	0.116282081053225	YGR132C	TRANS	0.116282081053225	trans
2148	rs_chromosome3_214369	3	214369	5.96885568923484e-07	0.0187086364790659	YGR135W	TRANS	0.0187086364790659	trans
1752	rs_chromosome7_172624	7	172624	2.70707681907128e-06	0.0356201185876606	YGR155W	TRANS	0.0356201185876606	trans
1971	rs_chromosome7_199929	7	199929	4.3408064022145e-06	0.0146748813122117	YGR155W	TRANS	0.0146748813122117	trans
2058	rs_chromosome7_207715	7	207715	4.46029351834602e-06	0.0429343960116386	YGR155W	TRANS	0.0429343960116386	trans
3416	rs_chromosome7_362116	7	362116	1.80633065780242e-06	0.072413048552132	YGR157W	TRANS	0.072413048552132	trans
7346	rs_chromosome7_846990	7	846990	1.671924294066e-06	0.177433702122581	YGR173W	CIS	0.177433702122581	cis
866	rs_chromosome15_105291	15	105291	1.04695639879954e-06	0.135128057050112	YGR178C	TRANS	0.135128057050112	trans
5276	rs_chromosome16_610294	16	610294	2.66919530151841e-06	0.0648857881129914	YGR178C	TRANS	0.0648857881129914	trans
3841	rs_chromosome11_382913	11	382913	2.67364527192662e-06	0.0615060367435202	YGR189C	TRANS	0.0615060367435202	trans
7665	rs_chromosome13_910506	13	910506	5.01516297630497e-06	0.0157267795673262	YGR204W	TRANS	0.0157267795673262	trans
8014	rs_chromosome7_916853	7	916853	2.50594154098167e-06	0.0753583583767759	YGR211W	CIS	0.0753583583767759	cis
5458	rs_chromosome11_571065	11	571065	2.68047840411602e-06	0.0278479764789533	YGR211W	TRANS	0.0278479764789533	trans
6551	rs_chromosome12_776923	12	776923	2.58694364760589e-06	0.0409449028005887	YGR267C	TRANS	0.0409449028005887	trans
1306	rs_chromosome13_147350	13	147350	2.57121519150675e-06	0.0089193624150906	YGR267C	TRANS	0.0089193624150906	trans
9094	rs_chromosome7_1050159	7	1050159	1.79652806492414e-06	0.0485156224533118	YGR279C	CIS	0.0485156224533118	cis
9095	rs_chromosome7_1050164	7	1050164	1.79652806492414e-06	0.0485156224533118	YGR279C	CIS	0.0485156224533118	cis
345	rs_chromosome10_64629	10	64629	7.67470211104743e-07	0.0238889830710458	YHR019C	TRANS	0.0238889830710458	trans
6565	rs_chromosome15_699816	15	699816	2.97521867166199e-06	0.0092006601562852	YHR025W	TRANS	0.0092006601562852	trans
3771	rs_chromosome13_486389	13	486389	9.31133052836874e-07	0.013677878203972	YHR027C	TRANS	0.013677878203972	trans
1326	rs_chromosome7_134770	7	134770	3.26195350547965e-06	0.0120653543503559	YHR037W	TRANS	0.0120653543503559	trans
7937	rs_chromosome4_962979	4	962979	1.91585897704878e-06	0.0259522080692989	YHR051W	TRANS	0.0259522080692989	trans
3820	rs_chromosome14_411046	14	411046	5.53438868780308e-06	0.0080619213733841	YHR051W	TRANS	0.0080619213733841	trans
3696	rs_chromosome4_451706	4	451706	7.79661819393354e-07	0.0237644861433973	YHR087W	TRANS	0.0237644861433973	trans
3162	rs_chromosome7_330896	7	330896	2.42152878336953e-06	0.0089482505528814	YHR146W	TRANS	0.0089482505528814	trans
1960	rs_chromosome14_193388	14	193388	4.06359584424351e-06	0.0118997963373335	YHR193C	TRANS	0.0118997963373335	trans
3081	rs_chromosome13_398820	13	398820	2.90462702601199e-06	0.0343994127992033	YIL033C	TRANS	0.0343994127992033	trans
282	rs_chromosome9_57857	9	57857	3.38889219722352e-06	0.0341267173584721	YIL041W	TRANS	0.0341267173584721	trans
1815	rs_chromosome2_249967	2	249967	2.15405729551461e-06	0.11765460396449	YIL109C	TRANS	0.11765460396449	trans
4518	rs_chromosome12_528702	12	528702	4.42685446035453e-06	0.0260173387273198	YIL142W	TRANS	0.0260173387273198	trans
5777	rs_chromosome12_684046	12	684046	5.09876735350406e-06	0.0559935781828946	YIR006C	TRANS	0.0559935781828946	trans
1229	rs_chromosome1_146738	1	146738	1.16594708102171e-06	0.163632219783968	YIR034C	TRANS	0.163632219783968	trans
1260	rs_chromosome14_136306	14	136306	2.1517411949011e-06	0.069017121892898	YJL001W	TRANS	0.069017121892898	trans
625	rs_chromosome12_78868	12	78868	4.22641428302082e-06	0.0561959625450056	YJL008C	TRANS	0.0561959625450056	trans
7058	rs_chromosome13_833534	13	833534	7.11379285078535e-06	0.0478296372736634	YJL008C	TRANS	0.0478296372736634	trans
7353	rs_chromosome15_801745	15	801745	3.01179115780447e-06	0.036366008258148	YJL014W	TRANS	0.036366008258148	trans
7505	rs_chromosome16_900592	16	900592	1.72097755990826e-06	0.0774392597526811	YJL014W	TRANS	0.0774392597526811	trans
47	rs_chromosome5_26417	5	26417	4.58299187312711e-06	0.0303077505003208	YJL020C	TRANS	0.0303077505003208	trans
5272	rs_chromosome10_624658	10	624658	3.19279742194279e-06	0.013726013058214	YJL052W	TRANS	0.013726013058214	trans
4104	rs_chromosome14_438531	14	438531	3.10789998830523e-06	0.046406453333152	YJL052W	TRANS	0.046406453333152	trans
5490	rs_chromosome13_698372	13	698372	3.72354667942204e-06	0.0568526313022254	YJL080C	TRANS	0.0568526313022254	trans
188	rs_chromosome15_57711	15	57711	1.71967540131499e-06	0.0408099374000472	YJL111W	TRANS	0.0408099374000472	trans
1299	rs_chromosome10_150921	10	150921	3.67731844534526e-06	0.143822795510589	YJL140W	CIS	0.143822795510589	cis
8888	rs_chromosome12_1020076	12	1020076	1.00950682833097e-06	0.0804708208335164	YJL140W	TRANS	0.0804708208335164	trans
6904	rs_chromosome16_821491	16	821491	2.56660479167927e-06	0.0905066173056909	YJL200C	TRANS	0.0905066173056909	trans
4249	rs_chromosome7_469734	7	469734	8.61152962802422e-07	0.0374448489158428	YJR014W	TRANS	0.0374448489158428	trans
5585	rs_chromosome12_668131	12	668131	2.11383763270665e-06	0.0293493575785182	YJR045C	TRANS	0.0293493575785182	trans
2149	rs_chromosome2_302254	2	302254	2.69953108041354e-06	0.0320170093484673	YJR069C	TRANS	0.0320170093484673	trans
4249	rs_chromosome7_469734	7	469734	2.10602573356419e-06	0.0363060286128417	YJR069C	TRANS	0.0363060286128417	trans
5983	rs_chromosome16_697099	16	697099	2.81353432644222e-06	0.0132924781789617	YJR069C	TRANS	0.0132924781789617	trans
585	rs_chromosome3_78442	3	78442	3.9369082984614e-06	0.0126475960824885	YJR073C	TRANS	0.0126475960824885	trans
1717	rs_chromosome13_206354	13	206354	4.11427346808049e-06	0.0369152705758073	YJR073C	TRANS	0.0369152705758073	trans
724	rs_chromosome14_84464	14	84464	1.25604960364026e-06	0.0617889883949899	YJR123W	TRANS	0.0617889883949899	trans
1141	rs_chromosome11_105814	11	105814	7.43868176530839e-08	0.0282693988850188	YJR139C	TRANS	0.0282693988850188	trans
5941	rs_chromosome13_740894	13	740894	5.25852843757094e-07	0.0595981912029509	YJR139C	TRANS	0.0595981912029509	trans
4936	rs_chromosome16_586008	16	586008	3.29719260438383e-06	0.0165896427126888	YJR139C	TRANS	0.0165896427126888	trans
3847	rs_chromosome11_383487	11	383487	1.00915864902449e-06	0.142255928885934	YKL024C	CIS	0.142255928885934	cis
3946	rs_chromosome11_392226	11	392226	1.90407220184821e-07	0.20464916884919	YKL024C	CIS	0.20464916884919	cis
2813	rs_chromosome4_357312	4	357312	2.83889817755575e-06	0.0431664865557602	YKL056C	TRANS	0.0431664865557602	trans
6980	rs_chromosome16_828223	16	828223	3.4478161545873e-06	0.035947642391253	YKL060C	TRANS	0.035947642391253	trans
1651	rs_chromosome12_179029	12	179029	1.67956856865619e-06	0.120464287506955	YKL080W	TRANS	0.120464287506955	trans
1153	rs_chromosome9_154387	9	154387	4.60159728848549e-06	0.0316904315031342	YKL081W	TRANS	0.0316904315031342	trans
7492	rs_chromosome7_862090	7	862090	7.05686563624242e-06	0.015747541911627	YKL085W	TRANS	0.015747541911627	trans
6285	rs_chromosome14_711925	14	711925	5.6825015720549e-07	0.0213559482146859	YKL103C	TRANS	0.0213559482146859	trans
503	rs_chromosome11_46828	11	46828	2.41092204357496e-06	0.0549462053398997	YKL117W	TRANS	0.0549462053398997	trans
6348	rs_chromosome7_740010	7	740010	2.37777314748502e-06	0.0122237042596617	YKL142W	TRANS	0.0122237042596617	trans
1865	rs_chromosome11_178928	11	178928	3.18364629624505e-06	0.0111644137608704	YKL142W	CIS	0.0111644137608704	cis
4499	rs_chromosome10_543721	10	543721	2.92216791694746e-06	0.0386082158218576	YKL157W	TRANS	0.0386082158218576	trans
6885	rs_chromosome12_807455	12	807455	4.58007630971576e-06	0.11386855642325	YKL182W	TRANS	0.11386855642325	trans
5103	rs_chromosome15_530063	15	530063	2.72506516268897e-06	0.0185179237539193	YKL182W	TRANS	0.0185179237539193	trans
4197	rs_chromosome13_541134	13	541134	1.83694751407083e-06	0.0454179800437633	YKL212W	TRANS	0.0454179800437633	trans
6348	rs_chromosome7_740010	7	740010	9.70776202039549e-07	0.0126347415807874	YKR014C	TRANS	0.0126347415807874	trans
4818	rs_chromosome7_559321	7	559321	4.47201886955915e-06	0.0183636913885298	YKR048C	TRANS	0.0183636913885298	trans
615	rs_chromosome7_64329	7	64329	5.04188956966045e-06	0.0092325837300063	YKR080W	TRANS	0.0092325837300063	trans
727	rs_chromosome4_95378	4	95378	5.28518466061802e-06	0.0423352859925882	YLL026W	TRANS	0.0423352859925882	trans
522	rs_chromosome5_81334	5	81334	5.01792240311029e-07	0.0107931776080963	YLL026W	TRANS	0.0107931776080963	trans
4646	rs_chromosome10_563290	10	563290	1.70425242837218e-06	0.0898338650578791	YLL026W	TRANS	0.0898338650578791	trans
744	rs_chromosome12_88452	12	88452	4.58094773977223e-07	0.0681587959231801	YLL026W	CIS	0.0681587959231801	cis
917	rs_chromosome13_97472	13	97472	1.57808245711988e-06	0.0313076640286041	YLL026W	TRANS	0.0313076640286041	trans
3071	rs_chromosome9_381742	9	381742	3.09919254652255e-06	0.0256571879808097	YLL050C	TRANS	0.0256571879808097	trans
3935	rs_chromosome8_449988	8	449988	1.90934843592619e-06	0.0097969675149356	YLR025W	TRANS	0.0097969675149356	trans
7795	rs_chromosome16_926649	16	926649	9.2052582165062e-06	0.0186741021826757	YLR044C	TRANS	0.0186741021826757	trans
2399	rs_chromosome12_263103	12	263103	1.9510309707563698e-12	0.0766522591781415	YLR061W	CIS	0.0766522591781415	cis
2403	rs_chromosome12_263319	12	263319	9.76041879608057e-07	0.0515868790481204	YLR061W	CIS	0.0515868790481204	cis
2404	rs_chromosome12_263502	12	263502	2.74167374182154e-14	0.0915158564409425	YLR061W	CIS	0.0915158564409425	cis
6196	rs_chromosome16_725524	16	725524	4.56783892527522e-06	0.0113184539246232	YLR100W	TRANS	0.0113184539246232	trans
5284	rs_chromosome12_619476	12	619476	1.50552371626716e-07	0.067530990738161	YLR133W	TRANS	0.067530990738161	trans
3394	rs_chromosome14_363258	14	363258	3.23200180164457e-06	0.0311517222094174	YLR133W	TRANS	0.0311517222094174	trans
1940	rs_chromosome11_186624	11	186624	1.1798286051846e-06	0.0232878985332997	YLR134W	TRANS	0.0232878985332997	trans
268	rs_chromosome12_37184	12	37184	5.73358182099936e-08	0.0282621781788126	YLR134W	TRANS	0.0282621781788126	trans
2143	rs_chromosome12_233182	12	233182	5.84024878182272e-08	0.0130421709664025	YLR134W	TRANS	0.0130421709664025	trans
2144	rs_chromosome12_233229	12	233229	9.5902991902973e-09	0.0217712959511521	YLR134W	TRANS	0.0217712959511521	trans
8082	rs_chromosome12_921874	12	921874	1.15409342654127e-07	0.0268970007274684	YLR134W	TRANS	0.0268970007274684	trans
4920	rs_chromosome16_584853	16	584853	3.23495207999011e-06	0.0383813662053039	YLR134W	TRANS	0.0383813662053039	trans
6821	rs_chromosome12_803025	12	803025	4.64521855984779e-06	0.0163777958277779	YLR150W	TRANS	0.0163777958277779	trans
690	rs_chromosome10_96753	10	96753	2.32037267506834e-07	0.0140629294419442	YLR153C	TRANS	0.0140629294419442	trans
2186	rs_chromosome4_282025	4	282025	8.04629392571785e-07	0.0426881329967089	YLR179C	TRANS	0.0426881329967089	trans
1767	rs_chromosome5_219367	5	219367	5.29332250917097e-06	0.0214643428674345	YLR179C	TRANS	0.0214643428674345	trans
772	rs_chromosome6_103689	6	103689	4.91892086327052e-06	0.14069433737256	YLR179C	TRANS	0.14069433737256	trans
249	rs_chromosome7_23140	7	23140	3.05303952742681e-06	0.0865553020745357	YLR179C	TRANS	0.0865553020745357	trans
3290	rs_chromosome8_377326	8	377326	5.72422139616846e-07	0.031290064627056	YLR179C	TRANS	0.031290064627056	trans
4402	rs_chromosome12_514634	12	514634	1.58781235759316e-32	0.496226900842351	YLR179C	CIS	0.496226900842351	cis
4410	rs_chromosome12_515006	12	515006	1.11583742693698e-08	0.0415327490302425	YLR179C	CIS	0.0415327490302425	cis
4427	rs_chromosome12_516896	12	516896	2.16974138029582e-07	0.187814505422053	YLR179C	CIS	0.187814505422053	cis
4618	rs_chromosome12_539905	12	539905	5.49400571138457e-07	0.162321861010133	YLR179C	CIS	0.162321861010133	cis
4680	rs_chromosome12_547572	12	547572	4.0426762477222e-06	0.0909709812344187	YLR179C	TRANS	0.0909709812344187	trans
4697	rs_chromosome12_549589	12	549589	4.43653116117362e-07	0.139009161917013	YLR179C	TRANS	0.139009161917013	trans
4727	rs_chromosome12_552874	12	552874	1.90242899640234e-06	0.139311327780496	YLR179C	TRANS	0.139311327780496	trans
4754	rs_chromosome12_554490	12	554490	3.11335337829438e-07	0.172433007604312	YLR179C	TRANS	0.172433007604312	trans
4783	rs_chromosome12_557933	12	557933	1.18689018404651e-06	0.0783587374582053	YLR179C	TRANS	0.0783587374582053	trans
5941	rs_chromosome13_740894	13	740894	3.93816030244388e-11	0.0658153655617522	YLR179C	TRANS	0.0658153655617522	trans
765	rs_chromosome14_89336	14	89336	3.43080618255417e-06	0.0149099661311244	YLR179C	TRANS	0.0149099661311244	trans
5322	rs_chromosome14_593545	14	593545	7.02488886104732e-06	0.0113404596266823	YLR179C	TRANS	0.0113404596266823	trans
4701	rs_chromosome15_494161	15	494161	4.70274367026897e-07	0.0161997955113168	YLR179C	TRANS	0.0161997955113168	trans
7430	rs_chromosome15_809724	15	809724	2.81760591597829e-06	0.0667849359185904	YLR179C	TRANS	0.0667849359185904	trans
7434	rs_chromosome15_810088	15	810088	6.61475849207562e-06	0.0866066267710468	YLR179C	TRANS	0.0866066267710468	trans
5690	rs_chromosome16_662450	16	662450	5.18268929824607e-06	0.104191619013521	YLR179C	TRANS	0.104191619013521	trans
2903	rs_chromosome7_313053	7	313053	5.80335116141154e-06	0.132924516192478	YLR180W	TRANS	0.132924516192478	trans
4410	rs_chromosome12_515006	12	515006	2.34895474432348e-06	0.0528489399192781	YLR180W	CIS	0.0528489399192781	cis
245	rs_chromosome7_22684	7	22684	2.17004169593244e-06	0.0352975208964038	YLR192C	TRANS	0.0352975208964038	trans
1441	rs_chromosome12_162223	12	162223	6.73675786910658e-06	0.0114707071739053	YLR197W	TRANS	0.0114707071739053	trans
585	rs_chromosome3_78442	3	78442	2.69651147059197e-07	0.0094765900553076	YLR259C	TRANS	0.0094765900553076	trans
707	rs_chromosome4_91053	4	91053	2.05152758768501e-06	0.0092845012446966	YLR259C	TRANS	0.0092845012446966	trans
2292	rs_chromosome5_276069	5	276069	2.85798894087945e-06	0.0086489183659679	YLR259C	TRANS	0.0086489183659679	trans
1582	rs_chromosome9_203358	9	203358	1.10641149114524e-06	0.0107402512408605	YLR259C	TRANS	0.0107402512408605	trans
3141	rs_chromosome14_342754	14	342754	2.03558046778648e-07	0.012388557537213	YLR259C	TRANS	0.012388557537213	trans
3158	rs_chromosome14_344770	14	344770	2.03064661600543e-06	0.0115393717996234	YLR259C	TRANS	0.0115393717996234	trans
8103	rs_chromosome15_902678	15	902678	2.10200371288415e-06	0.0117649095362146	YLR259C	TRANS	0.0117649095362146	trans
1477	rs_chromosome16_169469	16	169469	1.8074662707988e-06	0.0124413820031069	YLR259C	TRANS	0.0124413820031069	trans
5597	rs_chromosome16_651423	16	651423	1.11321732707311e-06	0.0092938302399685	YLR259C	TRANS	0.0092938302399685	trans
1304	rs_chromosome4_165740	4	165740	1.18387642809779e-06	0.101048029401998	YLR300W	TRANS	0.101048029401998	trans
5642	rs_chromosome7_668284	7	668284	1.53293987067739e-06	0.0213246842062884	YLR300W	TRANS	0.0213246842062884	trans
4540	rs_chromosome11_460991	11	460991	6.63174137187274e-06	0.044986196128057	YLR300W	TRANS	0.044986196128057	trans
1059	rs_chromosome8_104040	8	104040	3.74410681585977e-06	0.198070250295362	YLR303W	TRANS	0.198070250295362	trans
441	rs_chromosome13_46481	13	46481	7.09584985523306e-07	0.0751232496143672	YLR304C	TRANS	0.0751232496143672	trans
724	rs_chromosome14_84464	14	84464	5.67752123658862e-07	0.0694386159663471	YLR325C	TRANS	0.0694386159663471	trans
3003	rs_chromosome10_337322	10	337322	1.47828440737846e-06	0.0141737958986576	YLR342W	TRANS	0.0141737958986576	trans
5218	rs_chromosome10_618419	10	618419	7.59352123619999e-07	0.0473735616737768	YLR342W	TRANS	0.0473735616737768	trans
2888	rs_chromosome16_327318	16	327318	2.54896469003012e-06	0.0496034895358767	YLR347C	TRANS	0.0496034895358767	trans
4901	rs_chromosome14_537771	14	537771	3.24036688253995e-06	0.175942428187525	YLR378C	TRANS	0.175942428187525	trans
6821	rs_chromosome12_803025	12	803025	3.11037231785446e-06	0.0161646400934303	YLR441C	TRANS	0.0161646400934303	trans
724	rs_chromosome14_84464	14	84464	1.38605750685057e-06	0.0632500462537095	YLR441C	TRANS	0.0632500462537095	trans
3696	rs_chromosome4_451706	4	451706	5.24825166098033e-06	0.0179219844595842	YML010W	TRANS	0.0179219844595842	trans
5726	rs_chromosome15_616835	15	616835	1.62484908103263e-06	0.0154344670741002	YML069W	TRANS	0.0154344670741002	trans
724	rs_chromosome14_84464	14	84464	7.86114113478553e-07	0.0655333630580621	YML073C	TRANS	0.0655333630580621	trans
585	rs_chromosome3_78442	3	78442	8.12425898446771e-07	0.0161727897423158	YML078W	TRANS	0.0161727897423158	trans
1771	rs_chromosome11_168767	11	168767	2.11451567389061e-06	0.0202154865723025	YML078W	TRANS	0.0202154865723025	trans
4692	rs_chromosome12_548799	12	548799	7.52726750362578e-06	0.0223819668334321	YML078W	TRANS	0.0223819668334321	trans
1710	rs_chromosome13_206010	13	206010	3.99441522199116e-06	0.0191087373545177	YML078W	TRANS	0.0191087373545177	trans
5824	rs_chromosome13_724212	13	724212	8.04760487235398e-07	0.0213022340689131	YML078W	TRANS	0.0213022340689131	trans
145	rs_chromosome14_25390	14	25390	1.42440047759184e-06	0.0198471879735639	YML078W	TRANS	0.0198471879735639	trans
6240	rs_chromosome16_732124	16	732124	2.87903653095024e-07	0.026157029823226	YML078W	TRANS	0.026157029823226	trans
4462	rs_chromosome10_540182	10	540182	6.54044539072879e-06	0.0109204069896072	YML092C	TRANS	0.0109204069896072	trans
5490	rs_chromosome13_698372	13	698372	6.26511465926067e-08	0.0820679459796013	YMR012W	TRANS	0.0820679459796013	trans
3285	rs_chromosome7_346793	7	346793	8.91782441549941e-07	0.100375736436841	YMR027W	TRANS	0.100375736436841	trans
3288	rs_chromosome13_426219	13	426219	1.8497706892949e-07	0.0596915766257476	YMR079W	CIS	0.0596915766257476	cis
3342	rs_chromosome13_434221	13	434221	2.39593638926338e-07	0.0377274897494875	YMR083W	CIS	0.0377274897494875	cis
3550	rs_chromosome10_403524	10	403524	4.49667225666912e-06	0.0100481966240937	YMR092C	TRANS	0.0100481966240937	trans
3528	rs_chromosome13_453976	13	453976	1.09072258810522e-13	0.0727266786078038	YMR092C	CIS	0.0727266786078038	cis
2862	rs_chromosome4_361321	4	361321	3.99419107310306e-06	0.0196095668006066	YMR099C	TRANS	0.0196095668006066	trans
4895	rs_chromosome13_626993	13	626993	3.20022836207821e-06	0.0587053747939585	YMR099C	TRANS	0.0587053747939585	trans
2177	rs_chromosome14_215116	14	215116	5.35590458213407e-06	0.104123107620602	YMR105C	TRANS	0.104123107620602	trans
6904	rs_chromosome16_821491	16	821491	1.59021619273492e-06	0.0941978244239784	YMR108W	TRANS	0.0941978244239784	trans
2813	rs_chromosome4_357312	4	357312	6.41515041083328e-06	0.0385526699942081	YMR116C	TRANS	0.0385526699942081	trans
724	rs_chromosome14_84464	14	84464	4.03402173156073e-06	0.0547643243993054	YMR116C	TRANS	0.0547643243993054	trans
2967	rs_chromosome16_337961	16	337961	7.22235353172944e-06	0.0223354439619208	YMR120C	TRANS	0.0223354439619208	trans
7937	rs_chromosome4_962979	4	962979	1.09252407894876e-06	0.0281879236882396	YMR145C	TRANS	0.0281879236882396	trans
690	rs_chromosome10_96753	10	96753	5.64388313022684e-06	0.0093386512389672	YMR145C	TRANS	0.0093386512389672	trans
2490	rs_chromosome12_278390	12	278390	1.35379391980534e-06	0.017762876848816	YMR145C	TRANS	0.017762876848816	trans
1462	rs_chromosome13_169890	13	169890	3.26237540538745e-06	0.0183784216037264	YMR145C	TRANS	0.0183784216037264	trans
561	rs_chromosome9_85177	9	85177	1.29854294026108e-06	0.0465896614127024	YMR186W	TRANS	0.0465896614127024	trans
5490	rs_chromosome13_698372	13	698372	3.89791873906387e-06	0.0572488487182119	YMR203W	TRANS	0.0572488487182119	trans
6905	rs_chromosome15_747091	15	747091	4.69282031802152e-06	0.178723621149451	YMR241W	TRANS	0.178723621149451	trans
2532	rs_chromosome16_282972	16	282972	1.56920830263263e-06	0.0644869307212885	YMR260C	TRANS	0.0644869307212885	trans
6451	rs_chromosome13_793604	13	793604	4.74339031328088e-08	0.0580670974184125	YMR261C	CIS	0.0580670974184125	cis
2141	rs_chromosome16_237720	16	237720	6.85965177883329e-06	0.0315770998366766	YMR261C	TRANS	0.0315770998366766	trans
2177	rs_chromosome14_215116	14	215116	1.67041134358219e-06	0.125480097809182	YMR297W	TRANS	0.125480097809182	trans
422	rs_chromosome7_43308	7	43308	9.22676863531881e-06	0.0114004377459735	YMR314W	TRANS	0.0114004377459735	trans
1903	rs_chromosome4_246965	4	246965	4.40714333930184e-06	0.0153802960477778	YMR315W	TRANS	0.0153802960477778	trans
4035	rs_chromosome15_424565	15	424565	8.86590326005636e-07	0.020011278435222	YNL002C	TRANS	0.020011278435222	trans
522	rs_chromosome5_81334	5	81334	4.68889475984022e-06	0.0097223566703267	YNL007C	TRANS	0.0097223566703267	trans
989	rs_chromosome5_133153	5	133153	1.87799104407352e-06	0.0197286328326551	YNL007C	TRANS	0.0197286328326551	trans
4646	rs_chromosome10_563290	10	563290	3.15500665529452e-06	0.0852366347040346	YNL007C	TRANS	0.0852366347040346	trans
5279	rs_chromosome12_618828	12	618828	4.05441362118952e-06	0.0089469848972507	YNL007C	TRANS	0.0089469848972507	trans
8103	rs_chromosome15_902678	15	902678	2.75569597964443e-06	0.0131062686684913	YNL007C	TRANS	0.0131062686684913	trans
4747	rs_chromosome11_483350	11	483350	2.71727026618123e-06	0.0123398499499316	YNL085W	TRANS	0.0123398499499316	trans
2408	rs_chromosome11_237829	11	237829	5.95292440258952e-06	0.0218394690430149	YNL096C	TRANS	0.0218394690430149	trans
724	rs_chromosome14_84464	14	84464	4.74299320101238e-07	0.0684002904417638	YNL096C	TRANS	0.0684002904417638	trans
1748	rs_chromosome16_198072	16	198072	2.75363905166177e-06	0.0595186389879521	YNL096C	TRANS	0.0595186389879521	trans
4523	rs_chromosome14_491097	14	491097	4.82720974642515e-06	0.0562728474766112	YNL102W	TRANS	0.0562728474766112	trans
1059	rs_chromosome8_104040	8	104040	7.04899768135798e-06	0.162456925607487	YNL104C	TRANS	0.162456925607487	trans
2696	rs_chromosome10_301867	10	301867	5.03331681082618e-06	0.0102394643179183	YNL104C	TRANS	0.0102394643179183	trans
4260	rs_chromosome12_498323	12	498323	3.23577288677776e-07	0.04737955180097	YNL112W	TRANS	0.04737955180097	trans
8055	rs_chromosome15_893238	15	893238	3.34370136517541e-06	0.137620499058716	YNL113W	TRANS	0.137620499058716	trans
2994	rs_chromosome10_336677	10	336677	1.24228881518621e-05	0.0120093753798826	YNL132W	TRANS	0.0120093753798826	trans
3003	rs_chromosome10_337322	10	337322	9.66413522285255e-07	0.0169351267871561	YNL132W	TRANS	0.0169351267871561	trans
2740	rs_chromosome13_350249	13	350249	3.57863055486851e-06	0.0207828236927923	YNL138W	TRANS	0.0207828236927923	trans
1323	rs_chromosome6_173887	6	173887	3.75039160307078e-06	0.0120088393210152	YNL178W	TRANS	0.0120088393210152	trans
724	rs_chromosome14_84464	14	84464	2.33917860804727e-06	0.0601824711733668	YNL178W	TRANS	0.0601824711733668	trans
2785	rs_chromosome2_375878	2	375878	2.90134173231885e-06	0.0115329450977122	YNL239W	TRANS	0.0115329450977122	trans
569	rs_chromosome9_86101	9	86101	2.64611886660214e-06	0.105236415390001	YNL239W	TRANS	0.105236415390001	trans
2841	rs_chromosome16_324298	16	324298	2.71073726715574e-06	0.144516394714729	YNL287W	TRANS	0.144516394714729	trans
3696	rs_chromosome4_451706	4	451706	7.69908511654987e-06	0.0149724694637568	YNR021W	TRANS	0.0149724694637568	trans
888	rs_chromosome16_98497	16	98497	9.46837956950353e-06	0.0180058548587782	YNR021W	TRANS	0.0180058548587782	trans
889	rs_chromosome16_98500	16	98500	9.46837956950353e-06	0.0180058548587782	YNR021W	TRANS	0.0180058548587782	trans
724	rs_chromosome14_84464	14	84464	7.97194299816096e-07	0.0609897823730728	YOL039W	TRANS	0.0609897823730728	trans
831	rs_chromosome2_118962	2	118962	5.40482590920053e-06	0.0397854376335981	YOL049W	TRANS	0.0397854376335981	trans
836	rs_chromosome2_119266	2	119266	5.40482590920053e-06	0.0397854376335981	YOL049W	TRANS	0.0397854376335981	trans
840	rs_chromosome2_119573	2	119573	5.40482590920053e-06	0.0397854376335981	YOL049W	TRANS	0.0397854376335981	trans
6367	rs_chromosome2_785002	2	785002	1.61498435541542e-06	0.0394783612528549	YOL058W	TRANS	0.0394783612528549	trans
601	rs_chromosome2_93441	2	93441	1.34533485074179e-06	0.0124811255205286	YOL061W	TRANS	0.0124811255205286	trans
1071	rs_chromosome14_122891	14	122891	1.06878467953979e-06	0.0143838960058471	YOL064C	TRANS	0.0143838960058471	trans
2016	rs_chromosome3_202229	3	202229	4.96739991122275e-06	0.0099503484636369	YOR020C	TRANS	0.0099503484636369	trans
2813	rs_chromosome4_357312	4	357312	1.43794495947264e-07	0.0532653033700751	YOR063W	TRANS	0.0532653033700751	trans
690	rs_chromosome10_96753	10	96753	1.93742630048289e-06	0.0102101056675757	YOR065W	TRANS	0.0102101056675757	trans
615	rs_chromosome7_64329	7	64329	4.66830582536631e-06	0.009096037181856	YOR095C	TRANS	0.009096037181856	trans
6285	rs_chromosome14_711925	14	711925	2.23776951469355e-06	0.0185622221565341	YOR095C	TRANS	0.0185622221565341	trans
1323	rs_chromosome6_173887	6	173887	3.44869433804794e-06	0.0123252624508827	YOR096W	TRANS	0.0123252624508827	trans
1187	rs_chromosome4_156313	4	156313	4.02644801021686e-06	0.0643013928290545	YOR136W	TRANS	0.0643013928290545	trans
3846	rs_chromosome12_412826	12	412826	3.90159189526346e-06	0.0863904879637911	YOR198C	TRANS	0.0863904879637911	trans
11961	rs_chromosome4_1453164	4	1453164	4.46590100199239e-06	0.0361079545308114	YOR204W	TRANS	0.0361079545308114	trans
23	rs_chromosome4_18499	4	18499	3.74360308104931e-06	0.0069569994026056	YOR209C	TRANS	0.0069569994026056	trans
1978	rs_chromosome9_255508	9	255508	2.14487273807707e-06	0.0244652900521733	YOR209C	TRANS	0.0244652900521733	trans
6285	rs_chromosome14_711925	14	711925	1.27016973111534e-06	0.0152748510480131	YOR209C	TRANS	0.0152748510480131	trans
6821	rs_chromosome15_737961	15	737961	1.12318048338665e-07	0.150986848356936	YOR209C	CIS	0.150986848356936	cis
7553	rs_chromosome15_824910	15	824910	1.4327616362343e-06	0.172019387989902	YOR209C	TRANS	0.172019387989902	trans
2880	rs_chromosome3_307354	3	307354	6.21378024384244e-06	0.0109397547685313	YOR230W	TRANS	0.0109397547685313	trans
12100	rs_chromosome4_1467094	4	1467094	5.35177200772822e-06	0.100129523118572	YOR230W	TRANS	0.100129523118572	trans
7124	rs_chromosome15_770526	15	770526	1.45139450589017e-06	0.0132828612100929	YOR230W	CIS	0.0132828612100929	cis
10303	rs_chromosome4_1255570	4	1255570	9.95949549581809e-06	0.0258498726451152	YOR254C	TRANS	0.0258498726451152	trans
3696	rs_chromosome4_451706	4	451706	1.03410286676453e-06	0.0244508347377571	YOR270C	TRANS	0.0244508347377571	trans
6348	rs_chromosome7_740010	7	740010	6.64350408265836e-06	0.0119327351052417	YOR270C	TRANS	0.0119327351052417	trans
2752	rs_chromosome12_313034	12	313034	4.52499330954591e-06	0.0247217680670536	YOR270C	TRANS	0.0247217680670536	trans
904	rs_chromosome16_99579	16	99579	2.888048755275e-06	0.102603623901475	YOR270C	TRANS	0.102603623901475	trans
188	rs_chromosome15_57711	15	57711	4.98161059211014e-06	0.0338490323009087	YOR335C	TRANS	0.0338490323009087	trans
188	rs_chromosome15_57711	15	57711	1.8838889694386e-06	0.0396212562857755	YOR361C	TRANS	0.0396212562857755	trans
5018	rs_chromosome2_620149	2	620149	2.30816550280261e-06	0.025338624800584	YOR369C	TRANS	0.025338624800584	trans
724	rs_chromosome14_84464	14	84464	2.50328606195947e-06	0.0552927819077884	YOR369C	TRANS	0.0552927819077884	trans
5218	rs_chromosome10_618419	10	618419	4.11575568102992e-07	0.0515527531744864	YOR370C	TRANS	0.0515527531744864	trans
845	rs_chromosome1_103899	1	103899	1.80048889058531e-06	0.138176441751971	YPL028W	TRANS	0.138176441751971	trans
2529	rs_chromosome2_346125	2	346125	2.42093006403047e-06	0.0109975450663021	YPL091W	TRANS	0.0109975450663021	trans
5827	rs_chromosome4_687169	4	687169	7.33693261187942e-06	0.0358366493258229	YPL091W	TRANS	0.0358366493258229	trans
2008	rs_chromosome5_245401	5	245401	5.2977155099716805e-09	0.0273199612827342	YPL091W	TRANS	0.0273199612827342	trans
4524	rs_chromosome7_512063	7	512063	1.30844423475124e-05	0.0246092754287495	YPL091W	TRANS	0.0246092754287495	trans
21	rs_chromosome8_14636	8	14636	1.50500001254862e-11	0.0406039665040617	YPL091W	TRANS	0.0406039665040617	trans
29	rs_chromosome8_14947	8	14947	3.08645786081608e-07	0.0506644645465333	YPL091W	TRANS	0.0506644645465333	trans
40	rs_chromosome8_15293	8	15293	8.32983517023752e-08	0.0667663490480656	YPL091W	TRANS	0.0667663490480656	trans
57	rs_chromosome8_15928	8	15928	1.36607681721985e-06	0.0516578234248165	YPL091W	TRANS	0.0516578234248165	trans
72	rs_chromosome8_16634	8	16634	2.7444967918959396e-11	0.0392444540334839	YPL091W	TRANS	0.0392444540334839	trans
78	rs_chromosome8_16805	8	16805	1.81290409571569e-08	0.0952013807276661	YPL091W	TRANS	0.0952013807276661	trans
86	rs_chromosome8_16906	8	16906	2.28425301697758e-09	0.0636452131985785	YPL091W	TRANS	0.0636452131985785	trans
913	rs_chromosome12_105543	12	105543	8.45127871051282e-06	0.006498224911952	YPL091W	TRANS	0.006498224911952	trans
6778	rs_chromosome14_750743	14	750743	4.22332613010929e-06	0.0505119859441626	YPL091W	TRANS	0.0505119859441626	trans
6779	rs_chromosome14_750744	14	750744	4.22332613010929e-06	0.0505119859441626	YPL091W	TRANS	0.0505119859441626	trans
234	rs_chromosome15_61697	15	61697	1.11917853211753e-05	0.0826767560385309	YPL091W	TRANS	0.0826767560385309	trans
1409	rs_chromosome16_162438	16	162438	1.05587063891284e-07	0.111758258320248	YPL091W	TRANS	0.111758258320248	trans
3260	rs_chromosome16_373847	16	373847	1.54847456149463e-12	0.177120864257801	YPL091W	CIS	0.177120864257801	cis
3265	rs_chromosome16_374156	16	374156	2.77388416821662e-17	0.185795689797846	YPL091W	CIS	0.185795689797846	cis
3269	rs_chromosome16_375375	16	375375	1.1600946180708901e-25	0.615985508220547	YPL091W	CIS	0.615985508220547	cis
3274	rs_chromosome16_376683	16	376683	5.0030894017090695e-11	0.0353277171696479	YPL091W	CIS	0.0353277171696479	cis
3315	rs_chromosome16_381607	16	381607	1.0081968801073e-05	0.0197946687446057	YPL091W	CIS	0.0197946687446057	cis
3327	rs_chromosome16_382708	16	382708	9.07326098732539e-06	0.22413394173152	YPL091W	CIS	0.22413394173152	cis
3356	rs_chromosome16_389620	16	389620	8.15062380320971e-06	0.127790068267429	YPL091W	CIS	0.127790068267429	cis
3427	rs_chromosome16_400660	16	400660	1.13890044945009e-05	0.0086372394799693	YPL091W	CIS	0.0086372394799693	cis
6742	rs_chromosome16_797429	16	797429	7.31398626535699e-06	0.0178823796716985	YPL091W	TRANS	0.0178823796716985	trans
5181	rs_chromosome15_539719	15	539719	5.1610356808203e-07	0.0466359908207762	YPL106C	TRANS	0.0466359908207762	trans
3072	rs_chromosome16_350204	16	350204	1.79333271801902e-06	0.0348007589777888	YPL106C	CIS	0.0348007589777888	cis
3696	rs_chromosome4_451706	4	451706	5.71040312170291e-06	0.0237620550371163	YPL111W	TRANS	0.0237620550371163	trans
2322	rs_chromosome5_280968	5	280968	1.62345954774423e-06	0.0222950424642986	YPL111W	TRANS	0.0222950424642986	trans
3184	rs_chromosome5_397753	5	397753	3.63255289362332e-06	0.0243129544606457	YPL111W	TRANS	0.0243129544606457	trans
856	rs_chromosome10_116041	10	116041	3.01424199802733e-06	0.092179178312103	YPL111W	TRANS	0.092179178312103	trans
888	rs_chromosome10_118252	10	118252	2.57142849684669e-06	0.0105491072036894	YPL111W	TRANS	0.0105491072036894	trans
3109	rs_chromosome16_354703	16	354703	3.75828329350197e-06	0.0832693020055299	YPL111W	CIS	0.0832693020055299	cis
6703	rs_chromosome12_792544	12	792544	1.48965191025629e-06	0.0090838586910862	YPL117C	TRANS	0.0090838586910862	trans
574	rs_chromosome3_76973	3	76973	7.03957991704894e-07	0.0395478605170032	YPL145C	TRANS	0.0395478605170032	trans
4001	rs_chromosome4_489193	4	489193	3.40794513903378e-07	0.0226688576931284	YPL145C	TRANS	0.0226688576931284	trans
1353	rs_chromosome11_125651	11	125651	5.30353180032862e-06	0.0158807567834367	YPL145C	TRANS	0.0158807567834367	trans
2881	rs_chromosome11_287848	11	287848	3.39838964325528e-06	0.0150510789454239	YPL145C	TRANS	0.0150510789454239	trans
1616	rs_chromosome4_210797	4	210797	5.79538474643571e-07	0.0377525323364133	YPL160W	TRANS	0.0377525323364133	trans
8765	rs_chromosome7_1005364	7	1005364	2.00034401698297e-06	0.0108984889839016	YPL225W	TRANS	0.0108984889839016	trans
571	rs_chromosome4_78181	4	78181	9.36670308958759e-06	0.133163171404189	YPL231W	TRANS	0.133163171404189	trans
367	rs_chromosome7_36448	7	36448	3.1175161220428e-07	0.0805026752071031	YPL231W	TRANS	0.0805026752071031	trans
4654	rs_chromosome10_564333	10	564333	4.24535378211627e-06	0.0746686856054584	YPL240C	TRANS	0.0746686856054584	trans
2408	rs_chromosome11_237829	11	237829	2.26259130899192e-06	0.0229283539056221	YPL260W	TRANS	0.0229283539056221	trans
1903	rs_chromosome4_246965	4	246965	8.52165128248108e-07	0.0191647897542063	YPL271W	TRANS	0.0191647897542063	trans
1315	rs_chromosome2_183913	2	183913	7.45413310368604e-06	0.0121710554458236	YPR004C	TRANS	0.0121710554458236	trans
5218	rs_chromosome10_618419	10	618419	4.35035511554396e-06	0.0415671155800126	YPR004C	TRANS	0.0415671155800126	trans
3003	rs_chromosome10_337322	10	337322	9.19223132996937e-06	0.0139195506463731	YPR010C	TRANS	0.0139195506463731	trans
638	rs_chromosome3_83706	3	83706	2.41457472041173e-06	0.13651373517138	YPR016C	TRANS	0.13651373517138	trans
11052	rs_chromosome4_1351660	4	1351660	4.82628564157139e-06	0.137575812876159	YPR033C	TRANS	0.137575812876159	trans
1896	rs_chromosome16_212773	16	212773	4.22746523884748e-06	0.0438226595487351	YPR033C	TRANS	0.0438226595487351	trans
3625	rs_chromosome4_441647	4	441647	1.83202402522686e-06	0.0159067766238304	YPR036W	TRANS	0.0159067766238304	trans
3696	rs_chromosome4_451706	4	451706	3.09615651619306e-06	0.0191129500017163	YPR036W	TRANS	0.0191129500017163	trans
647	rs_chromosome6_95038	6	95038	4.94415407590048e-06	0.0180343227385679	YPR036W	TRANS	0.0180343227385679	trans
9377	rs_chromosome4_1149299	4	1149299	2.34610127945883e-06	0.0554978117873059	YPR069C	TRANS	0.0554978117873059	trans
1112	rs_chromosome11_99591	11	99591	7.64955082570243e-08	0.0318222984104595	YPR069C	TRANS	0.0318222984104595	trans
5688	rs_chromosome16_662291	16	662291	3.15380227585297e-08	0.0568824715946579	YPR069C	CIS	0.0568824715946579	cis
6250	rs_chromosome16_733512	16	733512	3.16115693048587e-06	0.0915868992251504	YPR110C	CIS	0.0915868992251504	cis
302	rs_chromosome8_36046	8	36046	1.44331940120479e-06	0.0136296981757437	YPR159W	TRANS	0.0136296981757437	trans
2384	rs_chromosome7_245148	7	245148	7.77971345319686e-06	0.0313473329421053	YPR165W	TRANS	0.0313473329421053	trans
3820	rs_chromosome14_411046	14	411046	5.31884749251314e-06	0.0081878751539731	YPR191W	TRANS	0.0081878751539731	trans
