seqid,source,type,start,end,score,strand,phase,attributes
1,LD information,LD block,1025,1035,1,+,.,Name=CHR_1_1-2
1,LD information,LD block,27243,27272,1,+,.,Name=CHR_1_8-9
1,LD information,LD block,27498,27561,1,+,.,Name=CHR_1_10-11
1,LD information,LD block,27816,28975,1,+,.,Name=CHR_1_12-19
1,LD information,LD block,29752,29787,1,+,.,Name=CHR_1_21-22
1,LD information,LD block,30706,31435,1,+,.,Name=CHR_1_25-26
1,LD information,LD block,37409,41499,1,+,.,Name=CHR_1_31-34
1,LD information,LD block,51248,60165,1,+,.,Name=CHR_1_37-43
1,LD information,LD block,62308,69417,1,+,.,Name=CHR_1_44-52
1,LD information,LD block,69820,69821,1,+,.,Name=CHR_1_53-54
1,LD information,LD block,74327,76030,1,+,.,Name=CHR_1_56-59
1,LD information,LD block,80108,99148,1,+,.,Name=CHR_1_60-79
1,LD information,LD block,106011,116283,1,+,.,Name=CHR_1_81-91
1,LD information,LD block,127853,128911,1,+,.,Name=CHR_1_93-96
1,LD information,LD block,130267,130613,1,+,.,Name=CHR_1_97-99
1,LD information,LD block,132012,150447,1,+,.,Name=CHR_1_100-106
1,LD information,LD block,154084,178960,1,+,.,Name=CHR_1_108-136
1,LD information,LD block,183802,186896,1,+,.,Name=CHR_1_140-157
1,LD information,LD block,189392,189416,1,+,.,Name=CHR_1_159-160
1,LD information,LD block,190132,190169,1,+,.,Name=CHR_1_161-164
1,LD information,LD block,192302,192305,1,+,.,Name=CHR_1_167-169
1,LD information,LD block,194020,197392,1,+,.,Name=CHR_1_172-176
1,LD information,LD block,223051,223059,1,+,.,Name=CHR_1_180-181
2,LD information,LD block,8250,8253,1,+,.,Name=CHR_2_185-186
2,LD information,LD block,8285,8651,1,+,.,Name=CHR_2_187-195
2,LD information,LD block,9812,28695,1,+,.,Name=CHR_2_197-218
2,LD information,LD block,35849,35850,1,+,.,Name=CHR_2_219-220
2,LD information,LD block,41245,59477,1,+,.,Name=CHR_2_221-231
2,LD information,LD block,60471,67007,1,+,.,Name=CHR_2_233-244
2,LD information,LD block,67023,67024,1,+,.,Name=CHR_2_245-246
2,LD information,LD block,67976,69628,1,+,.,Name=CHR_2_247-248
2,LD information,LD block,72389,74739,1,+,.,Name=CHR_2_250-254
2,LD information,LD block,79931,83845,1,+,.,Name=CHR_2_255-260
2,LD information,LD block,84447,87878,1,+,.,Name=CHR_2_263-267
2,LD information,LD block,89785,95085,1,+,.,Name=CHR_2_269-274
2,LD information,LD block,103188,116024,1,+,.,Name=CHR_2_275-282
2,LD information,LD block,119244,124677,1,+,.,Name=CHR_2_283-291
2,LD information,LD block,127887,133435,1,+,.,Name=CHR_2_293-300
2,LD information,LD block,135183,145823,1,+,.,Name=CHR_2_302-319
2,LD information,LD block,145980,150394,1,+,.,Name=CHR_2_321-324
2,LD information,LD block,151397,155527,1,+,.,Name=CHR_2_326-334
2,LD information,LD block,159870,161229,1,+,.,Name=CHR_2_335-336
2,LD information,LD block,162696,165675,1,+,.,Name=CHR_2_339-343
2,LD information,LD block,168012,169651,1,+,.,Name=CHR_2_345-349
2,LD information,LD block,170725,173973,1,+,.,Name=CHR_2_352-358
2,LD information,LD block,177341,191066,1,+,.,Name=CHR_2_360-368
2,LD information,LD block,191124,191128,1,+,.,Name=CHR_2_369-370
2,LD information,LD block,191599,192390,1,+,.,Name=CHR_2_371-375
2,LD information,LD block,195759,196912,1,+,.,Name=CHR_2_376-377
2,LD information,LD block,198110,210102,1,+,.,Name=CHR_2_379-394
2,LD information,LD block,214801,215016,1,+,.,Name=CHR_2_396-397
2,LD information,LD block,218876,254908,1,+,.,Name=CHR_2_398-411
2,LD information,LD block,255862,288379,1,+,.,Name=CHR_2_413-433
2,LD information,LD block,294941,296082,1,+,.,Name=CHR_2_434-436
2,LD information,LD block,299680,300111,1,+,.,Name=CHR_2_441-444
2,LD information,LD block,301710,312659,1,+,.,Name=CHR_2_446-457
2,LD information,LD block,318265,325221,1,+,.,Name=CHR_2_460-464
2,LD information,LD block,332691,340466,1,+,.,Name=CHR_2_465-474
2,LD information,LD block,348480,353536,1,+,.,Name=CHR_2_478-488
2,LD information,LD block,355266,369530,1,+,.,Name=CHR_2_490-504
2,LD information,LD block,369931,376172,1,+,.,Name=CHR_2_506-511
2,LD information,LD block,381364,384955,1,+,.,Name=CHR_2_512-518
2,LD information,LD block,387301,388313,1,+,.,Name=CHR_2_520-521
2,LD information,LD block,389425,389428,1,+,.,Name=CHR_2_522-523
2,LD information,LD block,390138,391319,1,+,.,Name=CHR_2_524-526
2,LD information,LD block,393340,395042,1,+,.,Name=CHR_2_527-528
2,LD information,LD block,395228,405100,1,+,.,Name=CHR_2_529-543
2,LD information,LD block,406181,418057,1,+,.,Name=CHR_2_548-553
2,LD information,LD block,419803,425467,1,+,.,Name=CHR_2_554-557
2,LD information,LD block,427842,427869,1,+,.,Name=CHR_2_558-559
2,LD information,LD block,429095,455247,1,+,.,Name=CHR_2_560-576
2,LD information,LD block,455756,460202,1,+,.,Name=CHR_2_579-582
2,LD information,LD block,460262,464079,1,+,.,Name=CHR_2_583-585
2,LD information,LD block,464424,477508,1,+,.,Name=CHR_2_586-602
2,LD information,LD block,479414,486033,1,+,.,Name=CHR_2_603-613
2,LD information,LD block,488757,499384,1,+,.,Name=CHR_2_615-624
2,LD information,LD block,500276,505207,1,+,.,Name=CHR_2_625-630
2,LD information,LD block,507274,528468,1,+,.,Name=CHR_2_632-644
2,LD information,LD block,530047,538990,1,+,.,Name=CHR_2_646-649
2,LD information,LD block,541047,541054,1,+,.,Name=CHR_2_651-652
2,LD information,LD block,542505,552681,1,+,.,Name=CHR_2_653-658
2,LD information,LD block,553949,558703,1,+,.,Name=CHR_2_660-665
2,LD information,LD block,562919,564751,1,+,.,Name=CHR_2_667-668
2,LD information,LD block,567265,567339,1,+,.,Name=CHR_2_669-670
2,LD information,LD block,571362,573624,1,+,.,Name=CHR_2_672-676
2,LD information,LD block,573868,574678,1,+,.,Name=CHR_2_678-682
2,LD information,LD block,577915,579042,1,+,.,Name=CHR_2_684-685
2,LD information,LD block,581558,582226,1,+,.,Name=CHR_2_686-687
2,LD information,LD block,592973,610624,1,+,.,Name=CHR_2_692-704
2,LD information,LD block,616723,638637,1,+,.,Name=CHR_2_706-731
2,LD information,LD block,645476,649511,1,+,.,Name=CHR_2_734-738
2,LD information,LD block,650924,662669,1,+,.,Name=CHR_2_741-745
2,LD information,LD block,668152,680493,1,+,.,Name=CHR_2_746-752
2,LD information,LD block,682076,682239,1,+,.,Name=CHR_2_754-755
2,LD information,LD block,687998,698030,1,+,.,Name=CHR_2_757-764
2,LD information,LD block,699381,701195,1,+,.,Name=CHR_2_767-771
2,LD information,LD block,703873,704219,1,+,.,Name=CHR_2_772-773
2,LD information,LD block,705106,712761,1,+,.,Name=CHR_2_776-783
2,LD information,LD block,712877,717833,1,+,.,Name=CHR_2_785-789
2,LD information,LD block,718552,720641,1,+,.,Name=CHR_2_791-796
2,LD information,LD block,722169,723281,1,+,.,Name=CHR_2_797-798
2,LD information,LD block,725477,747212,1,+,.,Name=CHR_2_800-821
2,LD information,LD block,750067,751443,1,+,.,Name=CHR_2_824-825
2,LD information,LD block,758111,773629,1,+,.,Name=CHR_2_827-834
2,LD information,LD block,774837,780187,1,+,.,Name=CHR_2_838-842
2,LD information,LD block,780443,788140,1,+,.,Name=CHR_2_845-853
2,LD information,LD block,789465,792233,1,+,.,Name=CHR_2_855-862
2,LD information,LD block,794032,801662,1,+,.,Name=CHR_2_863-872
2,LD information,LD block,801676,801677,1,+,.,Name=CHR_2_874-875
2,LD information,LD block,801689,801690,1,+,.,Name=CHR_2_876-877
3,LD information,LD block,550,583,1,+,.,Name=CHR_3_891-892
3,LD information,LD block,612,617,1,+,.,Name=CHR_3_893-894
3,LD information,LD block,776,780,1,+,.,Name=CHR_3_897-898
3,LD information,LD block,929,931,1,+,.,Name=CHR_3_899-900
3,LD information,LD block,1349,1357,1,+,.,Name=CHR_3_902-903
3,LD information,LD block,1886,1933,1,+,.,Name=CHR_3_904-905
3,LD information,LD block,2644,2869,1,+,.,Name=CHR_3_906-907
3,LD information,LD block,3249,3277,1,+,.,Name=CHR_3_909-910
3,LD information,LD block,6078,6190,1,+,.,Name=CHR_3_915-916
3,LD information,LD block,8528,9047,1,+,.,Name=CHR_3_918-920
3,LD information,LD block,14069,21337,1,+,.,Name=CHR_3_923-925
3,LD information,LD block,25563,27063,1,+,.,Name=CHR_3_928-929
3,LD information,LD block,29113,31109,1,+,.,Name=CHR_3_931-933
3,LD information,LD block,40865,49785,1,+,.,Name=CHR_3_936-949
3,LD information,LD block,52350,56674,1,+,.,Name=CHR_3_952-955
3,LD information,LD block,57055,57071,1,+,.,Name=CHR_3_959-960
3,LD information,LD block,59518,64656,1,+,.,Name=CHR_3_961-968
3,LD information,LD block,67277,76147,1,+,.,Name=CHR_3_969-980
3,LD information,LD block,79867,80444,1,+,.,Name=CHR_3_982-984
3,LD information,LD block,82706,84195,1,+,.,Name=CHR_3_986-987
3,LD information,LD block,84800,84803,1,+,.,Name=CHR_3_993-995
3,LD information,LD block,90611,90727,1,+,.,Name=CHR_3_997-1001
3,LD information,LD block,92556,92716,1,+,.,Name=CHR_3_1002-1004
3,LD information,LD block,95493,114395,1,+,.,Name=CHR_3_1006-1015
3,LD information,LD block,114885,126954,1,+,.,Name=CHR_3_1016-1024
3,LD information,LD block,131971,151509,1,+,.,Name=CHR_3_1026-1049
3,LD information,LD block,151520,151550,1,+,.,Name=CHR_3_1050-1055
3,LD information,LD block,152080,152269,1,+,.,Name=CHR_3_1056-1057
3,LD information,LD block,156729,198615,1,+,.,Name=CHR_3_1059-1093
3,LD information,LD block,203261,204903,1,+,.,Name=CHR_3_1095-1098
3,LD information,LD block,207966,208702,1,+,.,Name=CHR_3_1099-1106
3,LD information,LD block,210472,211348,1,+,.,Name=CHR_3_1107-1109
3,LD information,LD block,211881,212095,1,+,.,Name=CHR_3_1111-1113
3,LD information,LD block,218769,224310,1,+,.,Name=CHR_3_1117-1122
3,LD information,LD block,226294,241126,1,+,.,Name=CHR_3_1124-1138
3,LD information,LD block,242578,247158,1,+,.,Name=CHR_3_1140-1142
3,LD information,LD block,248454,259458,1,+,.,Name=CHR_3_1144-1169
3,LD information,LD block,261281,262631,1,+,.,Name=CHR_3_1171-1172
3,LD information,LD block,265059,291204,1,+,.,Name=CHR_3_1173-1203
3,LD information,LD block,291220,291227,1,+,.,Name=CHR_3_1204-1205
3,LD information,LD block,291349,291388,1,+,.,Name=CHR_3_1206-1207
3,LD information,LD block,293842,293855,1,+,.,Name=CHR_3_1212-1214
3,LD information,LD block,295047,299460,1,+,.,Name=CHR_3_1215-1221
3,LD information,LD block,299701,302380,1,+,.,Name=CHR_3_1223-1224
3,LD information,LD block,305013,305065,1,+,.,Name=CHR_3_1229-1230
3,LD information,LD block,306993,307057,1,+,.,Name=CHR_3_1234-1240
3,LD information,LD block,307230,307245,1,+,.,Name=CHR_3_1242-1245
3,LD information,LD block,316056,316065,1,+,.,Name=CHR_3_1251-1252
4,LD information,LD block,2228,2230,1,+,.,Name=CHR_4_1253-1254
4,LD information,LD block,21871,22141,1,+,.,Name=CHR_4_1259-1260
4,LD information,LD block,26950,27059,1,+,.,Name=CHR_4_1262-1263
4,LD information,LD block,37106,39021,1,+,.,Name=CHR_4_1267-1270
4,LD information,LD block,43687,43823,1,+,.,Name=CHR_4_1271-1273
4,LD information,LD block,48617,48723,1,+,.,Name=CHR_4_1277-1278
4,LD information,LD block,49408,49675,1,+,.,Name=CHR_4_1279-1280
4,LD information,LD block,51735,52141,1,+,.,Name=CHR_4_1281-1284
4,LD information,LD block,53342,56089,1,+,.,Name=CHR_4_1285-1287
4,LD information,LD block,57719,62324,1,+,.,Name=CHR_4_1289-1293
4,LD information,LD block,65329,82701,1,+,.,Name=CHR_4_1294-1316
4,LD information,LD block,83425,135409,1,+,.,Name=CHR_4_1319-1379
4,LD information,LD block,135462,148075,1,+,.,Name=CHR_4_1381-1393
4,LD information,LD block,149204,158963,1,+,.,Name=CHR_4_1395-1406
4,LD information,LD block,160842,173461,1,+,.,Name=CHR_4_1407-1423
4,LD information,LD block,174097,174131,1,+,.,Name=CHR_4_1424-1425
4,LD information,LD block,174272,198420,1,+,.,Name=CHR_4_1426-1470
4,LD information,LD block,203027,205977,1,+,.,Name=CHR_4_1472-1474
4,LD information,LD block,210795,210833,1,+,.,Name=CHR_4_1476-1479
4,LD information,LD block,211091,211612,1,+,.,Name=CHR_4_1480-1481
4,LD information,LD block,213169,217566,1,+,.,Name=CHR_4_1484-1486
4,LD information,LD block,220692,224966,1,+,.,Name=CHR_4_1491-1499
4,LD information,LD block,228580,232107,1,+,.,Name=CHR_4_1502-1503
4,LD information,LD block,234153,251719,1,+,.,Name=CHR_4_1506-1517
4,LD information,LD block,256985,270158,1,+,.,Name=CHR_4_1521-1530
4,LD information,LD block,271035,271787,1,+,.,Name=CHR_4_1532-1533
4,LD information,LD block,274059,285234,1,+,.,Name=CHR_4_1534-1581
4,LD information,LD block,285568,299599,1,+,.,Name=CHR_4_1583-1605
4,LD information,LD block,302333,302347,1,+,.,Name=CHR_4_1608-1611
4,LD information,LD block,303011,314192,1,+,.,Name=CHR_4_1614-1623
4,LD information,LD block,315072,331098,1,+,.,Name=CHR_4_1624-1628
4,LD information,LD block,336922,340555,1,+,.,Name=CHR_4_1629-1630
4,LD information,LD block,351322,353020,1,+,.,Name=CHR_4_1631-1632
4,LD information,LD block,355467,355569,1,+,.,Name=CHR_4_1634-1635
4,LD information,LD block,356055,357802,1,+,.,Name=CHR_4_1636-1642
4,LD information,LD block,362032,364690,1,+,.,Name=CHR_4_1643-1647
4,LD information,LD block,368078,369403,1,+,.,Name=CHR_4_1648-1651
4,LD information,LD block,370874,370948,1,+,.,Name=CHR_4_1653-1654
4,LD information,LD block,372110,383923,1,+,.,Name=CHR_4_1656-1675
4,LD information,LD block,384094,397927,1,+,.,Name=CHR_4_1677-1685
4,LD information,LD block,400669,400864,1,+,.,Name=CHR_4_1686-1687
4,LD information,LD block,405368,408981,1,+,.,Name=CHR_4_1690-1691
4,LD information,LD block,413029,425858,1,+,.,Name=CHR_4_1693-1703
4,LD information,LD block,428826,434351,1,+,.,Name=CHR_4_1707-1712
4,LD information,LD block,435289,435291,1,+,.,Name=CHR_4_1713-1714
4,LD information,LD block,445208,446835,1,+,.,Name=CHR_4_1717-1718
4,LD information,LD block,450801,451837,1,+,.,Name=CHR_4_1721-1722
4,LD information,LD block,454081,471707,1,+,.,Name=CHR_4_1725-1745
4,LD information,LD block,472918,481074,1,+,.,Name=CHR_4_1747-1762
4,LD information,LD block,482653,512749,1,+,.,Name=CHR_4_1764-1781
4,LD information,LD block,520552,520665,1,+,.,Name=CHR_4_1785-1794
4,LD information,LD block,521148,523964,1,+,.,Name=CHR_4_1795-1796
4,LD information,LD block,537994,542062,1,+,.,Name=CHR_4_1797-1835
4,LD information,LD block,544372,551365,1,+,.,Name=CHR_4_1838-1850
4,LD information,LD block,553033,560213,1,+,.,Name=CHR_4_1851-1857
4,LD information,LD block,562709,567579,1,+,.,Name=CHR_4_1860-1866
4,LD information,LD block,571075,588662,1,+,.,Name=CHR_4_1869-1893
4,LD information,LD block,590025,591983,1,+,.,Name=CHR_4_1895-1902
4,LD information,LD block,593358,605918,1,+,.,Name=CHR_4_1910-1920
4,LD information,LD block,608349,621613,1,+,.,Name=CHR_4_1922-1933
4,LD information,LD block,621945,645245,1,+,.,Name=CHR_4_1935-1959
4,LD information,LD block,657631,665217,1,+,.,Name=CHR_4_1962-1969
4,LD information,LD block,667976,668243,1,+,.,Name=CHR_4_1970-1979
4,LD information,LD block,668780,681488,1,+,.,Name=CHR_4_1981-1998
4,LD information,LD block,682178,687895,1,+,.,Name=CHR_4_2000-2002
4,LD information,LD block,689337,713555,1,+,.,Name=CHR_4_2005-2034
4,LD information,LD block,721638,746943,1,+,.,Name=CHR_4_2037-2052
4,LD information,LD block,747517,747529,1,+,.,Name=CHR_4_2053-2057
4,LD information,LD block,749708,756811,1,+,.,Name=CHR_4_2059-2063
4,LD information,LD block,757471,759686,1,+,.,Name=CHR_4_2064-2067
4,LD information,LD block,760553,802519,1,+,.,Name=CHR_4_2068-2094
4,LD information,LD block,802970,804961,1,+,.,Name=CHR_4_2095-2096
4,LD information,LD block,811690,835337,1,+,.,Name=CHR_4_2100-2122
4,LD information,LD block,838720,845722,1,+,.,Name=CHR_4_2123-2138
4,LD information,LD block,846867,864546,1,+,.,Name=CHR_4_2140-2168
4,LD information,LD block,864960,864990,1,+,.,Name=CHR_4_2169-2170
4,LD information,LD block,865297,871373,1,+,.,Name=CHR_4_2171-2177
4,LD information,LD block,871622,877784,1,+,.,Name=CHR_4_2178-2182
4,LD information,LD block,877793,878026,1,+,.,Name=CHR_4_2183-2184
4,LD information,LD block,884423,892444,1,+,.,Name=CHR_4_2188-2198
4,LD information,LD block,894785,930823,1,+,.,Name=CHR_4_2200-2249
4,LD information,LD block,932727,953287,1,+,.,Name=CHR_4_2251-2273
4,LD information,LD block,956734,969630,1,+,.,Name=CHR_4_2274-2284
4,LD information,LD block,973283,1045331,1,+,.,Name=CHR_4_2286-2343
4,LD information,LD block,1046913,1052459,1,+,.,Name=CHR_4_2344-2349
4,LD information,LD block,1057927,1057929,1,+,.,Name=CHR_4_2350-2351
4,LD information,LD block,1062037,1079853,1,+,.,Name=CHR_4_2352-2362
4,LD information,LD block,1086372,1101892,1,+,.,Name=CHR_4_2364-2373
4,LD information,LD block,1102947,1108564,1,+,.,Name=CHR_4_2375-2381
4,LD information,LD block,1112991,1150593,1,+,.,Name=CHR_4_2383-2404
4,LD information,LD block,1154148,1154297,1,+,.,Name=CHR_4_2405-2410
4,LD information,LD block,1154405,1155740,1,+,.,Name=CHR_4_2411-2415
4,LD information,LD block,1156446,1158603,1,+,.,Name=CHR_4_2416-2422
4,LD information,LD block,1161556,1166231,1,+,.,Name=CHR_4_2424-2428
4,LD information,LD block,1171385,1176852,1,+,.,Name=CHR_4_2429-2441
4,LD information,LD block,1181165,1271005,1,+,.,Name=CHR_4_2443-2500
4,LD information,LD block,1272102,1276325,1,+,.,Name=CHR_4_2501-2504
4,LD information,LD block,1278407,1287974,1,+,.,Name=CHR_4_2505-2513
4,LD information,LD block,1291435,1307383,1,+,.,Name=CHR_4_2515-2526
4,LD information,LD block,1311626,1330149,1,+,.,Name=CHR_4_2528-2539
4,LD information,LD block,1333470,1352461,1,+,.,Name=CHR_4_2541-2563
4,LD information,LD block,1353994,1354322,1,+,.,Name=CHR_4_2565-2567
4,LD information,LD block,1355617,1385147,1,+,.,Name=CHR_4_2569-2587
4,LD information,LD block,1389763,1420155,1,+,.,Name=CHR_4_2589-2611
4,LD information,LD block,1424802,1441031,1,+,.,Name=CHR_4_2612-2627
4,LD information,LD block,1443800,1447474,1,+,.,Name=CHR_4_2629-2647
4,LD information,LD block,1447521,1456318,1,+,.,Name=CHR_4_2650-2664
4,LD information,LD block,1462057,1475645,1,+,.,Name=CHR_4_2672-2682
4,LD information,LD block,1480211,1489057,1,+,.,Name=CHR_4_2683-2693
4,LD information,LD block,1490851,1492707,1,+,.,Name=CHR_4_2695-2699
4,LD information,LD block,1493150,1495032,1,+,.,Name=CHR_4_2701-2710
4,LD information,LD block,1499852,1505397,1,+,.,Name=CHR_4_2711-2719
4,LD information,LD block,1505691,1505703,1,+,.,Name=CHR_4_2721-2722
4,LD information,LD block,1505869,1513733,1,+,.,Name=CHR_4_2723-2736
4,LD information,LD block,1514408,1517320,1,+,.,Name=CHR_4_2738-2743
4,LD information,LD block,1517858,1521747,1,+,.,Name=CHR_4_2745-2751
4,LD information,LD block,1522714,1523350,1,+,.,Name=CHR_4_2755-2759
4,LD information,LD block,1523444,1523446,1,+,.,Name=CHR_4_2761-2762
4,LD information,LD block,1523491,1523587,1,+,.,Name=CHR_4_2764-2767
5,LD information,LD block,8786,13449,1,+,.,Name=CHR_5_2768-2774
5,LD information,LD block,13639,18904,1,+,.,Name=CHR_5_2776-2782
5,LD information,LD block,19045,19084,1,+,.,Name=CHR_5_2785-2789
5,LD information,LD block,19504,19517,1,+,.,Name=CHR_5_2791-2793
5,LD information,LD block,21341,21533,1,+,.,Name=CHR_5_2795-2803
5,LD information,LD block,21552,21954,1,+,.,Name=CHR_5_2804-2806
5,LD information,LD block,22497,22502,1,+,.,Name=CHR_5_2807-2808
5,LD information,LD block,22625,22635,1,+,.,Name=CHR_5_2810-2811
5,LD information,LD block,22881,22917,1,+,.,Name=CHR_5_2814-2816
5,LD information,LD block,23224,23230,1,+,.,Name=CHR_5_2817-2818
5,LD information,LD block,23574,25103,1,+,.,Name=CHR_5_2819-2834
5,LD information,LD block,25485,26417,1,+,.,Name=CHR_5_2837-2840
5,LD information,LD block,27428,31451,1,+,.,Name=CHR_5_2841-2844
5,LD information,LD block,32038,38677,1,+,.,Name=CHR_5_2846-2861
5,LD information,LD block,41075,59261,1,+,.,Name=CHR_5_2863-2879
5,LD information,LD block,64504,72069,1,+,.,Name=CHR_5_2885-2898
5,LD information,LD block,74994,79230,1,+,.,Name=CHR_5_2900-2914
5,LD information,LD block,80396,83188,1,+,.,Name=CHR_5_2919-2922
5,LD information,LD block,87323,93878,1,+,.,Name=CHR_5_2925-2932
5,LD information,LD block,97629,99489,1,+,.,Name=CHR_5_2934-2943
5,LD information,LD block,102203,106822,1,+,.,Name=CHR_5_2947-2969
5,LD information,LD block,115925,116086,1,+,.,Name=CHR_5_2971-2972
5,LD information,LD block,119209,120796,1,+,.,Name=CHR_5_2974-2975
5,LD information,LD block,124644,132221,1,+,.,Name=CHR_5_2976-2981
5,LD information,LD block,134344,157488,1,+,.,Name=CHR_5_2984-2993
5,LD information,LD block,161956,192971,1,+,.,Name=CHR_5_2996-3028
5,LD information,LD block,196583,196585,1,+,.,Name=CHR_5_3029-3030
5,LD information,LD block,207275,212506,1,+,.,Name=CHR_5_3032-3041
5,LD information,LD block,214406,217319,1,+,.,Name=CHR_5_3042-3047
5,LD information,LD block,218253,223127,1,+,.,Name=CHR_5_3049-3065
5,LD information,LD block,225231,225280,1,+,.,Name=CHR_5_3066-3067
5,LD information,LD block,225400,225569,1,+,.,Name=CHR_5_3068-3070
5,LD information,LD block,227110,241225,1,+,.,Name=CHR_5_3072-3088
5,LD information,LD block,241984,243584,1,+,.,Name=CHR_5_3090-3093
5,LD information,LD block,245951,249350,1,+,.,Name=CHR_5_3095-3099
5,LD information,LD block,251602,258078,1,+,.,Name=CHR_5_3104-3110
5,LD information,LD block,260512,266244,1,+,.,Name=CHR_5_3113-3120
5,LD information,LD block,266246,268374,1,+,.,Name=CHR_5_3122-3127
5,LD information,LD block,269900,274156,1,+,.,Name=CHR_5_3128-3134
5,LD information,LD block,274280,285154,1,+,.,Name=CHR_5_3136-3143
5,LD information,LD block,290243,310175,1,+,.,Name=CHR_5_3146-3156
5,LD information,LD block,312612,317740,1,+,.,Name=CHR_5_3157-3162
5,LD information,LD block,320971,328525,1,+,.,Name=CHR_5_3164-3167
5,LD information,LD block,335406,336687,1,+,.,Name=CHR_5_3168-3170
5,LD information,LD block,341045,382369,1,+,.,Name=CHR_5_3171-3196
5,LD information,LD block,382808,390254,1,+,.,Name=CHR_5_3198-3202
5,LD information,LD block,391916,412759,1,+,.,Name=CHR_5_3203-3219
5,LD information,LD block,413385,430235,1,+,.,Name=CHR_5_3221-3230
5,LD information,LD block,430883,441594,1,+,.,Name=CHR_5_3232-3239
5,LD information,LD block,443369,443378,1,+,.,Name=CHR_5_3241-3244
5,LD information,LD block,451448,461234,1,+,.,Name=CHR_5_3245-3248
5,LD information,LD block,463004,469404,1,+,.,Name=CHR_5_3250-3255
5,LD information,LD block,475322,491888,1,+,.,Name=CHR_5_3256-3276
5,LD information,LD block,492146,509836,1,+,.,Name=CHR_5_3278-3283
5,LD information,LD block,511350,522215,1,+,.,Name=CHR_5_3285-3296
5,LD information,LD block,523232,529382,1,+,.,Name=CHR_5_3298-3305
5,LD information,LD block,532205,540682,1,+,.,Name=CHR_5_3307-3315
5,LD information,LD block,542346,549248,1,+,.,Name=CHR_5_3317-3329
5,LD information,LD block,549677,549802,1,+,.,Name=CHR_5_3330-3331
5,LD information,LD block,550708,554104,1,+,.,Name=CHR_5_3333-3339
5,LD information,LD block,554307,554308,1,+,.,Name=CHR_5_3341-3342
5,LD information,LD block,555454,561227,1,+,.,Name=CHR_5_3343-3360
5,LD information,LD block,561259,561510,1,+,.,Name=CHR_5_3361-3374
5,LD information,LD block,561524,561783,1,+,.,Name=CHR_5_3375-3393
5,LD information,LD block,561786,562097,1,+,.,Name=CHR_5_3394-3400
5,LD information,LD block,562116,563372,1,+,.,Name=CHR_5_3402-3436
5,LD information,LD block,563421,563427,1,+,.,Name=CHR_5_3437-3438
5,LD information,LD block,563452,563580,1,+,.,Name=CHR_5_3441-3446
5,LD information,LD block,563642,563661,1,+,.,Name=CHR_5_3449-3450
5,LD information,LD block,563665,563837,1,+,.,Name=CHR_5_3451-3456
5,LD information,LD block,563866,564360,1,+,.,Name=CHR_5_3458-3485
5,LD information,LD block,564372,564680,1,+,.,Name=CHR_5_3486-3506
5,LD information,LD block,564696,565254,1,+,.,Name=CHR_5_3507-3538
5,LD information,LD block,565293,565711,1,+,.,Name=CHR_5_3540-3558
5,LD information,LD block,565722,565808,1,+,.,Name=CHR_5_3559-3564
5,LD information,LD block,565834,565885,1,+,.,Name=CHR_5_3565-3567
5,LD information,LD block,566202,566580,1,+,.,Name=CHR_5_3568-3588
5,LD information,LD block,566740,566755,1,+,.,Name=CHR_5_3589-3590
6,LD information,LD block,12139,14958,1,+,.,Name=CHR_6_3591-3594
6,LD information,LD block,14985,15003,1,+,.,Name=CHR_6_3595-3597
6,LD information,LD block,16905,19887,1,+,.,Name=CHR_6_3598-3601
6,LD information,LD block,22804,26594,1,+,.,Name=CHR_6_3603-3606
6,LD information,LD block,27767,29838,1,+,.,Name=CHR_6_3611-3614
6,LD information,LD block,32438,57460,1,+,.,Name=CHR_6_3621-3657
6,LD information,LD block,62743,72514,1,+,.,Name=CHR_6_3660-3671
6,LD information,LD block,73433,74406,1,+,.,Name=CHR_6_3673-3674
6,LD information,LD block,74913,76427,1,+,.,Name=CHR_6_3676-3678
6,LD information,LD block,78316,83761,1,+,.,Name=CHR_6_3682-3690
6,LD information,LD block,88005,88006,1,+,.,Name=CHR_6_3692-3693
6,LD information,LD block,88398,92208,1,+,.,Name=CHR_6_3696-3701
6,LD information,LD block,95448,95468,1,+,.,Name=CHR_6_3702-3703
6,LD information,LD block,101306,101478,1,+,.,Name=CHR_6_3710-3713
6,LD information,LD block,106653,107527,1,+,.,Name=CHR_6_3717-3719
6,LD information,LD block,111711,116654,1,+,.,Name=CHR_6_3722-3726
6,LD information,LD block,118753,163435,1,+,.,Name=CHR_6_3727-3739
6,LD information,LD block,166074,167705,1,+,.,Name=CHR_6_3741-3747
6,LD information,LD block,167939,168223,1,+,.,Name=CHR_6_3749-3750
6,LD information,LD block,168572,179311,1,+,.,Name=CHR_6_3753-3757
6,LD information,LD block,180643,191665,1,+,.,Name=CHR_6_3759-3768
6,LD information,LD block,191937,193671,1,+,.,Name=CHR_6_3770-3773
6,LD information,LD block,199005,204681,1,+,.,Name=CHR_6_3774-3781
6,LD information,LD block,208815,208850,1,+,.,Name=CHR_6_3783-3784
6,LD information,LD block,211447,223299,1,+,.,Name=CHR_6_3786-3792
6,LD information,LD block,225352,226929,1,+,.,Name=CHR_6_3793-3796
6,LD information,LD block,227352,227356,1,+,.,Name=CHR_6_3798-3799
6,LD information,LD block,229335,245636,1,+,.,Name=CHR_6_3800-3817
6,LD information,LD block,245962,245963,1,+,.,Name=CHR_6_3819-3820
6,LD information,LD block,246705,252271,1,+,.,Name=CHR_6_3821-3824
6,LD information,LD block,253516,262244,1,+,.,Name=CHR_6_3826-3837
6,LD information,LD block,264000,270091,1,+,.,Name=CHR_6_3838-3851
6,LD information,LD block,270110,270132,1,+,.,Name=CHR_6_3852-3856
7,LD information,LD block,440,444,1,+,.,Name=CHR_7_3859-3860
7,LD information,LD block,595,603,1,+,.,Name=CHR_7_3861-3862
7,LD information,LD block,1581,5119,1,+,.,Name=CHR_7_3863-3864
7,LD information,LD block,11071,11076,1,+,.,Name=CHR_7_3866-3867
7,LD information,LD block,14747,16567,1,+,.,Name=CHR_7_3868-3869
7,LD information,LD block,17838,17843,1,+,.,Name=CHR_7_3872-3874
7,LD information,LD block,19896,20451,1,+,.,Name=CHR_7_3877-3879
7,LD information,LD block,21057,43683,1,+,.,Name=CHR_7_3881-3907
7,LD information,LD block,45565,55912,1,+,.,Name=CHR_7_3911-3925
7,LD information,LD block,62689,68513,1,+,.,Name=CHR_7_3927-3931
7,LD information,LD block,69394,69396,1,+,.,Name=CHR_7_3932-3933
7,LD information,LD block,80602,80609,1,+,.,Name=CHR_7_3938-3941
7,LD information,LD block,87147,88913,1,+,.,Name=CHR_7_3944-3948
7,LD information,LD block,90591,102167,1,+,.,Name=CHR_7_3950-3954
7,LD information,LD block,103626,114462,1,+,.,Name=CHR_7_3956-3962
7,LD information,LD block,115291,115294,1,+,.,Name=CHR_7_3963-3965
7,LD information,LD block,115759,122646,1,+,.,Name=CHR_7_3966-3969
7,LD information,LD block,128719,139844,1,+,.,Name=CHR_7_3970-3981
7,LD information,LD block,140293,140294,1,+,.,Name=CHR_7_3982-3983
7,LD information,LD block,140416,144443,1,+,.,Name=CHR_7_3984-3994
7,LD information,LD block,149219,154349,1,+,.,Name=CHR_7_3995-3999
7,LD information,LD block,158616,159442,1,+,.,Name=CHR_7_4001-4003
7,LD information,LD block,164509,166144,1,+,.,Name=CHR_7_4006-4007
7,LD information,LD block,166259,169205,1,+,.,Name=CHR_7_4010-4012
7,LD information,LD block,170660,170661,1,+,.,Name=CHR_7_4013-4014
7,LD information,LD block,174147,197274,1,+,.,Name=CHR_7_4017-4030
7,LD information,LD block,199802,203677,1,+,.,Name=CHR_7_4031-4036
7,LD information,LD block,206511,207921,1,+,.,Name=CHR_7_4042-4044
7,LD information,LD block,208986,209438,1,+,.,Name=CHR_7_4046-4047
7,LD information,LD block,225148,255972,1,+,.,Name=CHR_7_4048-4073
7,LD information,LD block,257392,267569,1,+,.,Name=CHR_7_4074-4079
7,LD information,LD block,272144,272365,1,+,.,Name=CHR_7_4080-4083
7,LD information,LD block,274400,276571,1,+,.,Name=CHR_7_4084-4086
7,LD information,LD block,283774,301066,1,+,.,Name=CHR_7_4088-4094
7,LD information,LD block,307209,307221,1,+,.,Name=CHR_7_4097-4098
7,LD information,LD block,307361,316663,1,+,.,Name=CHR_7_4099-4102
7,LD information,LD block,320913,321449,1,+,.,Name=CHR_7_4104-4105
7,LD information,LD block,321718,324640,1,+,.,Name=CHR_7_4108-4115
7,LD information,LD block,326640,347717,1,+,.,Name=CHR_7_4117-4141
7,LD information,LD block,351511,359010,1,+,.,Name=CHR_7_4143-4148
7,LD information,LD block,360441,366066,1,+,.,Name=CHR_7_4150-4159
7,LD information,LD block,366931,377575,1,+,.,Name=CHR_7_4161-4174
7,LD information,LD block,377578,379511,1,+,.,Name=CHR_7_4176-4179
7,LD information,LD block,389537,394456,1,+,.,Name=CHR_7_4181-4185
7,LD information,LD block,395909,397449,1,+,.,Name=CHR_7_4187-4189
7,LD information,LD block,398372,399178,1,+,.,Name=CHR_7_4191-4193
7,LD information,LD block,407454,409806,1,+,.,Name=CHR_7_4197-4200
7,LD information,LD block,409847,412555,1,+,.,Name=CHR_7_4202-4206
7,LD information,LD block,412717,414263,1,+,.,Name=CHR_7_4209-4214
7,LD information,LD block,414290,433131,1,+,.,Name=CHR_7_4216-4241
7,LD information,LD block,433461,433848,1,+,.,Name=CHR_7_4243-4247
7,LD information,LD block,433855,438823,1,+,.,Name=CHR_7_4249-4265
7,LD information,LD block,446235,449489,1,+,.,Name=CHR_7_4269-4271
7,LD information,LD block,454664,458995,1,+,.,Name=CHR_7_4272-4276
7,LD information,LD block,460296,467497,1,+,.,Name=CHR_7_4278-4286
7,LD information,LD block,469647,508787,1,+,.,Name=CHR_7_4290-4315
7,LD information,LD block,516852,531465,1,+,.,Name=CHR_7_4317-4323
7,LD information,LD block,533328,558857,1,+,.,Name=CHR_7_4325-4336
7,LD information,LD block,568033,592987,1,+,.,Name=CHR_7_4338-4363
7,LD information,LD block,593375,593377,1,+,.,Name=CHR_7_4364-4365
7,LD information,LD block,593465,605966,1,+,.,Name=CHR_7_4366-4382
7,LD information,LD block,607418,607495,1,+,.,Name=CHR_7_4383-4384
7,LD information,LD block,610875,616053,1,+,.,Name=CHR_7_4388-4393
7,LD information,LD block,616486,625864,1,+,.,Name=CHR_7_4396-4406
7,LD information,LD block,627187,627188,1,+,.,Name=CHR_7_4407-4408
7,LD information,LD block,627924,634684,1,+,.,Name=CHR_7_4409-4417
7,LD information,LD block,638015,644412,1,+,.,Name=CHR_7_4419-4429
7,LD information,LD block,645493,649406,1,+,.,Name=CHR_7_4431-4439
7,LD information,LD block,652017,653248,1,+,.,Name=CHR_7_4441-4446
7,LD information,LD block,656911,659935,1,+,.,Name=CHR_7_4447-4459
7,LD information,LD block,660023,676388,1,+,.,Name=CHR_7_4462-4475
7,LD information,LD block,678180,712998,1,+,.,Name=CHR_7_4479-4498
7,LD information,LD block,713462,727060,1,+,.,Name=CHR_7_4500-4515
7,LD information,LD block,727961,732233,1,+,.,Name=CHR_7_4517-4525
7,LD information,LD block,738918,739354,1,+,.,Name=CHR_7_4527-4530
7,LD information,LD block,751217,762575,1,+,.,Name=CHR_7_4531-4538
7,LD information,LD block,766310,769305,1,+,.,Name=CHR_7_4540-4543
7,LD information,LD block,776465,784494,1,+,.,Name=CHR_7_4544-4547
7,LD information,LD block,785343,789160,1,+,.,Name=CHR_7_4550-4553
7,LD information,LD block,790984,793559,1,+,.,Name=CHR_7_4555-4563
7,LD information,LD block,796731,806826,1,+,.,Name=CHR_7_4569-4578
7,LD information,LD block,807907,810789,1,+,.,Name=CHR_7_4580-4588
7,LD information,LD block,823954,845626,1,+,.,Name=CHR_7_4590-4604
7,LD information,LD block,850794,854905,1,+,.,Name=CHR_7_4606-4610
7,LD information,LD block,858005,876475,1,+,.,Name=CHR_7_4614-4642
7,LD information,LD block,876542,876544,1,+,.,Name=CHR_7_4644-4645
7,LD information,LD block,877072,885002,1,+,.,Name=CHR_7_4649-4655
7,LD information,LD block,886493,912826,1,+,.,Name=CHR_7_4659-4692
7,LD information,LD block,920923,935765,1,+,.,Name=CHR_7_4696-4714
7,LD information,LD block,938096,947039,1,+,.,Name=CHR_7_4716-4728
7,LD information,LD block,950329,950863,1,+,.,Name=CHR_7_4730-4731
7,LD information,LD block,952040,957457,1,+,.,Name=CHR_7_4733-4737
7,LD information,LD block,962982,967795,1,+,.,Name=CHR_7_4738-4742
7,LD information,LD block,968764,972869,1,+,.,Name=CHR_7_4744-4747
7,LD information,LD block,975368,981478,1,+,.,Name=CHR_7_4749-4753
7,LD information,LD block,982432,983018,1,+,.,Name=CHR_7_4755-4757
7,LD information,LD block,985833,1008513,1,+,.,Name=CHR_7_4760-4783
7,LD information,LD block,1012575,1012595,1,+,.,Name=CHR_7_4788-4789
7,LD information,LD block,1017880,1039044,1,+,.,Name=CHR_7_4790-4807
7,LD information,LD block,1039884,1047587,1,+,.,Name=CHR_7_4809-4822
7,LD information,LD block,1048750,1049339,1,+,.,Name=CHR_7_4827-4828
7,LD information,LD block,1051846,1051850,1,+,.,Name=CHR_7_4829-4830
7,LD information,LD block,1057307,1066735,1,+,.,Name=CHR_7_4831-4836
8,LD information,LD block,13662,35378,1,+,.,Name=CHR_8_4842-4863
8,LD information,LD block,37633,45571,1,+,.,Name=CHR_8_4865-4879
8,LD information,LD block,48214,48299,1,+,.,Name=CHR_8_4881-4883
8,LD information,LD block,50901,56351,1,+,.,Name=CHR_8_4884-4891
8,LD information,LD block,56423,56424,1,+,.,Name=CHR_8_4892-4893
8,LD information,LD block,57912,58345,1,+,.,Name=CHR_8_4894-4895
8,LD information,LD block,59614,63915,1,+,.,Name=CHR_8_4897-4901
8,LD information,LD block,64505,65889,1,+,.,Name=CHR_8_4903-4904
8,LD information,LD block,68955,71830,1,+,.,Name=CHR_8_4906-4910
8,LD information,LD block,72011,72021,1,+,.,Name=CHR_8_4912-4913
8,LD information,LD block,74739,74975,1,+,.,Name=CHR_8_4914-4916
8,LD information,LD block,78664,78809,1,+,.,Name=CHR_8_4917-4918
8,LD information,LD block,79061,85218,1,+,.,Name=CHR_8_4920-4929
8,LD information,LD block,85386,85389,1,+,.,Name=CHR_8_4930-4931
8,LD information,LD block,92161,105346,1,+,.,Name=CHR_8_4932-4946
8,LD information,LD block,105610,105611,1,+,.,Name=CHR_8_4947-4948
8,LD information,LD block,110021,122655,1,+,.,Name=CHR_8_4951-4978
8,LD information,LD block,131678,131702,1,+,.,Name=CHR_8_4982-4983
8,LD information,LD block,134839,140065,1,+,.,Name=CHR_8_4986-4992
8,LD information,LD block,143451,144671,1,+,.,Name=CHR_8_4994-4996
8,LD information,LD block,150593,170419,1,+,.,Name=CHR_8_4998-5037
8,LD information,LD block,175778,179821,1,+,.,Name=CHR_8_5041-5043
8,LD information,LD block,183857,188958,1,+,.,Name=CHR_8_5044-5048
8,LD information,LD block,190366,193438,1,+,.,Name=CHR_8_5049-5056
8,LD information,LD block,194308,194338,1,+,.,Name=CHR_8_5057-5058
8,LD information,LD block,194446,194658,1,+,.,Name=CHR_8_5059-5072
8,LD information,LD block,197968,206590,1,+,.,Name=CHR_8_5074-5095
8,LD information,LD block,219145,220430,1,+,.,Name=CHR_8_5101-5103
8,LD information,LD block,221382,221395,1,+,.,Name=CHR_8_5104-5106
8,LD information,LD block,223812,231269,1,+,.,Name=CHR_8_5107-5112
8,LD information,LD block,239187,289717,1,+,.,Name=CHR_8_5118-5150
8,LD information,LD block,291360,291363,1,+,.,Name=CHR_8_5151-5152
8,LD information,LD block,292640,334860,1,+,.,Name=CHR_8_5153-5180
8,LD information,LD block,337892,368026,1,+,.,Name=CHR_8_5181-5212
8,LD information,LD block,369658,375406,1,+,.,Name=CHR_8_5213-5223
8,LD information,LD block,375520,375742,1,+,.,Name=CHR_8_5225-5226
8,LD information,LD block,380610,385228,1,+,.,Name=CHR_8_5231-5242
8,LD information,LD block,386144,386883,1,+,.,Name=CHR_8_5246-5250
8,LD information,LD block,389013,389018,1,+,.,Name=CHR_8_5251-5253
8,LD information,LD block,389922,390246,1,+,.,Name=CHR_8_5257-5260
8,LD information,LD block,391989,402964,1,+,.,Name=CHR_8_5262-5273
8,LD information,LD block,409226,420017,1,+,.,Name=CHR_8_5275-5283
8,LD information,LD block,421095,422657,1,+,.,Name=CHR_8_5285-5287
8,LD information,LD block,425448,445835,1,+,.,Name=CHR_8_5288-5305
8,LD information,LD block,448047,449957,1,+,.,Name=CHR_8_5307-5308
8,LD information,LD block,452309,452328,1,+,.,Name=CHR_8_5309-5311
8,LD information,LD block,453479,453534,1,+,.,Name=CHR_8_5312-5313
8,LD information,LD block,455745,461438,1,+,.,Name=CHR_8_5316-5325
8,LD information,LD block,465075,465742,1,+,.,Name=CHR_8_5329-5332
8,LD information,LD block,466475,474485,1,+,.,Name=CHR_8_5333-5339
8,LD information,LD block,474521,474628,1,+,.,Name=CHR_8_5340-5342
8,LD information,LD block,475895,481335,1,+,.,Name=CHR_8_5345-5349
8,LD information,LD block,484694,509537,1,+,.,Name=CHR_8_5350-5375
8,LD information,LD block,517167,517642,1,+,.,Name=CHR_8_5376-5377
8,LD information,LD block,519219,520123,1,+,.,Name=CHR_8_5379-5383
8,LD information,LD block,521047,525401,1,+,.,Name=CHR_8_5385-5401
8,LD information,LD block,525441,525442,1,+,.,Name=CHR_8_5402-5403
8,LD information,LD block,525451,525454,1,+,.,Name=CHR_8_5405-5406
8,LD information,LD block,526127,528155,1,+,.,Name=CHR_8_5409-5411
8,LD information,LD block,529025,529350,1,+,.,Name=CHR_8_5412-5413
8,LD information,LD block,553978,553996,1,+,.,Name=CHR_8_5418-5419
8,LD information,LD block,554135,554151,1,+,.,Name=CHR_8_5422-5425
8,LD information,LD block,556476,556515,1,+,.,Name=CHR_8_5433-5434
9,LD information,LD block,19625,20087,1,+,.,Name=CHR_9_5436-5438
9,LD information,LD block,20731,20738,1,+,.,Name=CHR_9_5439-5440
9,LD information,LD block,25061,27016,1,+,.,Name=CHR_9_5441-5443
9,LD information,LD block,27399,36687,1,+,.,Name=CHR_9_5445-5459
9,LD information,LD block,37379,49801,1,+,.,Name=CHR_9_5461-5471
9,LD information,LD block,51500,51605,1,+,.,Name=CHR_9_5472-5473
9,LD information,LD block,57000,69330,1,+,.,Name=CHR_9_5474-5484
9,LD information,LD block,69730,94251,1,+,.,Name=CHR_9_5489-5551
9,LD information,LD block,97282,105244,1,+,.,Name=CHR_9_5552-5558
9,LD information,LD block,105326,105420,1,+,.,Name=CHR_9_5559-5565
9,LD information,LD block,105901,127913,1,+,.,Name=CHR_9_5566-5587
9,LD information,LD block,128717,144955,1,+,.,Name=CHR_9_5588-5618
9,LD information,LD block,150327,161933,1,+,.,Name=CHR_9_5621-5630
9,LD information,LD block,163075,169345,1,+,.,Name=CHR_9_5631-5636
9,LD information,LD block,171609,176841,1,+,.,Name=CHR_9_5640-5646
9,LD information,LD block,177598,178365,1,+,.,Name=CHR_9_5648-5650
9,LD information,LD block,180087,180379,1,+,.,Name=CHR_9_5652-5654
9,LD information,LD block,183658,193013,1,+,.,Name=CHR_9_5656-5661
9,LD information,LD block,195445,196154,1,+,.,Name=CHR_9_5662-5664
9,LD information,LD block,197752,198256,1,+,.,Name=CHR_9_5666-5668
9,LD information,LD block,198339,204151,1,+,.,Name=CHR_9_5670-5678
9,LD information,LD block,210740,240673,1,+,.,Name=CHR_9_5680-5701
9,LD information,LD block,241200,241201,1,+,.,Name=CHR_9_5702-5703
9,LD information,LD block,242937,243866,1,+,.,Name=CHR_9_5704-5715
9,LD information,LD block,244149,245890,1,+,.,Name=CHR_9_5717-5726
9,LD information,LD block,247491,247495,1,+,.,Name=CHR_9_5727-5729
9,LD information,LD block,249562,254003,1,+,.,Name=CHR_9_5731-5741
9,LD information,LD block,254025,257350,1,+,.,Name=CHR_9_5742-5761
9,LD information,LD block,257480,258900,1,+,.,Name=CHR_9_5764-5774
9,LD information,LD block,260986,267785,1,+,.,Name=CHR_9_5778-5786
9,LD information,LD block,268262,268445,1,+,.,Name=CHR_9_5788-5791
9,LD information,LD block,270827,273993,1,+,.,Name=CHR_9_5794-5798
9,LD information,LD block,276483,286125,1,+,.,Name=CHR_9_5799-5807
9,LD information,LD block,289043,299767,1,+,.,Name=CHR_9_5809-5816
9,LD information,LD block,303507,310436,1,+,.,Name=CHR_9_5819-5824
9,LD information,LD block,314400,317005,1,+,.,Name=CHR_9_5826-5829
9,LD information,LD block,322200,323432,1,+,.,Name=CHR_9_5831-5832
9,LD information,LD block,324397,324521,1,+,.,Name=CHR_9_5833-5835
9,LD information,LD block,328426,330993,1,+,.,Name=CHR_9_5836-5838
9,LD information,LD block,334958,354945,1,+,.,Name=CHR_9_5841-5863
9,LD information,LD block,356037,362828,1,+,.,Name=CHR_9_5866-5875
9,LD information,LD block,364558,379413,1,+,.,Name=CHR_9_5877-5890
9,LD information,LD block,379890,380935,1,+,.,Name=CHR_9_5891-5892
9,LD information,LD block,383530,385546,1,+,.,Name=CHR_9_5896-5904
9,LD information,LD block,387982,388000,1,+,.,Name=CHR_9_5908-5909
9,LD information,LD block,393791,395649,1,+,.,Name=CHR_9_5916-5923
9,LD information,LD block,396186,396464,1,+,.,Name=CHR_9_5926-5930
9,LD information,LD block,398401,398470,1,+,.,Name=CHR_9_5931-5932
9,LD information,LD block,399657,405593,1,+,.,Name=CHR_9_5933-5941
9,LD information,LD block,406743,419470,1,+,.,Name=CHR_9_5943-5955
9,LD information,LD block,419563,429181,1,+,.,Name=CHR_9_5957-5978
9,LD information,LD block,437940,437999,1,+,.,Name=CHR_9_5981-5982
10,LD information,LD block,26272,28835,1,+,.,Name=CHR_10_5983-5986
10,LD information,LD block,29208,36050,1,+,.,Name=CHR_10_5988-5994
10,LD information,LD block,41756,67697,1,+,.,Name=CHR_10_5995-6009
10,LD information,LD block,68934,73179,1,+,.,Name=CHR_10_6010-6012
10,LD information,LD block,75990,93721,1,+,.,Name=CHR_10_6015-6026
10,LD information,LD block,96002,96579,1,+,.,Name=CHR_10_6027-6028
10,LD information,LD block,101719,108931,1,+,.,Name=CHR_10_6030-6033
10,LD information,LD block,110053,113623,1,+,.,Name=CHR_10_6035-6038
10,LD information,LD block,116563,119720,1,+,.,Name=CHR_10_6040-6042
10,LD information,LD block,121811,133312,1,+,.,Name=CHR_10_6044-6050
10,LD information,LD block,139826,160258,1,+,.,Name=CHR_10_6055-6067
10,LD information,LD block,163124,176664,1,+,.,Name=CHR_10_6070-6081
10,LD information,LD block,179618,196310,1,+,.,Name=CHR_10_6083-6094
10,LD information,LD block,197415,197423,1,+,.,Name=CHR_10_6096-6097
10,LD information,LD block,197451,197458,1,+,.,Name=CHR_10_6098-6099
10,LD information,LD block,204807,226115,1,+,.,Name=CHR_10_6101-6112
10,LD information,LD block,226817,228775,1,+,.,Name=CHR_10_6113-6115
10,LD information,LD block,229802,233981,1,+,.,Name=CHR_10_6116-6119
10,LD information,LD block,236429,264881,1,+,.,Name=CHR_10_6120-6140
10,LD information,LD block,265910,268807,1,+,.,Name=CHR_10_6142-6149
10,LD information,LD block,269905,278431,1,+,.,Name=CHR_10_6151-6156
10,LD information,LD block,285600,291248,1,+,.,Name=CHR_10_6158-6163
10,LD information,LD block,293188,294588,1,+,.,Name=CHR_10_6165-6167
10,LD information,LD block,302826,340762,1,+,.,Name=CHR_10_6168-6193
10,LD information,LD block,346551,349573,1,+,.,Name=CHR_10_6196-6199
10,LD information,LD block,367390,367417,1,+,.,Name=CHR_10_6204-6206
10,LD information,LD block,369507,376605,1,+,.,Name=CHR_10_6207-6211
10,LD information,LD block,381270,385665,1,+,.,Name=CHR_10_6213-6220
10,LD information,LD block,386341,386341,1,+,.,Name=CHR_10_6222-6223
10,LD information,LD block,387183,387633,1,+,.,Name=CHR_10_6226-6227
10,LD information,LD block,396694,400117,1,+,.,Name=CHR_10_6231-6240
10,LD information,LD block,402350,416657,1,+,.,Name=CHR_10_6244-6268
10,LD information,LD block,416974,417330,1,+,.,Name=CHR_10_6270-6272
10,LD information,LD block,417351,424617,1,+,.,Name=CHR_10_6274-6286
10,LD information,LD block,425114,426072,1,+,.,Name=CHR_10_6288-6289
10,LD information,LD block,426682,426684,1,+,.,Name=CHR_10_6290-6291
10,LD information,LD block,426686,426687,1,+,.,Name=CHR_10_6292-6293
10,LD information,LD block,429055,435616,1,+,.,Name=CHR_10_6294-6298
10,LD information,LD block,436351,436355,1,+,.,Name=CHR_10_6299-6301
10,LD information,LD block,438861,461243,1,+,.,Name=CHR_10_6302-6318
10,LD information,LD block,463222,464142,1,+,.,Name=CHR_10_6320-6321
10,LD information,LD block,470995,492665,1,+,.,Name=CHR_10_6324-6327
10,LD information,LD block,497259,537627,1,+,.,Name=CHR_10_6329-6352
10,LD information,LD block,538102,539539,1,+,.,Name=CHR_10_6353-6356
10,LD information,LD block,543383,548227,1,+,.,Name=CHR_10_6358-6361
10,LD information,LD block,550151,557799,1,+,.,Name=CHR_10_6362-6377
10,LD information,LD block,564317,571888,1,+,.,Name=CHR_10_6378-6382
10,LD information,LD block,575574,578893,1,+,.,Name=CHR_10_6383-6387
10,LD information,LD block,581795,586368,1,+,.,Name=CHR_10_6389-6399
10,LD information,LD block,590619,592545,1,+,.,Name=CHR_10_6401-6406
10,LD information,LD block,594906,605865,1,+,.,Name=CHR_10_6408-6419
10,LD information,LD block,607274,610850,1,+,.,Name=CHR_10_6421-6423
10,LD information,LD block,611690,619631,1,+,.,Name=CHR_10_6426-6436
10,LD information,LD block,620582,627474,1,+,.,Name=CHR_10_6438-6442
10,LD information,LD block,629030,633866,1,+,.,Name=CHR_10_6445-6450
10,LD information,LD block,642106,652591,1,+,.,Name=CHR_10_6457-6466
10,LD information,LD block,652769,675971,1,+,.,Name=CHR_10_6468-6499
10,LD information,LD block,677377,701028,1,+,.,Name=CHR_10_6501-6536
10,LD information,LD block,703629,714924,1,+,.,Name=CHR_10_6538-6567
10,LD information,LD block,715567,728402,1,+,.,Name=CHR_10_6568-6594
10,LD information,LD block,745488,745492,1,+,.,Name=CHR_10_6595-6596
10,LD information,LD block,745649,745651,1,+,.,Name=CHR_10_6598-6599
11,LD information,LD block,1010,1012,1,+,.,Name=CHR_11_6602-6603
11,LD information,LD block,2602,2720,1,+,.,Name=CHR_11_6605-6607
11,LD information,LD block,2722,2745,1,+,.,Name=CHR_11_6608-6612
11,LD information,LD block,3277,3299,1,+,.,Name=CHR_11_6613-6614
11,LD information,LD block,3343,3363,1,+,.,Name=CHR_11_6615-6618
11,LD information,LD block,3391,7228,1,+,.,Name=CHR_11_6619-6640
11,LD information,LD block,7663,7691,1,+,.,Name=CHR_11_6642-6644
11,LD information,LD block,7717,8867,1,+,.,Name=CHR_11_6645-6659
11,LD information,LD block,8878,8909,1,+,.,Name=CHR_11_6660-6662
11,LD information,LD block,9097,19538,1,+,.,Name=CHR_11_6663-6747
11,LD information,LD block,19629,20142,1,+,.,Name=CHR_11_6750-6757
11,LD information,LD block,20203,22005,1,+,.,Name=CHR_11_6759-6780
11,LD information,LD block,25361,33534,1,+,.,Name=CHR_11_6782-6796
11,LD information,LD block,39138,40753,1,+,.,Name=CHR_11_6797-6799
11,LD information,LD block,46848,63444,1,+,.,Name=CHR_11_6802-6838
11,LD information,LD block,64101,64260,1,+,.,Name=CHR_11_6839-6841
11,LD information,LD block,66128,71811,1,+,.,Name=CHR_11_6844-6848
11,LD information,LD block,78793,78794,1,+,.,Name=CHR_11_6851-6852
11,LD information,LD block,81028,87266,1,+,.,Name=CHR_11_6856-6865
11,LD information,LD block,89429,92153,1,+,.,Name=CHR_11_6867-6870
11,LD information,LD block,96863,140338,1,+,.,Name=CHR_11_6872-6935
11,LD information,LD block,146291,195507,1,+,.,Name=CHR_11_6937-6985
11,LD information,LD block,196560,201652,1,+,.,Name=CHR_11_6987-6992
11,LD information,LD block,203111,230092,1,+,.,Name=CHR_11_6994-7030
11,LD information,LD block,236028,237829,1,+,.,Name=CHR_11_7034-7038
11,LD information,LD block,240765,264567,1,+,.,Name=CHR_11_7040-7059
11,LD information,LD block,270804,279317,1,+,.,Name=CHR_11_7061-7070
11,LD information,LD block,285019,303479,1,+,.,Name=CHR_11_7075-7083
11,LD information,LD block,307466,317558,1,+,.,Name=CHR_11_7085-7092
11,LD information,LD block,332693,333502,1,+,.,Name=CHR_11_7094-7095
11,LD information,LD block,335215,336742,1,+,.,Name=CHR_11_7097-7098
11,LD information,LD block,338730,350701,1,+,.,Name=CHR_11_7100-7115
11,LD information,LD block,352832,358455,1,+,.,Name=CHR_11_7117-7127
11,LD information,LD block,360267,369257,1,+,.,Name=CHR_11_7128-7137
11,LD information,LD block,372538,376286,1,+,.,Name=CHR_11_7138-7141
11,LD information,LD block,379841,379877,1,+,.,Name=CHR_11_7143-7145
11,LD information,LD block,380964,381658,1,+,.,Name=CHR_11_7147-7148
11,LD information,LD block,381673,382201,1,+,.,Name=CHR_11_7150-7153
11,LD information,LD block,384150,385019,1,+,.,Name=CHR_11_7156-7158
11,LD information,LD block,392685,393945,1,+,.,Name=CHR_11_7162-7164
11,LD information,LD block,394913,402086,1,+,.,Name=CHR_11_7167-7171
11,LD information,LD block,403233,428422,1,+,.,Name=CHR_11_7172-7190
11,LD information,LD block,431573,439973,1,+,.,Name=CHR_11_7194-7198
11,LD information,LD block,440451,445854,1,+,.,Name=CHR_11_7200-7214
11,LD information,LD block,446795,456846,1,+,.,Name=CHR_11_7215-7219
11,LD information,LD block,460484,464832,1,+,.,Name=CHR_11_7223-7227
11,LD information,LD block,465463,498694,1,+,.,Name=CHR_11_7230-7265
11,LD information,LD block,507721,516249,1,+,.,Name=CHR_11_7266-7273
11,LD information,LD block,517253,517936,1,+,.,Name=CHR_11_7275-7279
11,LD information,LD block,519384,523660,1,+,.,Name=CHR_11_7281-7287
11,LD information,LD block,532258,576352,1,+,.,Name=CHR_11_7292-7330
11,LD information,LD block,578734,578880,1,+,.,Name=CHR_11_7332-7333
11,LD information,LD block,580843,580882,1,+,.,Name=CHR_11_7334-7335
11,LD information,LD block,581051,605055,1,+,.,Name=CHR_11_7337-7349
11,LD information,LD block,614444,614658,1,+,.,Name=CHR_11_7355-7356
11,LD information,LD block,615691,615692,1,+,.,Name=CHR_11_7357-7358
11,LD information,LD block,615824,632234,1,+,.,Name=CHR_11_7359-7386
11,LD information,LD block,635532,645162,1,+,.,Name=CHR_11_7388-7406
11,LD information,LD block,666348,666421,1,+,.,Name=CHR_11_7407-7413
11,LD information,LD block,666492,666499,1,+,.,Name=CHR_11_7416-7418
12,LD information,LD block,13769,18624,1,+,.,Name=CHR_12_7421-7429
12,LD information,LD block,19930,19933,1,+,.,Name=CHR_12_7430-7432
12,LD information,LD block,20883,65441,1,+,.,Name=CHR_12_7433-7463
12,LD information,LD block,66967,80989,1,+,.,Name=CHR_12_7465-7480
12,LD information,LD block,82740,84341,1,+,.,Name=CHR_12_7481-7483
12,LD information,LD block,87080,87275,1,+,.,Name=CHR_12_7484-7485
12,LD information,LD block,91612,92115,1,+,.,Name=CHR_12_7486-7491
12,LD information,LD block,92163,92490,1,+,.,Name=CHR_12_7492-7496
12,LD information,LD block,92533,95610,1,+,.,Name=CHR_12_7497-7502
12,LD information,LD block,97129,97159,1,+,.,Name=CHR_12_7504-7507
12,LD information,LD block,98701,103019,1,+,.,Name=CHR_12_7508-7512
12,LD information,LD block,109468,119050,1,+,.,Name=CHR_12_7516-7521
12,LD information,LD block,123527,123551,1,+,.,Name=CHR_12_7525-7527
12,LD information,LD block,124218,124295,1,+,.,Name=CHR_12_7528-7529
12,LD information,LD block,126688,126769,1,+,.,Name=CHR_12_7530-7531
12,LD information,LD block,127341,128716,1,+,.,Name=CHR_12_7532-7535
12,LD information,LD block,130108,130435,1,+,.,Name=CHR_12_7539-7543
12,LD information,LD block,130739,132151,1,+,.,Name=CHR_12_7547-7556
12,LD information,LD block,132610,150544,1,+,.,Name=CHR_12_7559-7576
12,LD information,LD block,152081,173892,1,+,.,Name=CHR_12_7578-7589
12,LD information,LD block,180329,182813,1,+,.,Name=CHR_12_7591-7593
12,LD information,LD block,184955,196515,1,+,.,Name=CHR_12_7594-7608
12,LD information,LD block,196991,211932,1,+,.,Name=CHR_12_7612-7623
12,LD information,LD block,212271,222754,1,+,.,Name=CHR_12_7625-7632
12,LD information,LD block,224908,241614,1,+,.,Name=CHR_12_7634-7657
12,LD information,LD block,245473,251868,1,+,.,Name=CHR_12_7661-7671
12,LD information,LD block,253770,256127,1,+,.,Name=CHR_12_7673-7675
12,LD information,LD block,259766,263103,1,+,.,Name=CHR_12_7678-7684
12,LD information,LD block,266631,281460,1,+,.,Name=CHR_12_7687-7698
12,LD information,LD block,282691,282692,1,+,.,Name=CHR_12_7702-7703
12,LD information,LD block,282769,321460,1,+,.,Name=CHR_12_7705-7732
12,LD information,LD block,322765,327439,1,+,.,Name=CHR_12_7734-7738
12,LD information,LD block,331041,384824,1,+,.,Name=CHR_12_7740-7805
12,LD information,LD block,387634,388695,1,+,.,Name=CHR_12_7807-7808
12,LD information,LD block,394590,420304,1,+,.,Name=CHR_12_7809-7832
12,LD information,LD block,423791,425540,1,+,.,Name=CHR_12_7834-7836
12,LD information,LD block,430049,441152,1,+,.,Name=CHR_12_7838-7848
12,LD information,LD block,441612,443164,1,+,.,Name=CHR_12_7850-7860
12,LD information,LD block,449184,449482,1,+,.,Name=CHR_12_7862-7863
12,LD information,LD block,450044,451397,1,+,.,Name=CHR_12_7866-7867
12,LD information,LD block,490980,510268,1,+,.,Name=CHR_12_7874-7905
12,LD information,LD block,511533,514437,1,+,.,Name=CHR_12_7907-7913
12,LD information,LD block,514956,520399,1,+,.,Name=CHR_12_7914-7919
12,LD information,LD block,528235,530174,1,+,.,Name=CHR_12_7920-7922
12,LD information,LD block,536833,543736,1,+,.,Name=CHR_12_7923-7929
12,LD information,LD block,545567,545673,1,+,.,Name=CHR_12_7931-7932
12,LD information,LD block,546061,546355,1,+,.,Name=CHR_12_7934-7935
12,LD information,LD block,548125,552056,1,+,.,Name=CHR_12_7937-7946
12,LD information,LD block,552743,553701,1,+,.,Name=CHR_12_7950-7953
12,LD information,LD block,553802,557933,1,+,.,Name=CHR_12_7955-7963
12,LD information,LD block,563492,563504,1,+,.,Name=CHR_12_7969-7971
12,LD information,LD block,563514,563530,1,+,.,Name=CHR_12_7972-7973
12,LD information,LD block,568225,599143,1,+,.,Name=CHR_12_7976-8002
12,LD information,LD block,599206,604413,1,+,.,Name=CHR_12_8004-8008
12,LD information,LD block,606111,609627,1,+,.,Name=CHR_12_8011-8016
12,LD information,LD block,614130,622770,1,+,.,Name=CHR_12_8017-8022
12,LD information,LD block,626279,634602,1,+,.,Name=CHR_12_8024-8032
12,LD information,LD block,642387,645078,1,+,.,Name=CHR_12_8034-8038
12,LD information,LD block,646861,657609,1,+,.,Name=CHR_12_8042-8045
12,LD information,LD block,659849,683588,1,+,.,Name=CHR_12_8046-8067
12,LD information,LD block,687604,687605,1,+,.,Name=CHR_12_8068-8069
12,LD information,LD block,687837,694457,1,+,.,Name=CHR_12_8070-8072
12,LD information,LD block,702459,703407,1,+,.,Name=CHR_12_8076-8078
12,LD information,LD block,705727,715889,1,+,.,Name=CHR_12_8080-8085
12,LD information,LD block,718170,719563,1,+,.,Name=CHR_12_8087-8088
12,LD information,LD block,723591,724131,1,+,.,Name=CHR_12_8092-8094
12,LD information,LD block,724833,777907,1,+,.,Name=CHR_12_8096-8131
12,LD information,LD block,783721,791308,1,+,.,Name=CHR_12_8133-8135
12,LD information,LD block,793293,811797,1,+,.,Name=CHR_12_8139-8167
12,LD information,LD block,818383,818386,1,+,.,Name=CHR_12_8168-8170
12,LD information,LD block,824912,825661,1,+,.,Name=CHR_12_8172-8173
12,LD information,LD block,827961,827963,1,+,.,Name=CHR_12_8174-8176
12,LD information,LD block,829417,829417,1,+,.,Name=CHR_12_8178-8179
12,LD information,LD block,829553,843963,1,+,.,Name=CHR_12_8181-8193
12,LD information,LD block,846897,873624,1,+,.,Name=CHR_12_8195-8216
12,LD information,LD block,873750,876059,1,+,.,Name=CHR_12_8219-8221
12,LD information,LD block,879953,888202,1,+,.,Name=CHR_12_8222-8227
12,LD information,LD block,892496,925356,1,+,.,Name=CHR_12_8231-8277
12,LD information,LD block,930981,950296,1,+,.,Name=CHR_12_8279-8288
12,LD information,LD block,954167,974973,1,+,.,Name=CHR_12_8289-8313
12,LD information,LD block,975675,976001,1,+,.,Name=CHR_12_8315-8316
12,LD information,LD block,982986,987115,1,+,.,Name=CHR_12_8320-8328
12,LD information,LD block,987160,1002243,1,+,.,Name=CHR_12_8330-8341
12,LD information,LD block,1006042,1006047,1,+,.,Name=CHR_12_8343-8344
12,LD information,LD block,1006086,1010871,1,+,.,Name=CHR_12_8347-8356
12,LD information,LD block,1012062,1013786,1,+,.,Name=CHR_12_8360-8362
12,LD information,LD block,1019116,1019132,1,+,.,Name=CHR_12_8366-8367
12,LD information,LD block,1019140,1019141,1,+,.,Name=CHR_12_8370-8371
12,LD information,LD block,1020161,1025145,1,+,.,Name=CHR_12_8372-8378
12,LD information,LD block,1028353,1057418,1,+,.,Name=CHR_12_8380-8403
12,LD information,LD block,1059123,1059495,1,+,.,Name=CHR_12_8404-8405
12,LD information,LD block,1059591,8312,1,+,.,Name=CHR_12_8407-8416
13,LD information,LD block,13831,14024,1,+,.,Name=CHR_13_8418-8425
13,LD information,LD block,26551,26591,1,+,.,Name=CHR_13_8429-8431
13,LD information,LD block,26795,26816,1,+,.,Name=CHR_13_8433-8434
13,LD information,LD block,29394,32516,1,+,.,Name=CHR_13_8435-8441
13,LD information,LD block,33821,33830,1,+,.,Name=CHR_13_8442-8443
13,LD information,LD block,43096,46758,1,+,.,Name=CHR_13_8445-8453
13,LD information,LD block,55098,56990,1,+,.,Name=CHR_13_8457-8458
13,LD information,LD block,58847,65881,1,+,.,Name=CHR_13_8460-8466
13,LD information,LD block,66821,97472,1,+,.,Name=CHR_13_8468-8518
13,LD information,LD block,97628,98766,1,+,.,Name=CHR_13_8520-8521
13,LD information,LD block,101281,111621,1,+,.,Name=CHR_13_8529-8536
13,LD information,LD block,114474,138830,1,+,.,Name=CHR_13_8538-8558
13,LD information,LD block,144518,159382,1,+,.,Name=CHR_13_8560-8571
13,LD information,LD block,162015,169888,1,+,.,Name=CHR_13_8573-8578
13,LD information,LD block,173500,176799,1,+,.,Name=CHR_13_8579-8580
13,LD information,LD block,179719,183474,1,+,.,Name=CHR_13_8582-8583
13,LD information,LD block,191678,205923,1,+,.,Name=CHR_13_8584-8586
13,LD information,LD block,209723,210558,1,+,.,Name=CHR_13_8588-8590
13,LD information,LD block,211631,217356,1,+,.,Name=CHR_13_8592-8599
13,LD information,LD block,223846,228874,1,+,.,Name=CHR_13_8600-8606
13,LD information,LD block,234266,254919,1,+,.,Name=CHR_13_8607-8618
13,LD information,LD block,255043,255043,1,+,.,Name=CHR_13_8619-8620
13,LD information,LD block,256853,263341,1,+,.,Name=CHR_13_8621-8628
13,LD information,LD block,268101,268108,1,+,.,Name=CHR_13_8629-8631
13,LD information,LD block,268336,302918,1,+,.,Name=CHR_13_8632-8656
13,LD information,LD block,309981,319136,1,+,.,Name=CHR_13_8657-8663
13,LD information,LD block,329611,331755,1,+,.,Name=CHR_13_8664-8668
13,LD information,LD block,333904,347381,1,+,.,Name=CHR_13_8670-8682
13,LD information,LD block,349796,352789,1,+,.,Name=CHR_13_8684-8688
13,LD information,LD block,355292,368822,1,+,.,Name=CHR_13_8690-8695
13,LD information,LD block,378887,394864,1,+,.,Name=CHR_13_8697-8722
13,LD information,LD block,396386,409846,1,+,.,Name=CHR_13_8723-8737
13,LD information,LD block,411379,418355,1,+,.,Name=CHR_13_8738-8745
13,LD information,LD block,426219,426224,1,+,.,Name=CHR_13_8746-8747
13,LD information,LD block,426996,489572,1,+,.,Name=CHR_13_8749-8792
13,LD information,LD block,489756,489758,1,+,.,Name=CHR_13_8794-8795
13,LD information,LD block,491360,503363,1,+,.,Name=CHR_13_8797-8807
13,LD information,LD block,503653,535737,1,+,.,Name=CHR_13_8809-8844
13,LD information,LD block,535862,538521,1,+,.,Name=CHR_13_8846-8854
13,LD information,LD block,539260,541424,1,+,.,Name=CHR_13_8857-8865
13,LD information,LD block,542130,554202,1,+,.,Name=CHR_13_8867-8879
13,LD information,LD block,559009,587156,1,+,.,Name=CHR_13_8882-8901
13,LD information,LD block,587658,587665,1,+,.,Name=CHR_13_8902-8903
13,LD information,LD block,588567,588570,1,+,.,Name=CHR_13_8905-8906
13,LD information,LD block,588573,588576,1,+,.,Name=CHR_13_8907-8908
13,LD information,LD block,588594,588597,1,+,.,Name=CHR_13_8912-8913
13,LD information,LD block,588600,588627,1,+,.,Name=CHR_13_8915-8919
13,LD information,LD block,588807,589215,1,+,.,Name=CHR_13_8921-8922
13,LD information,LD block,600543,607707,1,+,.,Name=CHR_13_8923-8932
13,LD information,LD block,612355,621167,1,+,.,Name=CHR_13_8938-8948
13,LD information,LD block,626195,650533,1,+,.,Name=CHR_13_8952-8970
13,LD information,LD block,653186,665729,1,+,.,Name=CHR_13_8973-8985
13,LD information,LD block,676107,698679,1,+,.,Name=CHR_13_8988-9019
13,LD information,LD block,698828,722436,1,+,.,Name=CHR_13_9020-9057
13,LD information,LD block,723430,751466,1,+,.,Name=CHR_13_9059-9098
13,LD information,LD block,753081,755881,1,+,.,Name=CHR_13_9100-9101
13,LD information,LD block,757834,770563,1,+,.,Name=CHR_13_9103-9115
13,LD information,LD block,776467,777558,1,+,.,Name=CHR_13_9118-9119
13,LD information,LD block,779242,793818,1,+,.,Name=CHR_13_9121-9127
13,LD information,LD block,796580,815529,1,+,.,Name=CHR_13_9128-9143
13,LD information,LD block,819594,852398,1,+,.,Name=CHR_13_9144-9174
13,LD information,LD block,856903,860589,1,+,.,Name=CHR_13_9176-9181
13,LD information,LD block,867636,873664,1,+,.,Name=CHR_13_9185-9190
13,LD information,LD block,874092,874116,1,+,.,Name=CHR_13_9191-9198
13,LD information,LD block,874125,874140,1,+,.,Name=CHR_13_9199-9201
13,LD information,LD block,874157,874182,1,+,.,Name=CHR_13_9202-9205
13,LD information,LD block,874197,874233,1,+,.,Name=CHR_13_9206-9211
13,LD information,LD block,874247,874276,1,+,.,Name=CHR_13_9212-9216
13,LD information,LD block,874287,888463,1,+,.,Name=CHR_13_9217-9224
13,LD information,LD block,888990,892748,1,+,.,Name=CHR_13_9226-9229
13,LD information,LD block,895661,912820,1,+,.,Name=CHR_13_9230-9250
13,LD information,LD block,914827,914829,1,+,.,Name=CHR_13_9253-9254
14,LD information,LD block,6906,6914,1,+,.,Name=CHR_14_9258-9260
14,LD information,LD block,6940,6946,1,+,.,Name=CHR_14_9262-9265
14,LD information,LD block,19935,26113,1,+,.,Name=CHR_14_9267-9273
14,LD information,LD block,33990,49825,1,+,.,Name=CHR_14_9279-9289
14,LD information,LD block,52664,95295,1,+,.,Name=CHR_14_9290-9317
14,LD information,LD block,102695,109881,1,+,.,Name=CHR_14_9319-9332
14,LD information,LD block,111897,116086,1,+,.,Name=CHR_14_9334-9337
14,LD information,LD block,119960,127328,1,+,.,Name=CHR_14_9338-9343
14,LD information,LD block,129960,138448,1,+,.,Name=CHR_14_9345-9349
14,LD information,LD block,141579,180459,1,+,.,Name=CHR_14_9351-9377
14,LD information,LD block,181078,181081,1,+,.,Name=CHR_14_9378-9379
14,LD information,LD block,182297,184811,1,+,.,Name=CHR_14_9380-9383
14,LD information,LD block,185411,196374,1,+,.,Name=CHR_14_9385-9402
14,LD information,LD block,198392,250690,1,+,.,Name=CHR_14_9403-9443
14,LD information,LD block,256840,257173,1,+,.,Name=CHR_14_9445-9446
14,LD information,LD block,264064,294413,1,+,.,Name=CHR_14_9448-9461
14,LD information,LD block,301186,332647,1,+,.,Name=CHR_14_9463-9494
14,LD information,LD block,334886,337563,1,+,.,Name=CHR_14_9496-9500
14,LD information,LD block,339992,340237,1,+,.,Name=CHR_14_9502-9503
14,LD information,LD block,345215,354457,1,+,.,Name=CHR_14_9505-9512
14,LD information,LD block,356409,372787,1,+,.,Name=CHR_14_9513-9525
14,LD information,LD block,373690,377751,1,+,.,Name=CHR_14_9527-9531
14,LD information,LD block,379436,389981,1,+,.,Name=CHR_14_9533-9540
14,LD information,LD block,394591,410127,1,+,.,Name=CHR_14_9541-9556
14,LD information,LD block,418168,437955,1,+,.,Name=CHR_14_9557-9573
14,LD information,LD block,441787,469870,1,+,.,Name=CHR_14_9575-9599
14,LD information,LD block,472613,485955,1,+,.,Name=CHR_14_9600-9605
14,LD information,LD block,489876,508681,1,+,.,Name=CHR_14_9607-9625
14,LD information,LD block,510823,525380,1,+,.,Name=CHR_14_9627-9629
14,LD information,LD block,527281,529589,1,+,.,Name=CHR_14_9631-9634
14,LD information,LD block,534351,539456,1,+,.,Name=CHR_14_9635-9641
14,LD information,LD block,543122,553785,1,+,.,Name=CHR_14_9642-9654
14,LD information,LD block,558289,560799,1,+,.,Name=CHR_14_9657-9664
14,LD information,LD block,560813,561322,1,+,.,Name=CHR_14_9666-9667
14,LD information,LD block,568268,568270,1,+,.,Name=CHR_14_9668-9669
14,LD information,LD block,568858,569044,1,+,.,Name=CHR_14_9670-9673
14,LD information,LD block,571968,572150,1,+,.,Name=CHR_14_9678-9684
14,LD information,LD block,572217,572252,1,+,.,Name=CHR_14_9685-9687
14,LD information,LD block,572330,572366,1,+,.,Name=CHR_14_9688-9689
14,LD information,LD block,574170,579044,1,+,.,Name=CHR_14_9694-9700
14,LD information,LD block,580002,593538,1,+,.,Name=CHR_14_9703-9714
14,LD information,LD block,599354,599392,1,+,.,Name=CHR_14_9717-9718
14,LD information,LD block,599886,599892,1,+,.,Name=CHR_14_9719-9721
14,LD information,LD block,599947,599999,1,+,.,Name=CHR_14_9722-9725
14,LD information,LD block,600108,600153,1,+,.,Name=CHR_14_9727-9729
14,LD information,LD block,600272,600283,1,+,.,Name=CHR_14_9732-9733
14,LD information,LD block,600908,600923,1,+,.,Name=CHR_14_9734-9735
14,LD information,LD block,600931,600943,1,+,.,Name=CHR_14_9737-9741
14,LD information,LD block,602111,602388,1,+,.,Name=CHR_14_9743-9744
14,LD information,LD block,602396,602854,1,+,.,Name=CHR_14_9745-9749
14,LD information,LD block,604387,604387,1,+,.,Name=CHR_14_9752-9753
14,LD information,LD block,606273,616988,1,+,.,Name=CHR_14_9754-9763
14,LD information,LD block,619153,625946,1,+,.,Name=CHR_14_9765-9773
14,LD information,LD block,628795,628840,1,+,.,Name=CHR_14_9776-9777
14,LD information,LD block,628889,630753,1,+,.,Name=CHR_14_9778-9783
14,LD information,LD block,634460,650841,1,+,.,Name=CHR_14_9786-9803
14,LD information,LD block,651964,651987,1,+,.,Name=CHR_14_9806-9807
14,LD information,LD block,654230,654336,1,+,.,Name=CHR_14_9808-9809
14,LD information,LD block,668533,691878,1,+,.,Name=CHR_14_9812-9829
14,LD information,LD block,695359,701961,1,+,.,Name=CHR_14_9831-9836
14,LD information,LD block,704255,704301,1,+,.,Name=CHR_14_9837-9842
14,LD information,LD block,704451,704458,1,+,.,Name=CHR_14_9843-9845
14,LD information,LD block,704472,704486,1,+,.,Name=CHR_14_9847-9848
14,LD information,LD block,705287,716298,1,+,.,Name=CHR_14_9849-9865
14,LD information,LD block,719053,719403,1,+,.,Name=CHR_14_9868-9869
14,LD information,LD block,721219,726075,1,+,.,Name=CHR_14_9871-9873
14,LD information,LD block,726118,726350,1,+,.,Name=CHR_14_9875-9878
14,LD information,LD block,726392,726427,1,+,.,Name=CHR_14_9879-9881
14,LD information,LD block,726489,730900,1,+,.,Name=CHR_14_9882-9889
14,LD information,LD block,732176,743336,1,+,.,Name=CHR_14_9890-9898
14,LD information,LD block,746254,748072,1,+,.,Name=CHR_14_9899-9906
14,LD information,LD block,750743,750744,1,+,.,Name=CHR_14_9907-9908
14,LD information,LD block,750775,750904,1,+,.,Name=CHR_14_9910-9923
14,LD information,LD block,750914,751159,1,+,.,Name=CHR_14_9924-9936
14,LD information,LD block,751266,751286,1,+,.,Name=CHR_14_9938-9941
14,LD information,LD block,752169,752316,1,+,.,Name=CHR_14_9945-9947
14,LD information,LD block,752591,752737,1,+,.,Name=CHR_14_9948-9955
14,LD information,LD block,753367,763982,1,+,.,Name=CHR_14_9956-9982
14,LD information,LD block,764822,772497,1,+,.,Name=CHR_14_9984-9993
14,LD information,LD block,776400,780322,1,+,.,Name=CHR_14_9996-10001
14,LD information,LD block,783914,783929,1,+,.,Name=CHR_14_10007-10010
15,LD information,LD block,18025,18028,1,+,.,Name=CHR_15_10014-10016
15,LD information,LD block,24654,24655,1,+,.,Name=CHR_15_10019-10020
15,LD information,LD block,24667,28873,1,+,.,Name=CHR_15_10021-10032
15,LD information,LD block,30308,30790,1,+,.,Name=CHR_15_10036-10037
15,LD information,LD block,31471,32291,1,+,.,Name=CHR_15_10041-10048
15,LD information,LD block,32396,59142,1,+,.,Name=CHR_15_10050-10074
15,LD information,LD block,63560,70217,1,+,.,Name=CHR_15_10078-10085
15,LD information,LD block,70221,70222,1,+,.,Name=CHR_15_10086-10087
15,LD information,LD block,70894,86295,1,+,.,Name=CHR_15_10089-10102
15,LD information,LD block,94074,111081,1,+,.,Name=CHR_15_10105-10114
15,LD information,LD block,111138,113148,1,+,.,Name=CHR_15_10116-10118
15,LD information,LD block,113956,113958,1,+,.,Name=CHR_15_10119-10120
15,LD information,LD block,114031,136895,1,+,.,Name=CHR_15_10121-10150
15,LD information,LD block,141593,144887,1,+,.,Name=CHR_15_10153-10157
15,LD information,LD block,145130,145302,1,+,.,Name=CHR_15_10158-10159
15,LD information,LD block,149218,160644,1,+,.,Name=CHR_15_10160-10178
15,LD information,LD block,165912,185252,1,+,.,Name=CHR_15_10179-10203
15,LD information,LD block,187949,188149,1,+,.,Name=CHR_15_10206-10207
15,LD information,LD block,194895,195381,1,+,.,Name=CHR_15_10208-10212
15,LD information,LD block,197493,203284,1,+,.,Name=CHR_15_10213-10217
15,LD information,LD block,206850,216217,1,+,.,Name=CHR_15_10222-10227
15,LD information,LD block,217434,218248,1,+,.,Name=CHR_15_10233-10236
15,LD information,LD block,220986,226144,1,+,.,Name=CHR_15_10237-10242
15,LD information,LD block,227542,235211,1,+,.,Name=CHR_15_10245-10255
15,LD information,LD block,240287,255007,1,+,.,Name=CHR_15_10263-10278
15,LD information,LD block,261118,276632,1,+,.,Name=CHR_15_10281-10301
15,LD information,LD block,277467,277699,1,+,.,Name=CHR_15_10304-10306
15,LD information,LD block,278259,315509,1,+,.,Name=CHR_15_10308-10346
15,LD information,LD block,316405,329425,1,+,.,Name=CHR_15_10348-10354
15,LD information,LD block,334807,349540,1,+,.,Name=CHR_15_10356-10362
15,LD information,LD block,350076,351238,1,+,.,Name=CHR_15_10364-10366
15,LD information,LD block,356056,358094,1,+,.,Name=CHR_15_10368-10370
15,LD information,LD block,363969,370822,1,+,.,Name=CHR_15_10371-10377
15,LD information,LD block,372209,383674,1,+,.,Name=CHR_15_10380-10388
15,LD information,LD block,385904,397092,1,+,.,Name=CHR_15_10393-10403
15,LD information,LD block,408490,412551,1,+,.,Name=CHR_15_10405-10408
15,LD information,LD block,413284,414582,1,+,.,Name=CHR_15_10410-10411
15,LD information,LD block,421830,425338,1,+,.,Name=CHR_15_10413-10417
15,LD information,LD block,427884,427890,1,+,.,Name=CHR_15_10422-10424
15,LD information,LD block,430047,447362,1,+,.,Name=CHR_15_10425-10434
15,LD information,LD block,448815,448831,1,+,.,Name=CHR_15_10438-10441
15,LD information,LD block,449086,453019,1,+,.,Name=CHR_15_10442-10444
15,LD information,LD block,459550,462280,1,+,.,Name=CHR_15_10445-10454
15,LD information,LD block,465855,467889,1,+,.,Name=CHR_15_10459-10467
15,LD information,LD block,471823,479604,1,+,.,Name=CHR_15_10469-10478
15,LD information,LD block,483470,486874,1,+,.,Name=CHR_15_10479-10481
15,LD information,LD block,487554,488538,1,+,.,Name=CHR_15_10482-10483
15,LD information,LD block,491013,535075,1,+,.,Name=CHR_15_10486-10512
15,LD information,LD block,537874,580357,1,+,.,Name=CHR_15_10514-10539
15,LD information,LD block,587077,594139,1,+,.,Name=CHR_15_10542-10552
15,LD information,LD block,594819,594822,1,+,.,Name=CHR_15_10553-10554
15,LD information,LD block,600853,602954,1,+,.,Name=CHR_15_10555-10558
15,LD information,LD block,607382,660805,1,+,.,Name=CHR_15_10559-10625
15,LD information,LD block,663916,668514,1,+,.,Name=CHR_15_10626-10631
15,LD information,LD block,671034,674856,1,+,.,Name=CHR_15_10633-10635
15,LD information,LD block,676857,678393,1,+,.,Name=CHR_15_10637-10646
15,LD information,LD block,678404,678916,1,+,.,Name=CHR_15_10647-10653
15,LD information,LD block,678995,703056,1,+,.,Name=CHR_15_10656-10691
15,LD information,LD block,703622,703639,1,+,.,Name=CHR_15_10692-10697
15,LD information,LD block,710273,711322,1,+,.,Name=CHR_15_10698-10699
15,LD information,LD block,716842,720492,1,+,.,Name=CHR_15_10702-10706
15,LD information,LD block,729585,731742,1,+,.,Name=CHR_15_10707-10711
15,LD information,LD block,735908,737166,1,+,.,Name=CHR_15_10712-10715
15,LD information,LD block,745301,745306,1,+,.,Name=CHR_15_10716-10717
15,LD information,LD block,747552,751857,1,+,.,Name=CHR_15_10719-10724
15,LD information,LD block,757677,759381,1,+,.,Name=CHR_15_10726-10734
15,LD information,LD block,760114,768292,1,+,.,Name=CHR_15_10736-10759
15,LD information,LD block,774372,785154,1,+,.,Name=CHR_15_10761-10776
15,LD information,LD block,785674,822681,1,+,.,Name=CHR_15_10778-10814
15,LD information,LD block,823485,830933,1,+,.,Name=CHR_15_10816-10824
15,LD information,LD block,833802,834594,1,+,.,Name=CHR_15_10826-10827
15,LD information,LD block,841040,860696,1,+,.,Name=CHR_15_10828-10843
15,LD information,LD block,861655,876366,1,+,.,Name=CHR_15_10846-10860
15,LD information,LD block,880049,888555,1,+,.,Name=CHR_15_10862-10868
15,LD information,LD block,897914,908870,1,+,.,Name=CHR_15_10874-10888
15,LD information,LD block,911795,927535,1,+,.,Name=CHR_15_10892-10900
15,LD information,LD block,930562,943341,1,+,.,Name=CHR_15_10903-10913
15,LD information,LD block,950568,964403,1,+,.,Name=CHR_15_10915-10928
15,LD information,LD block,970097,970172,1,+,.,Name=CHR_15_10930-10936
15,LD information,LD block,970181,970266,1,+,.,Name=CHR_15_10937-10944
15,LD information,LD block,970285,970291,1,+,.,Name=CHR_15_10945-10949
15,LD information,LD block,976305,976308,1,+,.,Name=CHR_15_10950-10951
15,LD information,LD block,976367,976373,1,+,.,Name=CHR_15_10953-10954
15,LD information,LD block,977576,981687,1,+,.,Name=CHR_15_10956-10960
15,LD information,LD block,986923,987887,1,+,.,Name=CHR_15_10961-10962
15,LD information,LD block,991809,994943,1,+,.,Name=CHR_15_10963-10972
15,LD information,LD block,995180,1003372,1,+,.,Name=CHR_15_10973-10982
15,LD information,LD block,1004868,1036136,1,+,.,Name=CHR_15_10985-11006
15,LD information,LD block,1039474,1057321,1,+,.,Name=CHR_15_11009-11024
15,LD information,LD block,1058174,1071370,1,+,.,Name=CHR_15_11026-11038
15,LD information,LD block,1074569,1075194,1,+,.,Name=CHR_15_11044-11045
16,LD information,LD block,16662,16689,1,+,.,Name=CHR_16_11050-11051
16,LD information,LD block,16723,16724,1,+,.,Name=CHR_16_11052-11053
16,LD information,LD block,16737,16749,1,+,.,Name=CHR_16_11055-11058
16,LD information,LD block,19554,19582,1,+,.,Name=CHR_16_11063-11064
16,LD information,LD block,19930,19989,1,+,.,Name=CHR_16_11067-11068
16,LD information,LD block,24701,24708,1,+,.,Name=CHR_16_11076-11077
16,LD information,LD block,24966,24974,1,+,.,Name=CHR_16_11078-11079
16,LD information,LD block,24980,24983,1,+,.,Name=CHR_16_11081-11083
16,LD information,LD block,25057,25079,1,+,.,Name=CHR_16_11084-11087
16,LD information,LD block,25194,25209,1,+,.,Name=CHR_16_11090-11092
16,LD information,LD block,26510,28409,1,+,.,Name=CHR_16_11095-11098
16,LD information,LD block,29135,40552,1,+,.,Name=CHR_16_11100-11108
16,LD information,LD block,43046,43059,1,+,.,Name=CHR_16_11109-11111
16,LD information,LD block,43424,46114,1,+,.,Name=CHR_16_11112-11114
16,LD information,LD block,46765,48340,1,+,.,Name=CHR_16_11116-11118
16,LD information,LD block,53867,56308,1,+,.,Name=CHR_16_11120-11137
16,LD information,LD block,56451,56655,1,+,.,Name=CHR_16_11139-11141
16,LD information,LD block,62713,62719,1,+,.,Name=CHR_16_11142-11145
16,LD information,LD block,64013,64090,1,+,.,Name=CHR_16_11146-11150
16,LD information,LD block,64099,64240,1,+,.,Name=CHR_16_11151-11160
16,LD information,LD block,64299,64316,1,+,.,Name=CHR_16_11161-11164
16,LD information,LD block,64326,64353,1,+,.,Name=CHR_16_11165-11166
16,LD information,LD block,64540,83512,1,+,.,Name=CHR_16_11169-11201
16,LD information,LD block,86230,103110,1,+,.,Name=CHR_16_11203-11212
16,LD information,LD block,105267,105336,1,+,.,Name=CHR_16_11214-11215
16,LD information,LD block,110992,117072,1,+,.,Name=CHR_16_11216-11224
16,LD information,LD block,117654,129358,1,+,.,Name=CHR_16_11229-11244
16,LD information,LD block,132814,138809,1,+,.,Name=CHR_16_11246-11250
16,LD information,LD block,143053,163842,1,+,.,Name=CHR_16_11251-11277
16,LD information,LD block,166006,171898,1,+,.,Name=CHR_16_11281-11310
16,LD information,LD block,171982,172021,1,+,.,Name=CHR_16_11311-11312
16,LD information,LD block,172126,197237,1,+,.,Name=CHR_16_11313-11343
16,LD information,LD block,198072,211386,1,+,.,Name=CHR_16_11347-11357
16,LD information,LD block,212704,213411,1,+,.,Name=CHR_16_11360-11362
16,LD information,LD block,214724,244227,1,+,.,Name=CHR_16_11363-11394
16,LD information,LD block,248105,256672,1,+,.,Name=CHR_16_11396-11399
16,LD information,LD block,260943,270942,1,+,.,Name=CHR_16_11401-11414
16,LD information,LD block,271044,275336,1,+,.,Name=CHR_16_11416-11431
16,LD information,LD block,276423,277836,1,+,.,Name=CHR_16_11433-11443
16,LD information,LD block,278068,296048,1,+,.,Name=CHR_16_11445-11466
16,LD information,LD block,300317,347675,1,+,.,Name=CHR_16_11470-11516
16,LD information,LD block,349333,357487,1,+,.,Name=CHR_16_11517-11521
16,LD information,LD block,359549,382997,1,+,.,Name=CHR_16_11525-11537
16,LD information,LD block,385700,404629,1,+,.,Name=CHR_16_11540-11553
16,LD information,LD block,408647,423981,1,+,.,Name=CHR_16_11555-11563
16,LD information,LD block,426033,434477,1,+,.,Name=CHR_16_11567-11575
16,LD information,LD block,444059,454180,1,+,.,Name=CHR_16_11577-11584
16,LD information,LD block,463609,481940,1,+,.,Name=CHR_16_11588-11602
16,LD information,LD block,486479,491839,1,+,.,Name=CHR_16_11604-11609
16,LD information,LD block,493871,496734,1,+,.,Name=CHR_16_11610-11616
16,LD information,LD block,501341,521626,1,+,.,Name=CHR_16_11619-11634
16,LD information,LD block,522104,526392,1,+,.,Name=CHR_16_11638-11646
16,LD information,LD block,533665,535986,1,+,.,Name=CHR_16_11649-11653
16,LD information,LD block,537435,565119,1,+,.,Name=CHR_16_11655-11676
16,LD information,LD block,571530,572345,1,+,.,Name=CHR_16_11677-11679
16,LD information,LD block,572464,593213,1,+,.,Name=CHR_16_11681-11712
16,LD information,LD block,599525,599564,1,+,.,Name=CHR_16_11713-11714
16,LD information,LD block,600877,606674,1,+,.,Name=CHR_16_11717-11726
16,LD information,LD block,607971,619798,1,+,.,Name=CHR_16_11728-11742
16,LD information,LD block,622910,631047,1,+,.,Name=CHR_16_11744-11751
16,LD information,LD block,631703,641565,1,+,.,Name=CHR_16_11753-11761
16,LD information,LD block,652919,654906,1,+,.,Name=CHR_16_11765-11768
16,LD information,LD block,656034,656911,1,+,.,Name=CHR_16_11770-11775
16,LD information,LD block,659088,674766,1,+,.,Name=CHR_16_11777-11786
16,LD information,LD block,675943,678686,1,+,.,Name=CHR_16_11788-11790
16,LD information,LD block,685174,695195,1,+,.,Name=CHR_16_11794-11800
16,LD information,LD block,695787,697573,1,+,.,Name=CHR_16_11802-11803
16,LD information,LD block,698663,709840,1,+,.,Name=CHR_16_11805-11813
16,LD information,LD block,712765,744198,1,+,.,Name=CHR_16_11815-11844
16,LD information,LD block,745701,753099,1,+,.,Name=CHR_16_11846-11856
16,LD information,LD block,753557,769323,1,+,.,Name=CHR_16_11858-11863
16,LD information,LD block,777055,786138,1,+,.,Name=CHR_16_11866-11872
16,LD information,LD block,787485,836372,1,+,.,Name=CHR_16_11875-11910
16,LD information,LD block,839159,840560,1,+,.,Name=CHR_16_11912-11916
16,LD information,LD block,840628,840653,1,+,.,Name=CHR_16_11917-11918
16,LD information,LD block,841449,850422,1,+,.,Name=CHR_16_11919-11924
16,LD information,LD block,857866,859953,1,+,.,Name=CHR_16_11926-11930
16,LD information,LD block,862181,867326,1,+,.,Name=CHR_16_11932-11940
16,LD information,LD block,869725,873367,1,+,.,Name=CHR_16_11942-11946
16,LD information,LD block,879475,884119,1,+,.,Name=CHR_16_11948-11953
16,LD information,LD block,888040,905596,1,+,.,Name=CHR_16_11956-11973
16,LD information,LD block,911554,919752,1,+,.,Name=CHR_16_11976-11979
16,LD information,LD block,924612,934894,1,+,.,Name=CHR_16_11983-11999
16,LD information,LD block,939333,939663,1,+,.,Name=CHR_16_12005-12006
16,LD information,LD block,941355,941688,1,+,.,Name=CHR_16_12008-12010
16,LD information,LD block,942253,942296,1,+,.,Name=CHR_16_12011-12012
16,LD information,LD block,942573,942589,1,+,.,Name=CHR_16_12014-12016
17,LD information,LD block,8277,8284,1,+,.,Name=CHR_17_12020-12021
17,LD information,LD block,18991,18992,1,+,.,Name=CHR_17_12024-12025
17,LD information,LD block,19022,34281,1,+,.,Name=CHR_17_12026-12031
17,LD information,LD block,40367,40387,1,+,.,Name=CHR_17_12032-12034
17,LD information,LD block,44425,44467,1,+,.,Name=CHR_17_12035-12038
17,LD information,LD block,48148,48192,1,+,.,Name=CHR_17_12040-12041
17,LD information,LD block,65917,69095,1,+,.,Name=CHR_17_12048-12049
17,LD information,LD block,84245,84250,1,+,.,Name=CHR_17_12053-12054
